transaccion_id,usuario_id,tipo_transaccion,monto,hora_dia,dia_semana,destino_nuevo,antiguedad_cuenta_dias,promedio_monto_ultimos_30_dias,es_anomalia_real
TXN-001502,71,Transferencia,164232.78,12,Lunes,1,1201,149726.63,0
TXN-002587,115,Transferencia,137176.64,19,Domingo,0,857,104810.44,0
TXN-002654,28,Transferencia,203584.52,7,Domingo,0,408,174913.63,0
TXN-001056,35,Transferencia,148892.75,8,Lunes,0,1058,124592.0,0
TXN-000706,20,Pago de servicio,158057.98,13,Viernes,0,1530,183560.33,0
TXN-000107,106,Transferencia,10929.36,8,Domingo,0,157,43751.0,0
TXN-000590,126,Pago de servicio,67482.29,9,Lunes,1,852,83068.37,0
TXN-002469,134,Transferencia,108397.04,11,Viernes,0,819,136727.54,0
TXN-002414,98,Retiro,821755.97,18,Martes,0,845,457008.32,0
TXN-001601,119,Depósito,102124.52,15,Domingo,0,883,93640.74,0
TXN-002465,13,Depósito,124590.95,9,Martes,1,676,108421.19,0
TXN-000229,9,Retiro,113988.93,18,Jueves,0,1529,111389.56,0
TXN-000916,112,Depósito,101110.78,7,Lunes,0,1446,110514.32,0
TXN-000795,124,Transferencia,48874.52,13,Martes,0,1106,35734.99,0
TXN-003022,96,Pago de servicio,138006.26,16,Viernes,0,1662,178232.06,0
TXN-003544,117,Transferencia,193404.71,9,Lunes,0,541,232272.22,0
TXN-001074,115,Pago de servicio,141101.65,17,Viernes,0,857,114965.26,0
TXN-003352,109,Transferencia,146668.91,13,Jueves,0,1716,110907.01,0
TXN-001745,141,Pago de servicio,227264.18,12,Jueves,0,1153,245550.93,0
TXN-001085,114,Depósito,239712.17,12,Sábado,0,567,249962.74,0
TXN-000927,149,Pago de servicio,31938.31,18,Sábado,0,720,53462.25,0
TXN-003050,63,Pago de servicio,98648.44,13,Jueves,0,759,63433.8,0
TXN-001118,23,Transferencia,56098.28,18,Jueves,1,367,95541.44,0
TXN-000643,68,Transferencia,281002.6,9,Viernes,0,1564,244652.19,0
TXN-004768,97,Pago de servicio,40055.92,12,Domingo,1,1049,88896.97,0
TXN-000502,80,Retiro,176898.38,9,Viernes,0,1712,161753.4,0
TXN-004067,23,Pago de servicio,64516.01,21,Martes,0,367,95742.82,0
TXN-000334,28,Transferencia,256011.95,3,Viernes,0,408,179431.79,0
TXN-004685,50,Pago de servicio,78496.03,13,Sábado,1,662,85623.69,0
TXN-000487,86,Pago de servicio,61998.7,17,Jueves,1,367,64818.94,0
TXN-001963,147,Transferencia,139717.28,18,Miércoles,1,881,99684.38,0
TXN-000394,109,Pago de servicio,43474.22,12,Sábado,1,1716,116829.24,0
TXN-004843,149,Retiro,63109.35,18,Miércoles,0,720,52910.07,0
TXN-004867,64,Transferencia,56934.86,10,Miércoles,0,1469,86544.44,0
TXN-001756,7,Pago de servicio,54868.87,19,Miércoles,0,306,70574.09,0
TXN-002516,35,Pago de servicio,150082.43,5,Viernes,0,1058,134942.63,0
TXN-003586,3,Transferencia,88754.95,18,Jueves,0,1512,97748.07,0
TXN-004316,106,Pago de servicio,46536.23,10,Jueves,1,157,41295.89,0
TXN-004967,95,Transferencia,799362.65,4,Martes,1,1330,116580.71,1
TXN-002100,94,Retiro,87242.45,23,Jueves,1,592,68644.09,0
TXN-003600,113,Transferencia,47800.37,19,Lunes,0,1735,52227.66,0
TXN-004122,133,Transferencia,68632.44,18,Viernes,0,733,108146.36,0
TXN-000030,101,Pago de servicio,78166.19,16,Sábado,0,1090,78316.31,0
TXN-000066,20,Pago de servicio,315962.17,14,Martes,0,1530,214990.06,0
TXN-000839,123,Retiro,108218.23,9,Miércoles,0,1022,119024.48,0
TXN-003907,120,Transferencia,67618.78,12,Martes,0,1718,78995.99,0
TXN-003774,130,Transferencia,147925.45,15,Sábado,0,663,174096.21,0
TXN-004636,149,Pago de servicio,36191.03,17,Domingo,0,720,56361.86,0
TXN-003162,121,Transferencia,92799.78,4,Miércoles,0,1745,115803.36,0
TXN-002660,4,Transferencia,132295.36,11,Sábado,0,1426,96456.54,0
TXN-004616,57,Transferencia,69765.04,16,Sábado,0,1563,99431.81,0
TXN-004629,11,Pago de servicio,78964.48,17,Lunes,0,592,96421.1,0
TXN-002452,113,Retiro,41145.53,20,Sábado,0,1735,50171.79,0
TXN-002847,93,Transferencia,1000.0,10,Sábado,0,259,51506.5,0
TXN-001145,27,Depósito,267072.8,7,Sábado,0,448,147030.48,0
TXN-003079,4,Pago de servicio,91681.73,12,Miércoles,0,1426,75237.1,0
TXN-001104,60,Transferencia,43387.63,18,Martes,0,142,148744.61,0
TXN-000169,126,Transferencia,57519.42,9,Domingo,0,852,100246.34,0
TXN-001671,144,Depósito,24683.94,6,Jueves,0,1045,39004.27,0
TXN-002571,74,Transferencia,214488.01,7,Sábado,1,502,223122.57,0
TXN-002378,32,Transferencia,261086.49,21,Sábado,0,1781,188202.42,0
TXN-004396,104,Transferencia,97228.63,11,Miércoles,0,1169,106149.91,0
TXN-004258,86,Transferencia,96917.25,19,Jueves,0,367,54929.33,0
TXN-003863,114,Transferencia,125004.77,16,Lunes,0,567,221810.96,0
TXN-000024,1,Pago de servicio,142174.79,15,Martes,0,1125,123709.95,0
TXN-002634,15,Transferencia,89121.52,9,Lunes,0,121,76208.49,0
TXN-003341,119,Transferencia,94166.08,14,Jueves,0,883,92166.67,0
TXN-002216,102,Transferencia,128375.76,17,Viernes,0,1402,171373.79,0
TXN-003683,96,Retiro,207667.76,22,Domingo,1,1662,152038.4,0
TXN-004725,10,Pago de servicio,71305.27,19,Sábado,0,1005,78109.6,0
TXN-001908,103,Pago de servicio,146184.61,8,Lunes,0,729,136435.68,0
TXN-000085,7,Pago de servicio,41241.29,19,Jueves,0,306,78658.1,0
TXN-000228,43,Depósito,85315.33,14,Viernes,0,1752,54631.15,0
TXN-000297,107,Transferencia,48133.6,10,Viernes,0,599,44186.65,0
TXN-001002,62,Pago de servicio,141685.54,8,Viernes,0,414,135427.56,0
TXN-002139,25,Depósito,46450.25,20,Martes,1,522,40955.34,0
TXN-000712,126,Transferencia,891436.22,10,Martes,0,852,91111.8,1
TXN-002802,38,Retiro,327579.44,13,Martes,0,1607,284149.43,0
TXN-002528,36,Pago de servicio,31731.85,17,Lunes,0,532,76662.03,0
TXN-003753,102,Pago de servicio,218825.19,11,Viernes,0,1402,152928.92,0
TXN-003322,94,Pago de servicio,44015.08,15,Martes,0,592,61991.45,0
TXN-003182,3,Transferencia,103664.38,16,Martes,0,1512,84666.68,0
TXN-004184,73,Pago de servicio,37688.83,8,Jueves,1,901,64349.4,0
TXN-001616,66,Transferencia,130606.67,9,Viernes,0,796,105306.48,0
TXN-003025,141,Transferencia,484906.09,10,Miércoles,0,1153,274299.79,0
TXN-001414,4,Transferencia,69407.06,14,Viernes,0,1426,95252.73,0
TXN-000764,68,Transferencia,126125.7,11,Jueves,0,1564,245981.87,0
TXN-000656,50,Transferencia,82525.68,15,Viernes,0,662,76695.51,0
TXN-004798,23,Pago de servicio,101107.69,15,Sábado,1,367,103878.68,0
TXN-003850,6,Pago de servicio,205613.99,8,Miércoles,0,373,140711.93,0
TXN-004154,135,Depósito,78095.97,11,Miércoles,0,726,43336.49,0
TXN-000469,148,Retiro,88197.07,13,Viernes,0,719,88177.06,0
TXN-000158,34,Transferencia,179171.55,10,Miércoles,1,1792,247238.72,0
TXN-001296,54,Pago de servicio,50382.15,16,Martes,0,693,83033.72,0
TXN-000498,113,Retiro,93292.31,17,Jueves,0,1735,55082.84,0
TXN-004741,105,Pago de servicio,56457.23,15,Lunes,0,1214,64680.14,0
TXN-002941,127,Pago de servicio,54688.85,10,Sábado,0,1657,105019.05,0
TXN-003457,144,Retiro,45075.95,9,Domingo,0,1045,47926.75,0
TXN-000374,4,Pago de servicio,63393.69,17,Viernes,0,1426,84267.66,0
TXN-000080,20,Transferencia,309567.3,16,Lunes,0,1530,207338.95,0
TXN-001554,71,Depósito,179875.77,9,Martes,1,1201,172168.92,0
TXN-001670,103,Transferencia,40260.36,4,Martes,0,729,131246.96,0
TXN-002132,125,Transferencia,174626.13,9,Lunes,0,1403,198740.54,0
TXN-004440,100,Depósito,87831.01,17,Miércoles,1,1099,148394.1,0
TXN-000466,118,Transferencia,139307.65,20,Jueves,0,429,111771.99,0
TXN-000249,35,Transferencia,134418.27,8,Domingo,0,1058,106035.85,0
TXN-000932,6,Retiro,171875.99,8,Sábado,0,373,158510.2,0
TXN-001336,2,Transferencia,30902.2,17,Miércoles,1,1074,94340.39,0
TXN-004525,31,Depósito,25670.04,14,Miércoles,0,436,41806.58,0
TXN-001339,36,Transferencia,89066.22,14,Martes,1,532,63679.59,0
TXN-001407,148,Transferencia,639396.29,12,Domingo,1,719,81392.77,1
TXN-001091,58,Transferencia,63605.76,10,Martes,0,1439,88689.0,0
TXN-004210,33,Pago de servicio,114012.82,9,Martes,0,1600,169887.88,0
TXN-000743,48,Pago de servicio,124044.03,18,Jueves,0,1401,114266.45,0
TXN-002324,8,Retiro,53195.73,6,Jueves,0,489,128871.51,0
TXN-003602,43,Pago de servicio,47944.59,11,Sábado,0,1752,53802.68,0
TXN-002124,128,Pago de servicio,87235.84,15,Lunes,0,1399,76561.14,0
TXN-002095,49,Transferencia,164920.9,4,Martes,0,1430,143486.81,0
TXN-000241,86,Pago de servicio,70940.59,20,Martes,0,367,71971.13,0
TXN-002352,147,Pago de servicio,126598.22,15,Viernes,0,881,95109.96,0
TXN-001371,46,Pago de servicio,194810.45,12,Domingo,0,825,152499.15,0
TXN-001058,55,Pago de servicio,56690.74,15,Martes,0,1286,97825.65,0
TXN-004817,110,Depósito,100260.29,6,Viernes,0,1692,69359.96,0
TXN-000200,35,Transferencia,164537.45,13,Lunes,0,1058,111122.85,0
TXN-002281,78,Retiro,95870.42,6,Lunes,0,926,206387.81,0
TXN-004750,91,Transferencia,374927.02,19,Martes,1,984,58333.49,1
TXN-002221,114,Transferencia,162225.17,12,Martes,0,567,219917.9,0
TXN-004772,96,Pago de servicio,98851.08,20,Martes,0,1662,183249.45,0
TXN-002820,77,Transferencia,51867.58,17,Viernes,0,910,123861.63,0
TXN-003151,57,Transferencia,134088.33,18,Lunes,1,1563,84384.81,0
TXN-004257,101,Transferencia,71135.08,16,Jueves,1,1090,87767.8,0
TXN-003108,57,Pago de servicio,377924.67,2,Domingo,0,1563,98977.44,1
TXN-001974,37,Transferencia,83965.68,11,Sábado,0,236,97712.59,0
TXN-001376,26,Retiro,76152.34,16,Miércoles,1,1210,56665.69,0
TXN-003969,119,Transferencia,109329.57,10,Sábado,1,883,87457.82,0
TXN-004063,98,Pago de servicio,385065.62,18,Martes,0,845,486218.77,0
TXN-004446,102,Transferencia,196203.92,9,Jueves,0,1402,145219.46,0
TXN-003558,35,Transferencia,1012450.35,7,Domingo,0,1058,105380.95,1
TXN-000965,94,Transferencia,78911.34,17,Jueves,0,592,56838.55,0
TXN-000180,135,Pago de servicio,59384.62,17,Domingo,0,726,53116.92,0
TXN-003699,28,Transferencia,160316.72,4,Jueves,0,408,169994.58,0
TXN-003822,74,Transferencia,276470.44,7,Sábado,0,502,224017.46,0
TXN-004879,109,Depósito,149773.72,11,Sábado,0,1716,104640.6,0
TXN-003900,100,Depósito,130052.16,17,Miércoles,0,1099,128627.93,0
TXN-004488,15,Transferencia,91529.45,10,Lunes,0,121,67841.31,0
TXN-003239,97,Depósito,118634.79,10,Lunes,0,1049,95153.65,0
TXN-002975,17,Pago de servicio,131881.29,9,Miércoles,0,235,176572.53,0
TXN-003581,70,Transferencia,58598.51,19,Sábado,0,984,72967.58,0
TXN-002888,1,Transferencia,115444.89,15,Lunes,1,1125,122323.86,0
TXN-002576,144,Depósito,46499.08,8,Martes,0,1045,47950.06,0
TXN-001420,127,Pago de servicio,154472.23,11,Lunes,0,1657,90912.22,0
TXN-003908,138,Transferencia,165095.55,20,Lunes,0,503,143647.12,0
TXN-004674,113,Retiro,28243.52,19,Lunes,0,1735,48508.58,0
TXN-004903,99,Pago de servicio,85070.05,15,Domingo,0,187,59303.49,0
TXN-001861,102,Transferencia,116399.41,12,Sábado,0,1402,144642.47,0
TXN-000009,69,Pago de servicio,45401.95,21,Martes,0,689,52406.52,0
TXN-002895,52,Depósito,86349.45,13,Sábado,1,1464,110918.91,0
TXN-002848,83,Transferencia,84774.21,15,Lunes,0,1473,59334.76,0
TXN-003665,52,Transferencia,131588.81,14,Viernes,1,1464,131606.62,0
TXN-000145,9,Transferencia,155329.48,17,Viernes,1,1529,114254.79,0
TXN-002105,96,Transferencia,96052.05,19,Miércoles,0,1662,146419.9,0
TXN-003144,44,Transferencia,193340.95,6,Sábado,0,1139,157545.9,0
TXN-000842,101,Transferencia,109922.91,15,Viernes,1,1090,76429.56,0
TXN-001129,108,Transferencia,52808.61,8,Domingo,0,715,37335.02,0
TXN-000152,105,Transferencia,64633.92,14,Jueves,0,1214,61355.96,0
TXN-003592,130,Transferencia,136386.39,16,Miércoles,0,663,185412.37,0
TXN-001053,82,Transferencia,112827.59,13,Jueves,0,1726,106195.45,0
TXN-001591,82,Retiro,110568.81,12,Viernes,0,1726,104209.27,0
TXN-003009,8,Depósito,98331.49,6,Lunes,0,489,122841.01,0
TXN-002030,53,Pago de servicio,45290.07,8,Jueves,0,1287,44124.86,0
TXN-003419,57,Pago de servicio,122939.95,19,Domingo,0,1563,93032.57,0
TXN-001808,131,Pago de servicio,33495.9,17,Miércoles,0,1171,72902.1,0
TXN-002697,140,Transferencia,125862.63,2,Miércoles,0,386,48622.78,1
TXN-003040,35,Depósito,81390.18,12,Domingo,1,1058,130614.81,0
TXN-000473,42,Pago de servicio,49623.97,20,Martes,0,1708,104505.48,0
TXN-003290,93,Pago de servicio,77964.34,11,Lunes,0,259,58181.28,0
TXN-004075,25,Transferencia,32193.17,19,Miércoles,0,522,49185.57,0
TXN-003497,88,Retiro,22349.24,5,Lunes,0,190,59726.05,0
TXN-000280,82,Transferencia,201060.85,14,Viernes,0,1726,109390.1,0
TXN-001742,55,Transferencia,72976.9,16,Miércoles,0,1286,100169.92,0
TXN-004625,131,Transferencia,82542.34,18,Martes,0,1171,63917.19,0
TXN-002887,59,Pago de servicio,22006.25,15,Miércoles,0,1134,71894.1,0
TXN-001942,31,Transferencia,48454.79,14,Lunes,1,436,38521.25,0
TXN-000101,115,Retiro,122112.88,16,Lunes,0,857,108390.04,0
TXN-002805,8,Transferencia,113064.17,8,Viernes,0,489,133769.8,0
TXN-003571,79,Transferencia,114379.74,15,Sábado,0,1286,130553.47,0
TXN-003685,150,Depósito,69480.81,16,Sábado,0,1666,110472.82,0
TXN-003662,45,Retiro,185387.85,22,Viernes,1,1042,127242.25,0
TXN-000531,131,Pago de servicio,56402.92,20,Miércoles,0,1171,84589.9,0
TXN-001887,74,Transferencia,285740.89,7,Viernes,0,502,224692.96,0
TXN-000682,142,Pago de servicio,62194.88,5,Sábado,0,1233,44124.76,0
TXN-003795,15,Pago de servicio,792320.95,10,Miércoles,1,121,64533.83,1
TXN-003945,111,Transferencia,206832.14,5,Martes,0,1157,212361.07,0
TXN-004667,87,Transferencia,19409.42,18,Lunes,0,1734,15713.93,0
TXN-002019,57,Pago de servicio,92444.32,19,Viernes,0,1563,108380.88,0
TXN-001097,4,Transferencia,34943.16,13,Martes,0,1426,74866.53,0
TXN-000830,68,Transferencia,248938.64,8,Miércoles,0,1564,202628.16,0
TXN-002806,4,Depósito,80121.74,12,Jueves,0,1426,83087.03,0
TXN-003830,10,Transferencia,42108.16,17,Martes,0,1005,67893.98,0
TXN-004382,56,Retiro,123488.92,10,Sábado,0,1166,127123.35,0
TXN-003892,118,Transferencia,95851.35,18,Jueves,0,429,93742.05,0
TXN-000765,137,Transferencia,145511.59,17,Jueves,0,941,143324.78,0
TXN-002768,138,Transferencia,204869.08,16,Miércoles,0,503,148765.08,0
TXN-004329,5,Depósito,252797.1,13,Domingo,0,1362,220481.9,0
TXN-003296,16,Pago de servicio,68225.91,17,Domingo,0,1508,91192.93,0
TXN-002195,22,Transferencia,171931.25,12,Sábado,0,1305,121568.7,0
TXN-002358,101,Transferencia,129822.58,14,Martes,0,1090,87200.03,0
TXN-003426,20,Pago de servicio,211096.04,16,Jueves,0,1530,207922.5,0
TXN-003980,89,Pago de servicio,66967.7,9,Domingo,0,1557,89758.63,0
TXN-000912,11,Retiro,134964.82,18,Domingo,0,592,84556.39,0
TXN-003146,145,Depósito,64961.58,15,Lunes,0,365,47291.23,0
TXN-001000,131,Transferencia,50961.36,21,Sábado,0,1171,79867.96,0
TXN-003654,3,Transferencia,43712.39,16,Lunes,0,1512,75962.37,0
TXN-002484,23,Transferencia,109532.82,16,Domingo,0,367,89619.24,0
TXN-004077,51,Pago de servicio,178315.51,13,Lunes,1,739,121786.6,0
TXN-002371,133,Transferencia,162367.38,18,Jueves,0,733,111787.05,0
TXN-004839,8,Pago de servicio,114558.57,5,Viernes,0,489,149698.02,0
TXN-000034,28,Transferencia,234349.92,8,Viernes,0,408,183114.21,0
TXN-003790,11,Pago de servicio,31956.58,22,Viernes,0,592,82752.7,0
TXN-001021,36,Pago de servicio,86664.4,13,Miércoles,0,532,68236.58,0
TXN-001648,7,Transferencia,60698.57,19,Sábado,0,306,75556.23,0
TXN-000734,119,Depósito,136984.97,12,Martes,0,883,88055.34,0
TXN-004583,21,Retiro,160951.67,16,Domingo,0,1515,130957.24,0
TXN-003275,122,Transferencia,90788.96,15,Lunes,0,867,105353.71,0
TXN-001621,3,Transferencia,67739.95,16,Domingo,0,1512,85630.43,0
TXN-003136,36,Transferencia,50247.7,14,Viernes,0,532,65765.1,0
TXN-002690,50,Retiro,97349.25,19,Sábado,0,662,91105.45,0
TXN-002708,5,Retiro,377745.91,10,Domingo,0,1362,270028.68,0
TXN-000298,65,Transferencia,46414.21,13,Viernes,0,152,56839.84,0
TXN-002340,105,Transferencia,41460.71,15,Viernes,0,1214,66603.37,0
TXN-000654,30,Transferencia,80848.03,12,Jueves,1,230,74045.59,0
TXN-003775,11,Transferencia,67847.78,22,Lunes,0,592,89631.9,0
TXN-001256,108,Transferencia,24917.62,7,Jueves,1,715,33424.54,0
TXN-004521,80,Pago de servicio,181003.88,9,Viernes,0,1712,142785.42,0
TXN-000231,81,Transferencia,77293.63,12,Viernes,0,83,129230.67,0
TXN-003277,147,Transferencia,114874.7,12,Martes,0,881,109561.95,0
TXN-003231,150,Transferencia,171563.14,14,Domingo,0,1666,120958.47,0
TXN-000692,140,Transferencia,25921.06,20,Martes,0,386,56397.26,0
TXN-002755,15,Depósito,101373.21,8,Martes,0,121,62142.51,0
TXN-004864,62,Pago de servicio,130088.02,6,Sábado,0,414,112602.66,0
TXN-000970,95,Pago de servicio,74166.33,9,Viernes,1,1330,129644.63,0
TXN-000634,54,Depósito,100046.48,18,Domingo,0,693,72259.19,0
TXN-004093,49,Transferencia,109463.25,8,Jueves,0,1430,130343.02,0
TXN-004078,64,Transferencia,89880.37,11,Jueves,1,1469,71386.71,0
TXN-001322,63,Pago de servicio,85787.45,20,Jueves,0,759,78654.68,0
TXN-001832,141,Retiro,191450.3,16,Lunes,0,1153,269926.45,0
TXN-002179,15,Pago de servicio,78094.49,11,Viernes,0,121,61138.83,0
TXN-001418,83,Pago de servicio,27194.08,14,Lunes,0,1473,65929.91,0
TXN-001783,93,Pago de servicio,58691.9,12,Miércoles,0,259,58318.96,0
TXN-004716,98,Transferencia,667597.38,13,Domingo,0,845,551368.86,0
TXN-004702,29,Retiro,62962.89,18,Jueves,0,1081,90361.3,0
TXN-004119,3,Pago de servicio,80135.03,18,Jueves,1,1512,90315.68,0
TXN-001653,46,Pago de servicio,71142.0,14,Lunes,0,825,144826.09,0
TXN-001484,58,Retiro,102273.5,12,Domingo,0,1439,84792.32,0
TXN-002276,109,Transferencia,74136.74,12,Viernes,0,1716,104156.03,0
TXN-000878,33,Transferencia,158465.77,7,Miércoles,1,1600,192867.91,0
TXN-003526,88,Pago de servicio,31870.05,8,Lunes,0,190,52474.6,0
TXN-002017,99,Pago de servicio,55974.27,19,Domingo,0,187,49942.98,0
TXN-000427,150,Pago de servicio,85616.6,15,Lunes,0,1666,123641.06,0
TXN-000627,6,Depósito,202641.32,5,Domingo,0,373,165601.59,0
TXN-001590,17,Pago de servicio,128276.75,11,Martes,0,235,200881.4,0
TXN-002224,37,Retiro,68213.28,14,Miércoles,0,236,99142.74,0
TXN-002218,23,Pago de servicio,64896.36,16,Miércoles,0,367,80299.7,0
TXN-004484,30,Pago de servicio,98035.47,11,Jueves,0,230,66861.79,0
TXN-001486,51,Transferencia,142339.48,10,Martes,0,739,104821.28,0
TXN-001740,6,Transferencia,241729.49,9,Martes,0,373,142434.76,0
TXN-002481,35,Transferencia,85368.6,8,Lunes,0,1058,121565.88,0
TXN-002585,81,Pago de servicio,85680.75,13,Lunes,0,83,123767.89,0
TXN-002894,88,Transferencia,43122.27,12,Lunes,0,190,59736.95,0
TXN-000150,135,Transferencia,1000.0,9,Martes,0,726,55616.04,0
TXN-000677,32,Depósito,280355.45,14,Lunes,0,1781,169548.56,0
TXN-001262,109,Transferencia,137218.05,9,Martes,0,1716,103895.88,0
TXN-004918,143,Pago de servicio,176926.59,19,Miércoles,0,1661,221521.49,0
TXN-000013,37,Transferencia,102501.03,15,Jueves,1,236,101467.1,0
TXN-001834,36,Retiro,73359.93,17,Domingo,0,532,69087.98,0
TXN-003249,102,Retiro,144905.77,17,Lunes,1,1402,167162.51,0
TXN-001492,52,Pago de servicio,143265.48,14,Lunes,0,1464,124165.12,0
TXN-002728,104,Transferencia,136409.08,5,Miércoles,0,1169,82497.67,0
TXN-003687,148,Retiro,101443.6,18,Jueves,1,719,79750.15,0
TXN-001425,62,Pago de servicio,85745.8,10,Jueves,0,414,132170.12,0
TXN-004606,104,Transferencia,92228.2,9,Sábado,0,1169,91833.25,0
TXN-004596,32,Pago de servicio,181118.19,19,Viernes,1,1781,208351.95,0
TXN-000732,140,Pago de servicio,47797.44,18,Viernes,1,386,59992.38,0
TXN-001232,103,Pago de servicio,116379.32,6,Domingo,0,729,120984.6,0
TXN-001635,107,Transferencia,51412.23,12,Sábado,0,599,50581.76,0
TXN-003937,126,Transferencia,89439.04,6,Jueves,0,852,82486.19,0
TXN-001211,51,Transferencia,82495.8,13,Jueves,0,739,133480.3,0
TXN-003269,44,Transferencia,173229.24,12,Martes,0,1139,151198.81,0
TXN-001935,7,Retiro,102920.91,20,Lunes,1,306,75324.76,0
TXN-000554,115,Retiro,124274.35,16,Domingo,0,857,125076.14,0
TXN-000492,148,Transferencia,47136.08,11,Sábado,1,719,89644.05,0
TXN-002963,133,Transferencia,162092.23,15,Domingo,0,733,115164.12,0
TXN-002330,138,Transferencia,237184.0,17,Sábado,0,503,136070.89,0
TXN-002196,91,Transferencia,116749.99,15,Miércoles,1,984,56481.84,0
TXN-003065,73,Pago de servicio,43613.81,6,Sábado,0,901,57345.5,0
TXN-000658,103,Transferencia,127554.24,10,Martes,0,729,142645.68,0
TXN-002375,78,Pago de servicio,203934.66,8,Viernes,0,926,191762.8,0
TXN-002226,139,Retiro,13621.26,7,Viernes,0,1307,14292.12,0
TXN-004265,136,Pago de servicio,161713.07,19,Viernes,0,1273,101941.9,0
TXN-001171,136,Pago de servicio,238409.29,17,Miércoles,0,1273,113213.75,0
TXN-000133,53,Transferencia,52838.15,8,Miércoles,0,1287,36935.47,0
TXN-000472,110,Retiro,53830.47,11,Miércoles,1,1692,56078.39,0
TXN-003226,133,Transferencia,124771.62,18,Jueves,0,733,103921.07,0
TXN-001406,14,Pago de servicio,168139.5,13,Viernes,0,870,129971.27,0
TXN-002877,59,Pago de servicio,1022875.77,13,Jueves,0,1134,61413.32,1
TXN-004505,134,Pago de servicio,2232985.58,10,Jueves,0,819,155263.07,1
TXN-004693,99,Transferencia,34641.64,18,Lunes,0,187,55801.86,0
TXN-002827,141,Pago de servicio,216022.95,11,Miércoles,0,1153,226713.88,0
TXN-000288,57,Transferencia,96738.39,18,Domingo,0,1563,107254.99,0
TXN-001870,18,Retiro,392545.62,2,Miércoles,0,1615,135924.91,1
TXN-003115,7,Pago de servicio,81465.53,19,Sábado,0,306,80978.09,0
TXN-003626,41,Depósito,177545.06,16,Lunes,0,260,146734.08,0
TXN-002313,63,Transferencia,59872.84,15,Viernes,0,759,69839.15,0
TXN-004924,44,Retiro,133094.37,6,Lunes,0,1139,144991.31,0
TXN-001619,54,Pago de servicio,94157.12,15,Miércoles,0,693,73329.85,0
TXN-000995,87,Transferencia,13720.52,16,Domingo,0,1734,18442.32,0
TXN-001804,24,Transferencia,68844.71,11,Miércoles,0,821,73982.05,0
TXN-002643,36,Transferencia,699780.53,16,Lunes,0,532,64658.67,1
TXN-004803,47,Depósito,123603.0,20,Miércoles,0,1384,72191.01,0
TXN-003536,120,Pago de servicio,119354.2,6,Miércoles,0,1718,76000.49,0
TXN-004832,140,Depósito,55366.82,16,Miércoles,0,386,58701.75,0
TXN-003912,72,Pago de servicio,45810.92,19,Jueves,0,518,50037.57,0
TXN-002108,36,Transferencia,53893.58,20,Lunes,0,532,66980.53,0
TXN-003045,20,Transferencia,276984.83,17,Jueves,0,1530,173781.95,0
TXN-000417,104,Transferencia,120884.94,8,Domingo,0,1169,81969.45,0
TXN-000978,36,Pago de servicio,84821.26,17,Domingo,0,532,62878.95,0
TXN-002418,101,Transferencia,101223.08,14,Miércoles,0,1090,93253.21,0
TXN-000506,31,Retiro,37803.74,13,Martes,1,436,41101.64,0
TXN-004153,10,Depósito,26066.32,16,Miércoles,0,1005,69587.15,0
TXN-004256,61,Pago de servicio,124525.12,12,Lunes,1,1789,100498.26,0
TXN-003942,6,Pago de servicio,123819.71,6,Sábado,0,373,175141.37,0
TXN-000415,142,Depósito,47159.03,7,Sábado,0,1233,46690.43,0
TXN-004149,114,Pago de servicio,188286.08,9,Lunes,0,567,238084.24,0
TXN-001184,45,Retiro,141316.58,16,Sábado,0,1042,114058.21,0
TXN-000486,101,Transferencia,66146.23,16,Miércoles,0,1090,89001.67,0
TXN-000894,103,Retiro,63605.73,10,Jueves,0,729,120754.28,0
TXN-000806,53,Transferencia,36196.83,10,Sábado,0,1287,41029.04,0
TXN-000556,110,Pago de servicio,50637.68,9,Lunes,0,1692,58324.38,0
TXN-003826,57,Retiro,156474.39,16,Miércoles,0,1563,83715.14,0
TXN-001198,112,Pago de servicio,47899.59,5,Lunes,0,1446,102379.86,0
TXN-004254,123,Pago de servicio,63322.45,8,Viernes,0,1022,132146.22,0
TXN-004059,21,Transferencia,110417.01,15,Miércoles,1,1515,130752.87,0
TXN-001294,141,Pago de servicio,362589.22,15,Domingo,1,1153,295147.91,0
TXN-002222,146,Pago de servicio,116758.18,13,Domingo,0,287,129329.71,0
TXN-003505,26,Transferencia,75104.48,15,Jueves,0,1210,57440.0,0
TXN-003655,148,Transferencia,12849.43,12,Jueves,0,719,73706.49,0
TXN-004759,2,Transferencia,95007.99,18,Martes,0,1074,80038.39,0
TXN-003007,115,Transferencia,30882.13,20,Lunes,0,857,134536.23,0
TXN-002094,97,Pago de servicio,57158.23,12,Viernes,0,1049,84448.83,0
TXN-002188,117,Pago de servicio,387687.92,2,Jueves,0,541,249818.75,0
TXN-003037,118,Transferencia,123818.66,18,Viernes,1,429,97539.2,0
TXN-003919,115,Pago de servicio,156427.98,20,Jueves,0,857,133964.48,0
TXN-001273,86,Transferencia,73311.72,21,Lunes,0,367,72328.44,0
TXN-000291,83,Pago de servicio,79475.1,13,Lunes,0,1473,73961.03,0
TXN-004828,127,Pago de servicio,90597.99,8,Miércoles,1,1657,94164.24,0
TXN-000253,29,Pago de servicio,32875.78,16,Jueves,0,1081,85722.75,0
TXN-003246,90,Pago de servicio,100093.73,15,Viernes,0,1188,86350.41,0
TXN-000351,60,Transferencia,98740.65,15,Martes,0,142,146306.72,0
TXN-001188,100,Transferencia,153914.63,18,Lunes,0,1099,141041.71,0
TXN-001962,131,Transferencia,43165.81,23,Domingo,1,1171,67270.13,0
TXN-000423,100,Transferencia,228446.74,23,Sábado,0,1099,141344.81,0
TXN-000091,97,Retiro,115709.53,8,Lunes,0,1049,95098.18,0
TXN-003730,76,Transferencia,42900.92,11,Miércoles,0,173,35503.95,0
TXN-002237,27,Pago de servicio,155581.82,13,Domingo,1,448,120942.03,0
TXN-000671,67,Depósito,86996.76,5,Viernes,0,227,104205.9,0
TXN-003041,1,Transferencia,185535.66,18,Jueves,0,1125,114478.73,0
TXN-000027,117,Depósito,282296.43,8,Viernes,0,541,262123.44,0
TXN-000430,147,Transferencia,45961.14,14,Miércoles,0,881,111812.53,0
TXN-000684,87,Transferencia,14481.04,18,Miércoles,0,1734,18359.13,0
TXN-004464,150,Retiro,115886.39,14,Lunes,0,1666,122318.86,0
TXN-003946,129,Pago de servicio,151340.07,10,Jueves,0,1694,131588.32,0
TXN-003524,76,Pago de servicio,1982.91,15,Jueves,0,173,39249.58,0
TXN-001542,6,Transferencia,216729.8,9,Domingo,1,373,133932.93,0
TXN-002032,118,Pago de servicio,60670.27,20,Martes,0,429,113349.91,0
TXN-002233,139,Depósito,7484.15,10,Miércoles,0,1307,12233.11,0
TXN-004121,85,Pago de servicio,124592.97,18,Lunes,0,943,112117.17,0
TXN-003236,51,Transferencia,130184.98,15,Martes,1,739,104627.09,0
TXN-000255,119,Retiro,122564.07,12,Viernes,1,883,100282.18,0
TXN-001030,41,Depósito,206462.77,17,Lunes,0,260,152346.99,0
TXN-004393,112,Depósito,65944.1,7,Martes,1,1446,98992.66,0
TXN-003801,123,Transferencia,116653.96,12,Viernes,0,1022,117782.0,0
TXN-004311,119,Transferencia,65971.16,11,Viernes,0,883,102902.17,0
TXN-002510,60,Transferencia,206045.34,14,Jueves,0,142,112205.73,0
TXN-002293,89,Transferencia,190611.69,10,Lunes,0,1557,104302.47,0
TXN-001324,124,Pago de servicio,23192.02,13,Domingo,0,1106,32239.62,0
TXN-001551,94,Retiro,97915.1,19,Miércoles,0,592,56597.01,0
TXN-004648,7,Pago de servicio,10395.17,20,Martes,0,306,71251.39,0
TXN-000316,137,Transferencia,79448.59,17,Sábado,0,941,132575.83,0
TXN-001243,58,Pago de servicio,102382.39,12,Viernes,0,1439,89426.24,0
TXN-002451,91,Depósito,74904.94,19,Viernes,0,984,49661.67,0
TXN-001579,12,Transferencia,827491.62,18,Jueves,1,1620,83758.41,1
TXN-004626,77,Retiro,92692.52,16,Domingo,0,910,97837.1,0
TXN-003117,1,Transferencia,173889.04,15,Martes,0,1125,122816.07,0
TXN-000070,45,Pago de servicio,122142.47,18,Jueves,0,1042,122251.96,0
TXN-000860,48,Transferencia,76238.83,13,Jueves,0,1401,148058.47,0
TXN-002754,24,Transferencia,107278.25,11,Domingo,0,821,78330.54,0
TXN-001633,59,Depósito,38463.51,12,Jueves,0,1134,56884.2,0
TXN-001651,109,Transferencia,138211.08,12,Jueves,0,1716,121304.19,0
TXN-003861,62,Transferencia,79590.92,6,Sábado,0,414,117606.1,0
TXN-003107,51,Retiro,125699.05,13,Lunes,0,739,123077.3,0
TXN-001075,116,Pago de servicio,222679.85,13,Domingo,0,932,119840.51,0
TXN-004002,107,Depósito,64901.63,12,Martes,0,599,43808.73,0
TXN-000788,86,Transferencia,84663.95,18,Jueves,0,367,57731.66,0
TXN-002606,110,Transferencia,71232.54,4,Viernes,0,1692,66488.98,0
TXN-003631,40,Transferencia,52685.43,9,Miércoles,0,1050,80490.22,0
TXN-002122,104,Retiro,130480.82,6,Jueves,0,1169,103103.0,0
TXN-001875,49,Transferencia,175636.3,7,Viernes,0,1430,174078.25,0
TXN-000812,42,Transferencia,77413.2,16,Miércoles,0,1708,105169.68,0
TXN-000388,115,Depósito,1000.0,17,Domingo,1,857,116949.02,0
TXN-002883,49,Transferencia,183650.4,9,Viernes,0,1430,167769.37,0
TXN-001176,83,Pago de servicio,85909.49,13,Lunes,0,1473,67944.35,0
TXN-003198,75,Transferencia,117979.92,15,Lunes,0,1664,116477.46,0
TXN-002624,132,Transferencia,53555.61,16,Jueves,0,517,60901.69,0
TXN-001352,63,Transferencia,79743.26,21,Jueves,0,759,64930.09,0
TXN-000411,9,Pago de servicio,78588.05,19,Viernes,1,1529,93002.94,0
TXN-004213,118,Pago de servicio,117661.69,20,Viernes,0,429,103568.4,0
TXN-000110,13,Transferencia,1915193.59,11,Viernes,0,676,101007.47,1
TXN-004996,134,Transferencia,222821.5,12,Martes,0,819,156005.41,0
TXN-003430,27,Pago de servicio,103749.23,9,Miércoles,0,448,134596.97,0
TXN-002810,32,Pago de servicio,262489.34,17,Lunes,0,1781,171851.56,0
TXN-002595,117,Transferencia,208898.06,3,Jueves,0,541,204771.38,0
TXN-002837,7,Pago de servicio,85028.56,18,Viernes,0,306,73047.48,0
TXN-002373,39,Pago de servicio,39406.52,14,Jueves,0,1294,45390.5,0
TXN-001236,11,Pago de servicio,52568.06,21,Lunes,0,592,91441.54,0
TXN-002147,8,Transferencia,153489.38,8,Jueves,0,489,150813.85,0
TXN-004976,1,Depósito,159095.95,14,Miércoles,0,1125,144269.82,0
TXN-000600,137,Pago de servicio,149933.83,17,Viernes,0,941,114914.64,0
TXN-001435,62,Transferencia,118028.17,5,Jueves,1,414,113223.64,0
TXN-004997,20,Transferencia,282939.96,11,Miércoles,0,1530,189650.68,0
TXN-000539,117,Pago de servicio,243539.67,6,Martes,0,541,199317.59,0
TXN-000722,20,Transferencia,188809.26,14,Miércoles,1,1530,187942.05,0
TXN-004411,19,Transferencia,88708.23,13,Lunes,1,595,48170.41,0
TXN-001873,120,Transferencia,93319.65,9,Sábado,0,1718,71071.35,0
TXN-002846,115,Pago de servicio,119139.76,17,Jueves,0,857,103902.06,0
TXN-002054,132,Transferencia,56476.82,15,Martes,0,517,62075.07,0
TXN-002908,115,Pago de servicio,96097.17,17,Lunes,0,857,116242.33,0
TXN-002255,33,Pago de servicio,278209.18,12,Jueves,1,1600,164416.8,0
TXN-003913,6,Pago de servicio,148711.99,12,Martes,0,373,159133.2,0
TXN-000178,13,Retiro,44595.34,12,Jueves,0,676,84237.28,0
TXN-002891,56,Pago de servicio,161074.93,8,Miércoles,0,1166,134436.05,0
TXN-003674,5,Pago de servicio,173617.58,11,Sábado,0,1362,245356.95,0
TXN-000081,75,Transferencia,89837.53,15,Sábado,0,1664,115505.28,0
TXN-002562,80,Transferencia,159911.91,9,Viernes,0,1712,137554.17,0
TXN-001724,128,Retiro,101361.03,13,Domingo,0,1399,69301.05,0
TXN-001618,150,Transferencia,105267.55,17,Jueves,0,1666,124093.7,0
TXN-001655,62,Pago de servicio,134436.44,6,Jueves,0,414,103211.31,0
TXN-002329,150,Transferencia,177265.33,16,Lunes,0,1666,98856.25,0
TXN-004614,126,Pago de servicio,111177.08,5,Martes,0,852,101835.6,0
TXN-000222,84,Pago de servicio,107073.62,11,Domingo,0,133,97325.08,0
TXN-000094,98,Transferencia,441913.04,21,Martes,1,845,459165.34,0
TXN-002610,31,Pago de servicio,21620.32,15,Martes,1,436,40111.74,0
TXN-003383,149,Pago de servicio,53302.84,20,Lunes,0,720,47594.92,0
TXN-004416,18,Depósito,196457.61,7,Domingo,0,1615,120611.64,0
TXN-001398,149,Depósito,38379.69,20,Viernes,0,720,50976.41,0
TXN-004687,65,Transferencia,78339.31,8,Viernes,0,152,65814.45,0
TXN-001293,144,Transferencia,65003.56,7,Jueves,0,1045,36673.43,0
TXN-002165,57,Transferencia,86423.02,19,Miércoles,0,1563,88147.62,0
TXN-002940,32,Transferencia,306486.4,19,Sábado,0,1781,198326.01,0
TXN-003669,134,Pago de servicio,224800.95,12,Domingo,0,819,130775.76,0
TXN-000813,22,Transferencia,93802.53,12,Lunes,1,1305,117281.67,0
TXN-001259,54,Retiro,70576.79,19,Domingo,0,693,72677.34,0
TXN-000890,113,Transferencia,73075.43,17,Lunes,0,1735,52828.16,0
TXN-001452,40,Pago de servicio,1000.0,10,Martes,0,1050,82738.35,0
TXN-003317,67,Pago de servicio,49126.6,8,Miércoles,0,227,98507.27,0
TXN-002560,11,Transferencia,99495.22,19,Lunes,0,592,93604.19,0
TXN-003575,128,Transferencia,104632.54,15,Viernes,1,1399,73510.01,0
TXN-002681,100,Pago de servicio,120283.91,19,Martes,0,1099,123166.95,0
TXN-004652,9,Pago de servicio,112382.5,18,Jueves,0,1529,93554.92,0
TXN-004812,28,Pago de servicio,50574.93,5,Martes,0,408,191112.79,0
TXN-004680,117,Retiro,88405.35,7,Jueves,0,541,262048.48,0
TXN-002965,18,Pago de servicio,52642.52,7,Viernes,0,1615,120031.24,0
TXN-002673,109,Transferencia,148353.05,14,Jueves,0,1716,126474.69,0
TXN-000562,85,Retiro,96129.25,22,Viernes,0,943,123868.83,0
TXN-002779,132,Transferencia,39228.68,15,Miércoles,0,517,66139.47,0
TXN-002949,110,Transferencia,84602.29,8,Jueves,0,1692,55993.36,0
TXN-002818,92,Transferencia,87849.71,13,Jueves,0,499,193888.41,0
TXN-002759,146,Transferencia,137130.46,13,Martes,0,287,141248.62,0
TXN-001757,18,Transferencia,191920.41,7,Viernes,0,1615,109702.24,0
TXN-000725,65,Transferencia,71774.85,12,Domingo,1,152,61570.67,0
TXN-000220,121,Transferencia,130119.78,4,Martes,0,1745,103039.74,0
TXN-004140,63,Pago de servicio,1080534.81,16,Viernes,0,759,74375.66,1
TXN-003958,15,Depósito,50882.8,8,Miércoles,0,121,70191.62,0
TXN-001589,129,Retiro,59280.03,13,Lunes,0,1694,150890.47,0
TXN-003348,33,Transferencia,1350960.89,8,Viernes,1,1600,160018.18,1
TXN-003971,81,Transferencia,107664.09,11,Lunes,0,83,120291.91,0
TXN-004708,26,Transferencia,74147.45,15,Viernes,0,1210,52001.95,0
TXN-000044,4,Depósito,109731.1,10,Martes,0,1426,93772.94,0
TXN-003002,23,Retiro,92254.75,15,Miércoles,0,367,90028.41,0
TXN-000211,30,Depósito,120311.44,11,Miércoles,0,230,75183.64,0
TXN-000678,13,Pago de servicio,179576.14,9,Sábado,0,676,98099.64,0
TXN-000355,42,Pago de servicio,132020.47,15,Lunes,0,1708,114244.71,0
TXN-001434,54,Depósito,52835.37,17,Lunes,0,693,74259.4,0
TXN-000950,117,Pago de servicio,303555.76,7,Viernes,0,541,224091.55,0
TXN-002844,43,Depósito,1141.66,12,Lunes,0,1752,56623.65,0
TXN-000578,8,Pago de servicio,181499.56,6,Sábado,0,489,118942.44,0
TXN-003929,67,Pago de servicio,101131.02,7,Viernes,0,227,88853.95,0
TXN-000545,39,Pago de servicio,195867.48,15,Domingo,1,1294,37440.79,1
TXN-000368,74,Pago de servicio,290661.97,2,Martes,0,502,236082.31,0
TXN-001613,100,Pago de servicio,43331.37,20,Martes,0,1099,134892.22,0
TXN-003551,25,Transferencia,46595.32,15,Lunes,0,522,42238.7,0
TXN-003717,118,Transferencia,113494.02,17,Domingo,0,429,111997.96,0
TXN-003780,63,Pago de servicio,128840.14,18,Domingo,0,759,63223.45,0
TXN-000136,52,Pago de servicio,137193.8,12,Domingo,0,1464,108016.97,0
TXN-004481,105,Transferencia,67735.5,13,Jueves,0,1214,56482.49,0
TXN-001438,137,Depósito,165106.15,14,Jueves,0,941,129599.44,0
TXN-000048,67,Pago de servicio,69071.8,6,Domingo,1,227,102250.52,0
TXN-001361,45,Retiro,126450.32,19,Jueves,0,1042,134500.68,0
TXN-000735,45,Transferencia,54679.31,21,Martes,0,1042,108885.52,0
TXN-001535,85,Depósito,157399.7,19,Miércoles,0,943,121951.35,0
TXN-002005,50,Transferencia,70074.75,18,Lunes,0,662,75046.36,0
TXN-003796,113,Transferencia,48403.44,18,Jueves,0,1735,51652.0,0
TXN-002520,122,Retiro,123539.77,15,Sábado,0,867,113670.0,0
TXN-001973,40,Transferencia,73042.44,8,Sábado,1,1050,86353.03,0
TXN-000997,20,Transferencia,211028.4,15,Martes,0,1530,177787.8,0
TXN-000062,27,Depósito,230673.04,8,Miércoles,0,448,120757.44,0
TXN-001109,117,Transferencia,418945.94,5,Viernes,0,541,223423.23,0
TXN-002406,10,Depósito,91021.06,12,Viernes,1,1005,83508.35,0
TXN-000096,38,Transferencia,149263.72,17,Viernes,0,1607,272228.19,0
TXN-000479,99,Pago de servicio,42573.65,18,Jueves,0,187,49288.22,0
TXN-004360,77,Pago de servicio,150416.41,16,Miércoles,0,910,121808.82,0
TXN-004113,122,Pago de servicio,121941.37,14,Viernes,0,867,98436.5,0
TXN-003708,31,Transferencia,48039.9,16,Miércoles,0,436,37773.77,0
TXN-001102,22,Retiro,13063.26,12,Lunes,0,1305,115296.76,0
TXN-002747,114,Transferencia,247739.38,11,Martes,1,567,242501.01,0
TXN-002171,143,Transferencia,199241.68,17,Martes,0,1661,204101.29,0
TXN-000323,58,Transferencia,45378.2,15,Miércoles,1,1439,85784.07,0
TXN-004255,27,Transferencia,238536.26,9,Viernes,0,448,148010.38,0
TXN-003143,129,Transferencia,178058.65,12,Jueves,0,1694,131172.65,0
TXN-003538,142,Pago de servicio,34768.78,4,Viernes,1,1233,39158.98,0
TXN-004926,10,Transferencia,102137.73,23,Jueves,0,1005,77654.16,0
TXN-002925,104,Pago de servicio,645385.72,5,Jueves,1,1169,93244.07,1
TXN-001150,14,Transferencia,159782.92,12,Martes,0,870,133554.42,0
TXN-003618,68,Transferencia,232050.72,10,Martes,0,1564,243096.24,0
TXN-000292,109,Transferencia,139020.43,9,Martes,1,1716,114866.01,0
TXN-003750,43,Retiro,33800.04,13,Martes,0,1752,67178.02,0
TXN-003587,5,Retiro,432232.55,13,Viernes,0,1362,258670.15,0
TXN-000534,37,Transferencia,93079.8,16,Lunes,0,236,91495.92,0
TXN-003608,77,Retiro,103171.44,14,Miércoles,0,910,113120.72,0
TXN-002649,133,Transferencia,89185.35,17,Viernes,0,733,113896.76,0
TXN-004811,79,Pago de servicio,59186.24,16,Viernes,0,1286,128713.4,0
TXN-001984,121,Retiro,105807.2,9,Sábado,1,1745,116918.76,0
TXN-002933,20,Transferencia,90416.35,18,Viernes,0,1530,183436.87,0
TXN-001537,12,Retiro,68009.35,17,Domingo,0,1620,81502.58,0
TXN-004535,111,Pago de servicio,265166.77,8,Sábado,1,1157,158580.15,0
TXN-004173,45,Depósito,88701.15,20,Jueves,0,1042,111751.72,0
TXN-003361,114,Transferencia,175504.13,14,Sábado,0,567,203650.42,0
TXN-003666,27,Pago de servicio,136614.84,9,Domingo,0,448,157332.3,0
TXN-004006,119,Transferencia,94139.23,12,Viernes,0,883,106446.96,0
TXN-003627,69,Depósito,42756.41,21,Domingo,0,689,54516.92,0
TXN-000587,101,Transferencia,79752.5,13,Lunes,0,1090,85160.28,0
TXN-003257,134,Pago de servicio,129041.78,14,Viernes,0,819,122361.09,0
TXN-002299,37,Pago de servicio,71833.81,17,Sábado,0,236,91598.98,0
TXN-003989,68,Transferencia,239338.3,16,Viernes,0,1564,259732.86,0
TXN-000585,37,Pago de servicio,104505.13,12,Sábado,0,236,82271.42,0
TXN-002424,118,Transferencia,127526.68,19,Domingo,0,429,110622.62,0
TXN-001392,50,Transferencia,111392.43,16,Domingo,0,662,76493.7,0
TXN-004526,119,Transferencia,49177.87,10,Sábado,1,883,94078.43,0
TXN-004921,73,Depósito,54998.58,5,Sábado,0,901,50528.34,0
TXN-004801,92,Retiro,83622.06,6,Jueves,0,499,177295.05,0
TXN-003241,150,Depósito,173184.37,15,Lunes,0,1666,108852.83,0
TXN-004282,31,Pago de servicio,20624.39,11,Sábado,0,436,42700.04,0
TXN-003339,45,Pago de servicio,130084.87,21,Domingo,0,1042,108576.49,0
TXN-003221,74,Transferencia,207716.09,10,Domingo,1,502,282522.62,0
TXN-002112,31,Transferencia,55491.99,13,Viernes,0,436,35743.73,0
TXN-001175,16,Pago de servicio,76692.88,18,Domingo,0,1508,84830.09,0
TXN-004863,129,Pago de servicio,129027.99,13,Viernes,0,1694,145012.42,0
TXN-003812,28,Transferencia,220879.62,10,Lunes,0,408,191179.52,0
TXN-001868,143,Pago de servicio,28726.37,18,Sábado,0,1661,223769.33,0
TXN-002615,52,Transferencia,64803.16,16,Miércoles,0,1464,105186.7,0
TXN-003867,96,Transferencia,279842.82,18,Miércoles,0,1662,139946.02,0
TXN-004886,12,Transferencia,66904.43,16,Jueves,0,1620,87733.68,0
TXN-003779,110,Pago de servicio,32757.71,7,Miércoles,0,1692,58536.98,0
TXN-003847,122,Pago de servicio,117239.79,19,Martes,0,867,113627.24,0
TXN-002417,28,Retiro,177714.66,9,Lunes,0,408,182380.78,0
TXN-000071,46,Retiro,199845.29,11,Lunes,0,825,182371.48,0
TXN-004881,66,Depósito,92028.76,7,Sábado,1,796,101786.88,0
TXN-001127,98,Pago de servicio,583424.3,19,Lunes,0,845,532161.37,0
TXN-004025,48,Pago de servicio,257749.24,16,Domingo,0,1401,119344.08,0
TXN-003251,75,Retiro,188808.24,13,Martes,0,1664,96409.06,0
TXN-003902,2,Depósito,65428.12,21,Viernes,0,1074,101225.24,0
TXN-001096,17,Pago de servicio,285582.03,10,Jueves,0,235,215135.59,0
TXN-004546,84,Transferencia,128330.13,12,Martes,0,133,108182.78,0
TXN-001213,72,Transferencia,76993.1,11,Sábado,1,518,61155.48,0
TXN-003922,106,Pago de servicio,20598.8,9,Martes,0,157,45600.45,0
TXN-001426,37,Transferencia,57118.21,15,Martes,0,236,105780.87,0
TXN-003067,78,Transferencia,284550.54,12,Martes,0,926,216351.36,0
TXN-004520,123,Depósito,52855.1,12,Sábado,0,1022,111033.33,0
TXN-002101,54,Pago de servicio,28152.4,21,Martes,0,693,75215.21,0
TXN-000808,121,Transferencia,107754.07,9,Viernes,0,1745,93467.56,0
TXN-004744,99,Transferencia,53598.07,14,Viernes,1,187,44860.17,0
TXN-003751,136,Transferencia,75293.56,19,Viernes,0,1273,118343.96,0
TXN-001363,34,Pago de servicio,110092.9,6,Miércoles,0,1792,290140.35,0
TXN-002318,81,Retiro,173407.03,8,Miércoles,0,83,133302.43,0
TXN-004582,54,Pago de servicio,108492.63,17,Lunes,0,693,78133.75,0
TXN-004742,135,Pago de servicio,57727.26,14,Jueves,0,726,53294.94,0
TXN-001026,38,Pago de servicio,1857749.49,17,Miércoles,1,1607,216034.81,1
TXN-003110,131,Pago de servicio,46894.3,22,Miércoles,0,1171,64393.52,0
TXN-002111,67,Transferencia,149413.43,6,Viernes,0,227,90481.23,0
TXN-001042,27,Pago de servicio,174981.12,9,Viernes,0,448,153113.82,0
TXN-001877,5,Transferencia,493780.69,10,Martes,0,1362,283118.34,0
TXN-000882,41,Transferencia,172426.05,11,Domingo,0,260,159662.38,0
TXN-004300,89,Transferencia,64021.82,6,Martes,0,1557,85668.3,0
TXN-001193,47,Transferencia,44211.06,22,Martes,1,1384,75866.76,0
TXN-004588,125,Transferencia,357179.36,12,Jueves,0,1403,192239.68,0
TXN-004511,136,Pago de servicio,91672.55,16,Jueves,1,1273,99576.86,0
TXN-003671,7,Transferencia,55890.7,20,Martes,1,306,65473.07,0
TXN-000625,81,Pago de servicio,97285.11,15,Lunes,0,83,126299.01,0
TXN-002797,106,Transferencia,47950.69,11,Viernes,0,157,44200.39,0
TXN-004292,108,Transferencia,263121.6,13,Jueves,1,715,32521.28,1
TXN-004969,144,Pago de servicio,53983.29,5,Domingo,0,1045,42274.4,0
TXN-000234,96,Depósito,194779.24,20,Lunes,0,1662,180353.75,0
TXN-004567,93,Pago de servicio,81483.67,10,Martes,0,259,64550.93,0
TXN-001663,130,Pago de servicio,286468.3,14,Sábado,0,663,177373.98,0
TXN-000416,134,Depósito,39527.78,10,Miércoles,1,819,128537.93,0
TXN-004247,119,Pago de servicio,125892.68,11,Jueves,0,883,100386.01,0
TXN-002174,132,Transferencia,54880.41,18,Jueves,0,517,58673.22,0
TXN-001457,88,Transferencia,79067.34,12,Miércoles,0,190,67712.54,0
TXN-000747,71,Retiro,59930.98,11,Lunes,0,1201,144274.69,0
TXN-000018,75,Transferencia,106429.84,17,Sábado,0,1664,107363.46,0
TXN-001201,143,Pago de servicio,201390.55,18,Domingo,0,1661,262529.88,0
TXN-001700,5,Depósito,380543.77,1,Lunes,0,1362,245619.64,1
TXN-003254,5,Retiro,388694.74,17,Viernes,1,1362,283126.62,0
TXN-000597,119,Transferencia,69332.24,12,Viernes,0,883,114781.51,0
TXN-003227,43,Transferencia,63895.79,12,Lunes,0,1752,60352.32,0
TXN-004406,41,Transferencia,204370.64,12,Martes,0,260,164069.28,0
TXN-004720,71,Transferencia,137285.91,10,Sábado,0,1201,160831.51,0
TXN-001506,124,Transferencia,46356.5,16,Lunes,0,1106,30291.41,0
TXN-001413,63,Pago de servicio,66642.53,16,Jueves,0,759,69301.07,0
TXN-001966,104,Pago de servicio,49762.13,5,Martes,0,1169,80394.03,0
TXN-000372,58,Retiro,65479.28,14,Lunes,0,1439,94883.99,0
TXN-001341,35,Retiro,150374.84,10,Lunes,0,1058,124582.95,0
TXN-000599,51,Pago de servicio,188179.51,14,Miércoles,0,739,118046.95,0
TXN-000239,134,Pago de servicio,182489.31,11,Domingo,0,819,119737.81,0
TXN-003401,119,Transferencia,81337.39,11,Martes,1,883,102533.36,0
TXN-002068,58,Transferencia,85972.32,13,Miércoles,0,1439,104595.0,0
TXN-000811,44,Transferencia,202965.85,11,Martes,1,1139,168389.83,0
TXN-001095,63,Transferencia,111155.39,17,Miércoles,0,759,61656.9,0
TXN-004325,135,Pago de servicio,37463.88,12,Viernes,0,726,42252.82,0
TXN-004761,33,Pago de servicio,137150.77,15,Lunes,0,1600,169947.52,0
TXN-003677,60,Transferencia,285816.04,2,Jueves,0,142,118388.0,1
TXN-003465,134,Transferencia,186894.26,13,Martes,0,819,144597.65,0
TXN-003104,145,Transferencia,56897.6,15,Miércoles,0,365,52572.99,0
TXN-002750,137,Transferencia,147845.78,19,Viernes,1,941,143567.75,0
TXN-002296,83,Transferencia,19101.46,15,Domingo,0,1473,63005.38,0
TXN-004193,123,Retiro,128163.99,9,Domingo,0,1022,136770.92,0
TXN-003709,6,Pago de servicio,107411.92,6,Lunes,0,373,150516.53,0
TXN-003019,104,Pago de servicio,29982.92,5,Martes,0,1169,103229.25,0
TXN-004253,108,Pago de servicio,55698.48,8,Viernes,0,715,39586.86,0
TXN-000804,120,Pago de servicio,77790.97,8,Martes,0,1718,68180.61,0
TXN-004191,103,Pago de servicio,142502.16,10,Sábado,0,729,138628.91,0
TXN-003706,50,Pago de servicio,73637.05,16,Lunes,0,662,92022.83,0
TXN-000752,109,Transferencia,80161.87,13,Viernes,1,1716,102932.74,0
TXN-004645,64,Retiro,83247.28,14,Sábado,0,1469,86967.01,0
TXN-002532,72,Pago de servicio,59358.17,11,Martes,0,518,61568.15,0
TXN-000622,5,Pago de servicio,212489.01,13,Lunes,0,1362,253990.13,0
TXN-002298,17,Pago de servicio,203783.41,5,Miércoles,0,235,207696.89,0
TXN-003829,97,Retiro,87909.06,14,Lunes,0,1049,74549.04,0
TXN-000567,133,Pago de servicio,132148.83,17,Miércoles,0,733,120288.79,0
TXN-001136,110,Depósito,46841.06,7,Jueves,0,1692,66828.43,0
TXN-001205,7,Transferencia,100244.59,16,Sábado,0,306,69509.84,0
TXN-001048,128,Retiro,76664.32,15,Viernes,0,1399,83761.14,0
TXN-000052,88,Pago de servicio,63056.67,8,Domingo,0,190,62919.19,0
TXN-003652,90,Transferencia,97768.67,13,Jueves,0,1188,83432.2,0
TXN-001045,147,Pago de servicio,151187.17,13,Jueves,0,881,106661.3,0
TXN-002182,138,Pago de servicio,75860.98,16,Miércoles,0,503,180243.3,0
TXN-002689,137,Transferencia,142988.74,18,Lunes,0,941,127967.93,0
TXN-000535,102,Transferencia,156497.6,15,Miércoles,0,1402,162337.18,0
TXN-003185,105,Pago de servicio,74684.76,13,Martes,0,1214,67066.3,0
TXN-003858,66,Transferencia,204279.97,4,Martes,0,796,123054.13,0
TXN-000444,121,Transferencia,158597.59,7,Martes,0,1745,114521.12,0
TXN-003605,33,Transferencia,180024.18,15,Domingo,0,1600,179704.03,0
TXN-000196,119,Depósito,52132.44,13,Lunes,0,883,117477.2,0
TXN-001116,14,Pago de servicio,213687.46,10,Viernes,0,870,122573.77,0
TXN-000766,44,Pago de servicio,244657.19,8,Lunes,1,1139,175797.38,0
TXN-001946,107,Transferencia,45638.98,11,Lunes,0,599,48209.41,0
TXN-003248,31,Pago de servicio,39174.72,11,Jueves,0,436,35176.33,0
TXN-003003,119,Transferencia,57496.44,10,Lunes,0,883,117792.07,0
TXN-001433,89,Pago de servicio,137605.99,6,Miércoles,0,1557,107387.58,0
TXN-004201,23,Pago de servicio,122037.21,20,Martes,0,367,105085.0,0
TXN-003096,121,Transferencia,88851.94,7,Miércoles,0,1745,96412.28,0
TXN-002923,149,Retiro,58199.54,18,Sábado,0,720,49899.17,0
TXN-000645,80,Transferencia,119678.39,9,Viernes,0,1712,144033.48,0
TXN-001050,42,Pago de servicio,84124.44,18,Miércoles,0,1708,86546.27,0
TXN-003746,12,Pago de servicio,79617.74,19,Lunes,0,1620,81939.5,0
TXN-004094,119,Pago de servicio,77685.46,13,Viernes,1,883,111529.67,0
TXN-004404,127,Transferencia,52427.38,9,Martes,0,1657,98137.55,0
TXN-000121,133,Depósito,143398.03,20,Jueves,1,733,118063.18,0
TXN-002053,140,Transferencia,94704.37,17,Lunes,0,386,59379.49,0
TXN-004259,2,Depósito,55353.05,21,Miércoles,0,1074,78805.27,0
TXN-004889,85,Transferencia,117083.97,19,Domingo,0,943,108801.6,0
TXN-004335,122,Transferencia,111546.42,15,Lunes,0,867,101232.77,0
TXN-004692,62,Transferencia,134412.98,6,Jueves,0,414,103608.6,0
TXN-000135,100,Retiro,183108.96,20,Miércoles,1,1099,127833.62,0
TXN-002461,49,Transferencia,164196.88,8,Lunes,1,1430,154159.06,0
TXN-001955,74,Pago de servicio,178808.77,7,Jueves,0,502,231214.24,0
TXN-002464,147,Transferencia,119157.27,19,Sábado,1,881,87786.6,0
TXN-000185,90,Transferencia,34409.51,14,Miércoles,0,1188,85453.52,0
TXN-001393,19,Retiro,1000.0,10,Miércoles,0,595,46538.68,0
TXN-002277,74,Retiro,258539.8,10,Lunes,0,502,279608.16,0
TXN-000512,78,Transferencia,264136.02,9,Sábado,0,926,219366.49,0
TXN-004730,125,Transferencia,3266202.48,11,Domingo,1,1403,229830.28,1
TXN-004055,150,Pago de servicio,95963.47,15,Miércoles,0,1666,122661.4,0
TXN-003138,16,Pago de servicio,88155.21,17,Domingo,0,1508,75504.38,0
TXN-002670,2,Depósito,83993.46,22,Lunes,0,1074,99854.88,0
TXN-004774,121,Retiro,103186.75,7,Viernes,0,1745,116253.07,0
TXN-004862,131,Retiro,96199.48,23,Viernes,0,1171,73277.43,0
TXN-002118,149,Pago de servicio,10919.12,16,Viernes,0,720,48567.64,0
TXN-000252,120,Transferencia,56337.84,12,Viernes,0,1718,72199.56,0
TXN-003527,141,Transferencia,115467.35,9,Jueves,0,1153,266928.64,0
TXN-003560,107,Pago de servicio,36513.5,10,Domingo,0,599,38780.24,0
TXN-004012,19,Transferencia,22876.2,12,Domingo,0,595,41625.66,0
TXN-001508,66,Depósito,121701.76,5,Miércoles,0,796,124798.6,0
TXN-000123,2,Pago de servicio,99058.01,20,Viernes,0,1074,96438.83,0
TXN-004260,101,Pago de servicio,100867.09,11,Martes,1,1090,87875.25,0
TXN-003334,108,Transferencia,32636.64,9,Martes,0,715,38334.51,0
TXN-001872,40,Pago de servicio,78787.53,11,Jueves,0,1050,71068.06,0
TXN-003693,24,Pago de servicio,124141.87,9,Lunes,0,821,75393.76,0
TXN-000568,22,Retiro,114632.32,13,Jueves,0,1305,107248.16,0
TXN-001372,141,Pago de servicio,500720.25,12,Domingo,1,1153,287325.63,0
TXN-003186,114,Depósito,328073.56,10,Domingo,0,567,253831.12,0
TXN-003956,110,Depósito,52113.72,9,Martes,0,1692,55487.88,0
TXN-001057,94,Pago de servicio,27878.42,18,Jueves,1,592,65640.51,0
TXN-000857,24,Transferencia,74004.96,9,Lunes,0,821,81362.39,0
TXN-003839,9,Retiro,168972.71,18,Jueves,1,1529,94807.16,0
TXN-002861,44,Transferencia,35070.84,5,Jueves,0,1139,141449.57,0
TXN-004770,2,Transferencia,95115.02,20,Lunes,1,1074,83777.73,0
TXN-000777,112,Pago de servicio,136931.72,7,Miércoles,1,1446,90703.82,0
TXN-000721,128,Depósito,55121.54,17,Lunes,0,1399,66416.28,0
TXN-002711,148,Transferencia,118341.54,12,Viernes,0,719,76362.9,0
TXN-002655,135,Retiro,70762.95,10,Domingo,0,726,45345.56,0
TXN-004878,141,Transferencia,291867.51,13,Jueves,0,1153,284358.9,0
TXN-000603,140,Transferencia,61288.32,22,Miércoles,0,386,45687.46,0
TXN-003823,124,Retiro,16757.04,12,Miércoles,0,1106,31320.34,0
TXN-001245,53,Transferencia,65319.39,10,Domingo,0,1287,38686.94,0
TXN-004846,46,Transferencia,80452.07,12,Domingo,0,825,179884.88,0
TXN-004842,94,Transferencia,30834.68,20,Lunes,0,592,66749.03,0
TXN-000319,52,Pago de servicio,125137.75,13,Miércoles,0,1464,122198.12,0
TXN-000829,65,Transferencia,37615.75,11,Viernes,0,152,67220.92,0
TXN-003264,83,Transferencia,70340.79,14,Viernes,0,1473,59865.98,0
TXN-000275,68,Transferencia,286963.81,13,Lunes,0,1564,228713.26,0
TXN-002665,147,Transferencia,97511.46,17,Martes,0,881,112147.66,0
TXN-000550,100,Pago de servicio,68081.63,20,Martes,0,1099,148347.31,0
TXN-003642,9,Transferencia,37681.03,16,Domingo,1,1529,88868.62,0
TXN-004054,125,Transferencia,182977.47,8,Domingo,0,1403,200396.3,0
TXN-004893,89,Retiro,121008.47,8,Lunes,0,1557,99923.6,0
TXN-002935,27,Pago de servicio,170609.99,6,Miércoles,0,448,130291.91,0
TXN-000606,95,Pago de servicio,110407.17,9,Miércoles,0,1330,133091.87,0
TXN-000897,67,Transferencia,91539.18,6,Viernes,0,227,102931.64,0
TXN-000528,128,Retiro,45236.22,13,Miércoles,0,1399,77483.87,0
TXN-004608,60,Pago de servicio,180572.13,18,Domingo,0,142,110818.8,0
TXN-002348,63,Transferencia,79084.15,17,Martes,0,759,69781.81,0
TXN-003440,36,Transferencia,122607.04,16,Sábado,0,532,74418.22,0
TXN-004999,20,Transferencia,202637.89,17,Jueves,0,1530,197518.24,0
TXN-004827,28,Depósito,89220.12,6,Jueves,0,408,175020.85,0
TXN-003923,72,Transferencia,53238.94,12,Viernes,0,518,48104.39,0
TXN-000299,83,Transferencia,44886.58,15,Viernes,0,1473,56686.53,0
TXN-002120,137,Transferencia,153825.91,20,Lunes,0,941,121813.73,0
TXN-002537,71,Retiro,141489.43,8,Domingo,0,1201,140455.52,0
TXN-004204,37,Transferencia,81398.34,15,Viernes,0,236,102762.87,0
TXN-003255,37,Transferencia,130082.88,15,Viernes,0,236,93370.31,0
TXN-003726,14,Transferencia,79658.08,11,Miércoles,1,870,120166.51,0
TXN-001261,118,Retiro,126870.3,22,Jueves,0,429,100571.7,0
TXN-001559,40,Transferencia,89671.05,10,Martes,0,1050,77262.04,0
TXN-003270,121,Pago de servicio,93789.93,7,Martes,0,1745,103900.48,0
TXN-004047,5,Transferencia,254407.95,10,Sábado,1,1362,235661.61,0
TXN-000757,11,Depósito,27126.93,20,Jueves,0,592,80992.8,0
TXN-001011,97,Retiro,93583.26,5,Martes,0,1049,84421.93,0
TXN-002795,38,Pago de servicio,312834.96,11,Sábado,0,1607,276413.05,0
TXN-002906,83,Depósito,56107.38,15,Lunes,0,1473,74252.88,0
TXN-001871,52,Transferencia,78981.78,13,Viernes,0,1464,110303.35,0
TXN-002230,22,Pago de servicio,180102.47,12,Miércoles,0,1305,108484.11,0
TXN-001174,48,Transferencia,104530.59,13,Lunes,0,1401,148928.4,0
TXN-001833,15,Pago de servicio,60679.99,4,Viernes,0,121,59237.35,0
TXN-000377,53,Pago de servicio,41244.82,8,Sábado,0,1287,37701.03,0
TXN-003854,9,Depósito,147170.23,16,Martes,0,1529,85650.96,0
TXN-003617,119,Transferencia,165743.28,12,Domingo,0,883,112581.8,0
TXN-000799,93,Transferencia,85146.69,11,Viernes,0,259,53587.04,0
TXN-000379,85,Transferencia,108846.46,16,Domingo,0,943,127771.86,0
TXN-001159,66,Transferencia,792965.36,7,Jueves,1,796,96151.73,1
TXN-003820,91,Retiro,45785.31,14,Jueves,1,984,58746.61,0
TXN-002793,49,Transferencia,175647.46,5,Martes,0,1430,130988.54,0
TXN-002241,90,Transferencia,46470.37,17,Jueves,0,1188,73134.78,0
TXN-004036,54,Depósito,244357.38,3,Martes,0,693,67015.59,1
TXN-002663,145,Transferencia,46655.24,14,Jueves,0,365,49345.43,0
TXN-004013,132,Transferencia,39369.09,13,Martes,0,517,64058.27,0
TXN-002958,91,Transferencia,32672.32,14,Lunes,0,984,59566.86,0
TXN-003928,61,Transferencia,127315.43,12,Viernes,1,1789,103577.06,0
TXN-001039,87,Transferencia,10560.49,19,Jueves,1,1734,19354.65,0
TXN-003260,73,Pago de servicio,60186.28,6,Lunes,0,901,58801.85,0
TXN-001345,90,Pago de servicio,58171.88,13,Domingo,1,1188,79351.79,0
TXN-002506,20,Retiro,245031.32,19,Lunes,0,1530,168553.22,0
TXN-001722,5,Depósito,244398.2,11,Jueves,0,1362,263559.81,0
TXN-004664,49,Transferencia,156381.8,5,Sábado,0,1430,170390.97,0
TXN-000176,49,Retiro,129562.46,9,Miércoles,0,1430,165454.96,0
TXN-004894,89,Depósito,66850.52,16,Lunes,0,1557,98591.71,0
TXN-001910,37,Pago de servicio,216336.78,11,Martes,1,236,95680.76,0
TXN-000046,144,Depósito,28561.16,5,Domingo,0,1045,44170.57,0
TXN-003410,122,Transferencia,100449.33,15,Martes,1,867,92193.71,0
TXN-004675,114,Depósito,235682.59,12,Miércoles,0,567,216279.36,0
TXN-001076,98,Pago de servicio,615994.81,17,Domingo,0,845,567635.12,0
TXN-002830,87,Transferencia,12234.39,20,Domingo,0,1734,16893.76,0
TXN-001505,66,Transferencia,92995.8,9,Martes,0,796,119694.71,0
TXN-002310,107,Retiro,48841.04,13,Jueves,0,599,41807.06,0
TXN-001437,94,Depósito,87143.46,17,Miércoles,0,592,65636.08,0
TXN-002419,63,Transferencia,45472.35,15,Martes,0,759,79786.81,0
TXN-003987,25,Retiro,46974.45,16,Domingo,0,522,47371.06,0
TXN-003099,143,Transferencia,218021.78,15,Domingo,0,1661,220776.8,0
TXN-004589,116,Retiro,113640.8,15,Viernes,1,932,128166.95,0
TXN-000284,29,Transferencia,28412.09,15,Viernes,0,1081,91432.5,0
TXN-004919,17,Transferencia,81234.22,10,Martes,0,235,202097.59,0
TXN-000843,26,Pago de servicio,63320.12,13,Lunes,0,1210,57298.12,0
TXN-001514,38,Depósito,266661.36,17,Lunes,0,1607,253182.62,0
TXN-001169,147,Pago de servicio,120714.93,16,Lunes,0,881,94606.1,0
TXN-001593,35,Transferencia,101338.11,4,Lunes,0,1058,121242.51,0
TXN-003461,86,Depósito,61580.71,17,Miércoles,1,367,66622.38,0
TXN-003166,105,Retiro,39278.24,8,Martes,0,1214,62057.44,0
TXN-002285,121,Transferencia,81231.03,9,Jueves,0,1745,97880.25,0
TXN-003576,122,Transferencia,154647.45,16,Lunes,1,867,109126.02,0
TXN-004871,33,Depósito,166264.88,13,Martes,0,1600,155948.59,0
TXN-002306,72,Pago de servicio,59638.27,11,Martes,0,518,63847.76,0
TXN-000953,49,Transferencia,36181.33,4,Viernes,0,1430,149280.6,0
TXN-004943,50,Transferencia,87930.7,17,Lunes,0,662,83763.45,0
TXN-003054,89,Pago de servicio,1201510.85,11,Domingo,0,1557,84378.38,1
TXN-004560,131,Transferencia,142670.58,21,Martes,0,1171,76383.12,0
TXN-002686,118,Retiro,151426.54,19,Miércoles,0,429,100189.16,0
TXN-001490,48,Transferencia,2077211.96,13,Miércoles,0,1401,140394.31,1
TXN-000928,63,Retiro,79381.45,17,Jueves,0,759,73802.07,0
TXN-001210,70,Retiro,107238.56,19,Lunes,0,984,79576.18,0
TXN-003974,43,Depósito,62945.65,12,Jueves,0,1752,60308.21,0
TXN-003546,115,Pago de servicio,128211.59,17,Miércoles,0,857,131014.19,0
TXN-004362,81,Retiro,125673.35,13,Lunes,0,83,147595.3,0
TXN-001922,1,Retiro,147301.57,17,Domingo,0,1125,141636.16,0
TXN-000352,78,Depósito,98940.64,8,Miércoles,1,926,239271.55,0
TXN-004899,120,Transferencia,104474.78,9,Viernes,1,1718,66830.64,0
TXN-003394,25,Retiro,40089.01,18,Sábado,0,522,40650.4,0
TXN-002722,108,Transferencia,524314.54,8,Martes,1,715,38324.07,1
TXN-004982,39,Transferencia,45019.63,15,Martes,0,1294,37183.12,0
TXN-000719,148,Transferencia,20494.22,13,Lunes,1,719,86316.67,0
TXN-002703,51,Transferencia,115568.64,15,Lunes,0,739,132104.6,0
TXN-002723,132,Transferencia,50511.6,18,Jueves,0,517,73990.94,0
TXN-004562,134,Retiro,153339.74,12,Domingo,0,819,159441.24,0
TXN-000309,92,Transferencia,385091.72,11,Viernes,0,499,165303.0,0
TXN-001676,114,Transferencia,312776.31,12,Sábado,0,567,246052.84,0
TXN-000834,116,Transferencia,112092.34,14,Viernes,0,932,113850.85,0
TXN-000367,103,Pago de servicio,86847.83,5,Jueves,0,729,133579.83,0
TXN-004507,128,Transferencia,256029.12,3,Lunes,0,1399,68879.11,1
TXN-002079,29,Pago de servicio,1000.0,15,Lunes,0,1081,84130.39,0
TXN-004039,47,Retiro,81509.71,20,Viernes,0,1384,67659.45,0
TXN-004847,70,Transferencia,50994.1,18,Sábado,0,984,63850.32,0
TXN-004480,134,Depósito,179211.16,9,Viernes,0,819,122927.88,0
TXN-001747,76,Pago de servicio,62529.96,16,Jueves,0,173,38898.7,0
TXN-000020,41,Depósito,58082.78,10,Domingo,0,260,150201.58,0
TXN-001323,81,Transferencia,127250.58,13,Domingo,0,83,122384.61,0
TXN-003568,105,Pago de servicio,62531.37,14,Lunes,0,1214,57802.67,0
TXN-002522,87,Transferencia,16093.05,17,Jueves,0,1734,20041.64,0
TXN-000219,36,Pago de servicio,90639.86,17,Domingo,0,532,74267.23,0
TXN-001488,120,Pago de servicio,102663.55,7,Martes,0,1718,68162.19,0
TXN-000439,8,Transferencia,146925.75,5,Lunes,0,489,136251.82,0
TXN-004175,65,Depósito,4604.67,12,Domingo,0,152,56817.15,0
TXN-002751,61,Transferencia,68301.97,11,Sábado,0,1789,103819.17,0
TXN-003289,52,Depósito,111739.25,13,Domingo,0,1464,111841.73,0
TXN-003434,60,Transferencia,125983.42,16,Miércoles,0,142,114313.55,0
TXN-002526,21,Transferencia,205730.04,13,Lunes,0,1515,140408.37,0
TXN-004651,6,Transferencia,183045.72,8,Lunes,0,373,146834.16,0
TXN-003689,140,Retiro,47501.8,16,Martes,0,386,53148.27,0
TXN-002764,148,Transferencia,92481.11,13,Viernes,0,719,78490.03,0
TXN-000803,102,Transferencia,217425.42,13,Miércoles,1,1402,150877.59,0
TXN-002998,67,Pago de servicio,81817.29,9,Martes,0,227,96046.34,0
TXN-002229,37,Pago de servicio,90416.34,16,Sábado,0,236,100711.73,0
TXN-004786,36,Depósito,21303.5,17,Viernes,0,532,62202.29,0
TXN-002078,35,Retiro,41507.54,5,Miércoles,0,1058,126733.93,0
TXN-000583,127,Transferencia,101266.84,7,Domingo,0,1657,101793.63,0
TXN-000204,40,Transferencia,59331.4,5,Martes,0,1050,73939.29,0
TXN-004347,82,Transferencia,125087.46,14,Sábado,0,1726,106814.99,0
TXN-003479,109,Pago de servicio,128934.11,11,Lunes,0,1716,105662.85,0
TXN-002930,34,Transferencia,351140.72,8,Jueves,0,1792,264575.49,0
TXN-003086,132,Retiro,46223.2,14,Jueves,0,517,74375.17,0
TXN-001019,23,Pago de servicio,1000.0,15,Viernes,0,367,96415.99,0
TXN-001584,56,Pago de servicio,109705.68,4,Viernes,0,1166,134543.22,0
TXN-001033,123,Transferencia,104963.91,12,Lunes,0,1022,136166.69,0
TXN-001719,5,Pago de servicio,243361.75,13,Lunes,1,1362,279189.54,0
TXN-001282,79,Transferencia,124674.75,16,Jueves,0,1286,102014.64,0
TXN-002499,109,Transferencia,135801.26,14,Viernes,1,1716,99455.05,0
TXN-003351,18,Pago de servicio,125356.39,4,Domingo,0,1615,135002.64,0
TXN-000518,53,Pago de servicio,53555.66,8,Martes,0,1287,47542.2,0
TXN-001748,133,Transferencia,68001.55,18,Viernes,0,733,99387.3,0
TXN-004653,89,Retiro,104730.66,11,Jueves,0,1557,93512.77,0
TXN-003733,129,Pago de servicio,43468.6,9,Sábado,0,1694,139557.7,0
TXN-000669,67,Pago de servicio,173474.52,8,Jueves,0,227,96318.82,0
TXN-004060,89,Transferencia,99507.95,10,Sábado,0,1557,89181.63,0
TXN-003027,129,Retiro,206909.95,14,Domingo,1,1694,145762.97,0
TXN-004933,26,Transferencia,64905.92,14,Lunes,0,1210,52973.34,0
TXN-003287,95,Transferencia,107064.86,8,Jueves,0,1330,119871.55,0
TXN-002651,52,Pago de servicio,162054.09,11,Jueves,0,1464,107617.07,0
TXN-004454,133,Retiro,128923.93,17,Sábado,0,733,108542.5,0
TXN-003193,98,Pago de servicio,279581.84,17,Jueves,1,845,488181.53,0
TXN-002125,145,Transferencia,68729.01,16,Martes,0,365,48193.2,0
TXN-003376,55,Retiro,339695.92,2,Domingo,0,1286,84665.41,1
TXN-003393,142,Pago de servicio,626097.28,8,Domingo,0,1233,47756.09,1
TXN-003486,143,Transferencia,181691.62,17,Martes,0,1661,264277.32,0
TXN-000760,100,Transferencia,139525.92,23,Jueves,0,1099,118127.25,0
TXN-003380,107,Retiro,33464.15,12,Lunes,0,599,50177.72,0
TXN-004441,23,Pago de servicio,102323.25,23,Sábado,0,367,103847.14,0
TXN-002527,88,Transferencia,65793.65,9,Viernes,0,190,69996.61,0
TXN-004859,50,Transferencia,95861.67,16,Viernes,1,662,83549.7,0
TXN-000908,35,Retiro,106436.82,9,Viernes,0,1058,108478.67,0
TXN-002684,106,Transferencia,40061.12,11,Martes,0,157,34846.48,0
TXN-000215,99,Depósito,51462.09,17,Jueves,0,187,45582.5,0
TXN-003332,2,Retiro,92044.38,20,Miércoles,0,1074,80008.33,0
TXN-004459,123,Pago de servicio,136873.08,9,Martes,0,1022,124622.3,0
TXN-000694,138,Transferencia,125667.82,14,Domingo,1,503,172597.87,0
TXN-001504,52,Transferencia,101698.58,16,Viernes,0,1464,115319.44,0
TXN-002415,7,Transferencia,43295.17,19,Jueves,1,306,64470.69,0
TXN-002119,3,Transferencia,102050.78,18,Viernes,1,1512,97090.69,0
TXN-003859,10,Pago de servicio,93882.2,15,Domingo,0,1005,87403.64,0
TXN-002463,2,Retiro,106359.61,19,Miércoles,0,1074,88183.55,0
TXN-003636,17,Pago de servicio,240116.56,9,Viernes,0,235,221535.72,0
TXN-004106,52,Pago de servicio,122333.19,10,Viernes,0,1464,118444.84,0
TXN-004479,16,Transferencia,95629.89,15,Sábado,0,1508,86173.82,0
TXN-000197,135,Pago de servicio,66518.01,13,Lunes,0,726,47518.02,0
TXN-004668,63,Transferencia,74343.2,21,Sábado,0,759,79781.88,0
TXN-001544,12,Pago de servicio,92487.03,16,Viernes,0,1620,93099.8,0
TXN-001331,1,Transferencia,111818.71,15,Lunes,0,1125,145637.64,0
TXN-000880,87,Transferencia,15032.67,17,Sábado,0,1734,20010.49,0
TXN-004503,91,Transferencia,13191.34,16,Domingo,0,984,63065.27,0
TXN-003502,94,Pago de servicio,94543.31,21,Domingo,1,592,64769.3,0
TXN-003895,108,Pago de servicio,60587.29,7,Martes,1,715,39293.77,0
TXN-004991,21,Transferencia,142588.06,12,Jueves,0,1515,155729.34,0
TXN-000888,7,Transferencia,93646.53,17,Miércoles,0,306,74421.55,0
TXN-001346,53,Transferencia,60897.89,9,Viernes,0,1287,48426.0,0
TXN-000069,117,Transferencia,260863.41,5,Jueves,0,541,207673.26,0
TXN-004211,90,Transferencia,28807.7,11,Sábado,0,1188,71499.89,0
TXN-001816,1,Retiro,134632.79,13,Jueves,0,1125,152620.54,0
TXN-000569,114,Transferencia,210362.05,16,Martes,0,567,250516.03,0
TXN-002168,94,Transferencia,60342.6,17,Jueves,0,592,57172.8,0
TXN-000097,2,Transferencia,108816.78,20,Jueves,0,1074,103553.05,0
TXN-004182,122,Transferencia,258477.29,18,Martes,0,867,93853.03,0
TXN-003354,62,Retiro,140262.85,2,Miércoles,0,414,129945.78,0
TXN-000140,101,Depósito,144889.04,13,Miércoles,0,1090,85082.33,0
TXN-004955,107,Transferencia,45899.68,13,Lunes,0,599,37879.16,0
TXN-002603,87,Transferencia,16386.3,16,Domingo,0,1734,20012.55,0
TXN-004024,87,Transferencia,8071.68,18,Lunes,0,1734,15226.82,0
TXN-004773,30,Pago de servicio,48075.33,9,Sábado,1,230,66570.18,0
TXN-001607,120,Pago de servicio,77331.54,10,Martes,0,1718,79187.36,0
TXN-001630,30,Retiro,48474.91,13,Lunes,0,230,72237.86,0
TXN-001540,126,Retiro,178691.48,10,Miércoles,0,852,99836.6,0
TXN-001695,9,Pago de servicio,48420.59,16,Miércoles,0,1529,89829.57,0
TXN-002060,120,Transferencia,82752.53,12,Martes,0,1718,68798.28,0
TXN-000464,137,Transferencia,79464.45,17,Lunes,0,941,143506.22,0
TXN-002331,57,Transferencia,108572.67,14,Sábado,0,1563,84653.39,0
TXN-003044,10,Retiro,23933.62,16,Sábado,0,1005,85683.19,0
TXN-004735,127,Transferencia,41469.92,9,Miércoles,0,1657,82212.6,0
TXN-000595,48,Pago de servicio,83013.64,11,Lunes,0,1401,122821.76,0
TXN-003815,149,Pago de servicio,22915.36,17,Lunes,0,720,48979.74,0
TXN-000626,71,Transferencia,166649.49,10,Miércoles,0,1201,162549.33,0
TXN-000451,13,Depósito,111996.37,7,Miércoles,0,676,106355.53,0
TXN-001500,85,Transferencia,127172.38,17,Viernes,0,943,135266.16,0
TXN-002457,91,Pago de servicio,81301.51,17,Viernes,1,984,62276.74,0
TXN-004723,55,Retiro,98866.08,11,Lunes,0,1286,100357.05,0
TXN-002985,106,Pago de servicio,42084.59,5,Domingo,0,157,34009.11,0
TXN-001570,39,Pago de servicio,54326.5,11,Jueves,0,1294,40038.94,0
TXN-001035,101,Retiro,85999.87,12,Martes,0,1090,93887.88,0
TXN-003519,146,Transferencia,107959.81,16,Martes,0,287,149481.57,0
TXN-001558,97,Pago de servicio,69861.26,13,Domingo,0,1049,87993.94,0
TXN-003625,141,Pago de servicio,179128.53,12,Domingo,1,1153,288665.33,0
TXN-004665,135,Transferencia,24509.98,9,Miércoles,0,726,41935.92,0
TXN-000151,112,Transferencia,94871.36,4,Jueves,0,1446,104709.06,0
TXN-001421,76,Pago de servicio,62852.53,11,Miércoles,0,173,46597.22,0
TXN-002012,3,Depósito,71940.97,20,Martes,0,1512,90369.9,0
TXN-002687,20,Transferencia,268776.08,15,Jueves,0,1530,207024.48,0
TXN-001787,132,Depósito,40778.67,14,Lunes,0,517,76224.28,0
TXN-000089,106,Pago de servicio,41163.79,8,Jueves,0,157,39934.86,0
TXN-000458,49,Transferencia,202641.35,5,Miércoles,0,1430,164531.81,0
TXN-001306,87,Transferencia,11221.79,17,Lunes,0,1734,17872.61,0
TXN-002926,131,Pago de servicio,110248.02,19,Martes,0,1171,65557.29,0
TXN-003271,50,Pago de servicio,64341.26,14,Martes,0,662,79255.18,0
TXN-003228,102,Pago de servicio,36382.27,13,Martes,0,1402,156796.64,0
TXN-001989,75,Retiro,144114.19,15,Lunes,0,1664,98470.09,0
TXN-003755,91,Pago de servicio,91960.39,16,Jueves,1,984,57995.97,0
TXN-003647,144,Transferencia,29460.94,6,Viernes,0,1045,42183.95,0
TXN-000832,36,Pago de servicio,53145.52,19,Lunes,0,532,70999.56,0
TXN-000240,107,Pago de servicio,28030.93,11,Viernes,0,599,42569.39,0
TXN-004682,93,Transferencia,30704.84,11,Miércoles,0,259,62547.3,0
TXN-003023,117,Transferencia,310029.55,6,Jueves,0,541,226834.83,0
TXN-003149,108,Transferencia,52923.93,8,Martes,0,715,38700.55,0
TXN-001947,50,Retiro,63233.46,15,Sábado,1,662,95701.9,0
TXN-002776,52,Pago de servicio,124623.08,14,Jueves,0,1464,113246.3,0
TXN-000193,106,Pago de servicio,21400.23,7,Lunes,0,157,39246.68,0
TXN-004850,80,Pago de servicio,151068.51,7,Sábado,0,1712,135795.53,0
TXN-004940,41,Transferencia,206503.06,12,Viernes,1,260,151968.8,0
TXN-000945,47,Transferencia,59049.97,20,Martes,0,1384,62700.58,0
TXN-001269,131,Transferencia,50962.37,21,Jueves,0,1171,84894.83,0
TXN-004232,18,Pago de servicio,136681.31,5,Miércoles,0,1615,118534.25,0
TXN-002308,31,Pago de servicio,45527.82,9,Domingo,0,436,43675.48,0
TXN-004425,140,Retiro,70303.76,22,Miércoles,1,386,52305.39,0
TXN-004712,101,Transferencia,97863.86,12,Jueves,0,1090,97421.38,0
TXN-002314,49,Transferencia,149428.08,8,Jueves,0,1430,174340.75,0
TXN-003215,105,Retiro,47651.21,14,Lunes,0,1214,58350.6,0
TXN-002733,134,Pago de servicio,161028.49,11,Martes,0,819,145741.28,0
TXN-001927,104,Retiro,112138.86,5,Sábado,0,1169,89878.96,0
TXN-004228,90,Pago de servicio,77719.41,16,Viernes,0,1188,88540.37,0
TXN-004677,50,Depósito,72423.38,15,Martes,0,662,89624.72,0
TXN-000801,127,Transferencia,113331.28,14,Viernes,0,1657,104542.58,0
TXN-003672,88,Pago de servicio,68819.97,9,Sábado,0,190,61595.04,0
TXN-004194,112,Transferencia,32494.87,6,Miércoles,1,1446,97810.23,0
TXN-002969,75,Pago de servicio,137831.64,14,Domingo,1,1664,118476.43,0
TXN-004794,64,Transferencia,79580.26,12,Sábado,1,1469,75629.05,0
TXN-004369,129,Pago de servicio,127739.85,9,Martes,0,1694,151821.24,0
TXN-002777,66,Pago de servicio,130019.66,5,Sábado,0,796,107965.86,0
TXN-002971,98,Retiro,317867.13,19,Domingo,0,845,481738.98,0
TXN-003868,81,Transferencia,122618.52,11,Lunes,0,83,151340.39,0
TXN-001744,82,Pago de servicio,151146.91,16,Jueves,0,1726,131868.27,0
TXN-003949,106,Retiro,31043.93,9,Jueves,0,157,42205.06,0
TXN-003803,56,Transferencia,210640.96,7,Viernes,1,1166,110489.06,0
TXN-002025,46,Pago de servicio,231250.18,13,Martes,1,825,169518.55,0
TXN-002275,117,Pago de servicio,233751.02,7,Lunes,0,541,221327.97,0
TXN-000100,53,Transferencia,51359.78,9,Domingo,0,1287,43665.88,0
TXN-004922,5,Transferencia,278057.51,10,Miércoles,1,1362,232651.31,0
TXN-003408,20,Transferencia,115972.95,16,Lunes,1,1530,201752.01,0
TXN-004246,52,Transferencia,74290.38,12,Sábado,0,1464,99455.46,0
TXN-004620,112,Transferencia,160881.56,7,Jueves,1,1446,110819.21,0
TXN-004917,8,Pago de servicio,50488.99,5,Miércoles,0,489,121578.65,0
TXN-000192,124,Retiro,17568.71,12,Jueves,0,1106,35274.96,0
TXN-004697,45,Transferencia,141918.44,19,Jueves,0,1042,113044.54,0
TXN-001785,85,Depósito,89896.96,20,Viernes,0,943,125486.3,0
TXN-001533,142,Retiro,42519.75,5,Viernes,0,1233,41570.47,0
TXN-002835,131,Transferencia,94332.59,19,Miércoles,0,1171,71193.41,0
TXN-004445,135,Transferencia,25359.02,11,Domingo,0,726,55767.69,0
TXN-004916,74,Pago de servicio,196165.6,6,Martes,0,502,217295.9,0
TXN-001599,21,Transferencia,156625.0,14,Lunes,0,1515,172561.59,0
TXN-001780,150,Pago de servicio,146977.72,17,Domingo,0,1666,110599.02,0
TXN-004901,138,Transferencia,163377.08,20,Domingo,1,503,152749.68,0
TXN-002575,135,Depósito,18374.6,12,Miércoles,0,726,51992.61,0
TXN-003399,8,Transferencia,205580.5,7,Lunes,0,489,132747.7,0
TXN-003976,147,Transferencia,76093.67,14,Jueves,0,881,101869.48,0
TXN-003771,76,Pago de servicio,43516.21,14,Lunes,0,173,45206.89,0
TXN-000167,69,Depósito,83236.4,18,Martes,1,689,53209.42,0
TXN-001752,53,Transferencia,50816.52,11,Viernes,1,1287,48356.02,0
TXN-001480,83,Retiro,66471.49,11,Martes,0,1473,56828.23,0
TXN-001025,24,Transferencia,56152.17,10,Viernes,0,821,87094.91,0
TXN-001789,123,Transferencia,95037.05,10,Sábado,0,1022,140336.95,0
TXN-002265,77,Pago de servicio,95300.73,19,Sábado,0,910,128251.96,0
TXN-002474,40,Transferencia,103305.05,10,Viernes,0,1050,83255.0,0
TXN-001823,148,Pago de servicio,78729.08,11,Domingo,1,719,78274.02,0
TXN-001221,102,Pago de servicio,161371.66,18,Sábado,0,1402,151232.32,0
TXN-001667,96,Pago de servicio,202366.75,23,Martes,1,1662,180405.84,0
TXN-002961,130,Transferencia,195696.75,17,Miércoles,0,663,180894.21,0
TXN-000153,102,Transferencia,124386.5,15,Jueves,0,1402,165962.01,0
TXN-002535,97,Transferencia,126972.79,12,Lunes,0,1049,81096.43,0
TXN-004689,118,Depósito,90334.19,16,Miércoles,0,429,95052.87,0
TXN-001979,35,Depósito,109748.37,8,Viernes,1,1058,121265.39,0
TXN-001470,20,Retiro,309701.97,13,Jueves,0,1530,171775.95,0
TXN-002808,38,Pago de servicio,278625.94,20,Jueves,0,1607,280504.99,0
TXN-002513,77,Transferencia,76731.15,16,Viernes,0,910,120539.77,0
TXN-002944,37,Pago de servicio,99396.14,14,Martes,0,236,107987.35,0
TXN-002981,132,Pago de servicio,55372.39,14,Martes,0,517,62277.81,0
TXN-004823,44,Retiro,192949.56,10,Miércoles,0,1139,149537.27,0
TXN-003018,138,Pago de servicio,107567.2,15,Viernes,0,503,170669.02,0
TXN-001567,67,Retiro,120629.98,11,Miércoles,1,227,97503.86,0
TXN-000032,82,Transferencia,89068.15,11,Martes,0,1726,103457.26,0
TXN-000938,105,Transferencia,29701.66,10,Lunes,0,1214,55515.11,0
TXN-001216,36,Pago de servicio,53228.64,14,Miércoles,0,532,64068.6,0
TXN-001938,18,Depósito,71441.15,6,Viernes,0,1615,115834.92,0
TXN-001130,80,Transferencia,81215.1,8,Lunes,0,1712,151580.33,0
TXN-000310,113,Pago de servicio,209879.04,2,Domingo,0,1735,55307.69,1
TXN-004902,38,Retiro,307830.67,12,Lunes,0,1607,284500.62,0
TXN-002169,29,Transferencia,113868.83,13,Viernes,0,1081,80253.68,0
TXN-003114,127,Pago de servicio,43038.86,11,Sábado,0,1657,96239.35,0
TXN-000496,5,Transferencia,229071.05,10,Jueves,0,1362,254887.01,0
TXN-000206,137,Pago de servicio,29651.36,16,Viernes,0,941,110305.65,0
TXN-002674,113,Retiro,49706.48,16,Viernes,0,1735,60929.15,0
TXN-003358,1,Pago de servicio,2863331.77,19,Viernes,0,1125,144582.95,1
TXN-003831,24,Transferencia,33969.19,13,Viernes,0,821,77375.69,0
TXN-000306,119,Transferencia,89238.02,10,Viernes,0,883,105307.67,0
TXN-003794,23,Retiro,63983.3,19,Martes,0,367,103787.86,0
TXN-002202,73,Transferencia,24340.82,10,Sábado,0,901,61601.97,0
TXN-001062,149,Transferencia,49022.99,16,Jueves,0,720,45647.23,0
TXN-000844,2,Transferencia,129628.82,21,Miércoles,0,1074,88793.19,0
TXN-003873,107,Pago de servicio,16343.96,13,Miércoles,0,599,48132.78,0
TXN-002252,77,Retiro,111040.52,16,Viernes,0,910,96822.75,0
TXN-000212,131,Pago de servicio,54762.39,16,Lunes,0,1171,80363.58,0
TXN-003998,121,Pago de servicio,74303.84,3,Jueves,0,1745,121114.28,0
TXN-000680,45,Pago de servicio,149194.06,23,Jueves,0,1042,106175.33,0
TXN-000566,87,Pago de servicio,23021.02,16,Domingo,0,1734,17237.88,0
TXN-003291,87,Transferencia,1000.0,18,Sábado,1,1734,17978.68,0
TXN-004355,55,Pago de servicio,114836.43,13,Sábado,0,1286,86429.83,0
TXN-000681,59,Retiro,67169.59,15,Viernes,0,1134,58720.09,0
TXN-000181,17,Transferencia,249247.68,11,Sábado,0,235,210874.88,0
TXN-004280,136,Transferencia,89327.79,20,Miércoles,0,1273,118188.63,0
TXN-002496,77,Retiro,157025.77,19,Lunes,0,910,128275.17,0
TXN-002317,109,Retiro,123816.01,13,Sábado,0,1716,113005.16,0
TXN-004274,67,Pago de servicio,108950.86,11,Sábado,0,227,89426.02,0
TXN-000279,26,Transferencia,45983.22,15,Domingo,0,1210,53229.9,0
TXN-003684,115,Transferencia,163896.13,19,Jueves,0,857,113599.17,0
TXN-004763,28,Retiro,145336.42,7,Jueves,0,408,148278.05,0
TXN-000433,98,Depósito,764955.22,19,Martes,0,845,432250.85,0
TXN-000290,19,Transferencia,48846.46,9,Jueves,0,595,44154.93,0
TXN-001028,124,Transferencia,60993.8,16,Martes,0,1106,35716.74,0
TXN-000536,61,Pago de servicio,35078.31,11,Jueves,0,1789,94231.21,0
TXN-003632,43,Pago de servicio,71866.82,16,Lunes,0,1752,61605.7,0
TXN-000189,113,Transferencia,57864.68,19,Martes,0,1735,50518.56,0
TXN-002175,83,Depósito,93343.67,10,Sábado,0,1473,57680.22,0
TXN-003916,126,Transferencia,856364.84,8,Domingo,0,852,93454.97,1
TXN-001863,7,Depósito,84416.27,14,Miércoles,0,306,82516.25,0
TXN-000271,75,Transferencia,136133.96,14,Viernes,0,1664,112602.83,0
TXN-001729,117,Depósito,134991.67,7,Domingo,1,541,255344.2,0
TXN-004076,26,Transferencia,52261.81,15,Jueves,0,1210,65336.76,0
TXN-002158,129,Pago de servicio,88951.74,13,Lunes,0,1694,134420.98,0
TXN-003932,114,Transferencia,190861.52,12,Lunes,1,567,203902.34,0
TXN-000112,77,Transferencia,81355.04,18,Miércoles,0,910,128094.56,0
TXN-002385,37,Transferencia,99714.39,14,Jueves,0,236,110762.72,0
TXN-000221,61,Retiro,107221.65,10,Viernes,0,1789,101366.14,0
TXN-000628,44,Pago de servicio,128188.33,10,Miércoles,1,1139,132997.04,0
TXN-001182,80,Transferencia,142144.75,8,Viernes,0,1712,141038.21,0
TXN-003382,108,Pago de servicio,46509.63,9,Jueves,0,715,38334.46,0
TXN-002423,138,Transferencia,234693.52,15,Viernes,0,503,139093.21,0
TXN-000791,138,Depósito,115303.39,13,Domingo,0,503,163845.75,0
TXN-004276,59,Pago de servicio,30945.21,15,Viernes,0,1134,57053.02,0
TXN-000462,86,Transferencia,245882.06,1,Jueves,0,367,63510.65,1
TXN-004403,130,Transferencia,153948.79,17,Jueves,0,663,162028.1,0
TXN-000552,66,Pago de servicio,134530.69,3,Lunes,0,796,93874.21,0
TXN-003130,8,Transferencia,2720765.66,6,Sábado,0,489,153481.45,1
TXN-001445,148,Retiro,115021.57,15,Lunes,0,719,73606.54,0
TXN-000199,66,Pago de servicio,93345.75,7,Miércoles,0,796,93393.85,0
TXN-002590,14,Transferencia,136912.67,11,Viernes,0,870,122251.4,0
TXN-000403,26,Transferencia,79391.78,17,Sábado,0,1210,52625.67,0
TXN-003960,31,Pago de servicio,37560.25,12,Miércoles,0,436,37957.18,0
TXN-004190,111,Transferencia,241701.46,8,Sábado,0,1157,159493.0,0
TXN-004764,47,Pago de servicio,56424.84,19,Miércoles,0,1384,73965.08,0
TXN-002096,69,Pago de servicio,63439.99,17,Martes,0,689,47064.11,0
TXN-002901,127,Transferencia,120855.77,6,Domingo,0,1657,82667.77,0
TXN-004463,107,Retiro,28094.3,15,Lunes,0,599,45074.77,0
TXN-000651,10,Retiro,126842.94,18,Miércoles,0,1005,85692.49,0
TXN-000709,92,Transferencia,128363.7,11,Lunes,0,499,177042.3,0
TXN-001481,111,Transferencia,261243.82,8,Sábado,0,1157,190494.64,0
TXN-004415,108,Transferencia,49393.31,8,Miércoles,1,715,38670.08,0
TXN-003066,102,Transferencia,196232.57,15,Martes,0,1402,170442.42,0
TXN-002396,14,Transferencia,110012.07,10,Lunes,0,870,138352.11,0
TXN-001770,96,Pago de servicio,208690.68,20,Viernes,0,1662,153803.45,0
TXN-000315,72,Retiro,86823.41,9,Sábado,0,518,60334.96,0
TXN-003762,109,Pago de servicio,110648.3,10,Lunes,0,1716,106500.34,0
TXN-004910,108,Pago de servicio,30230.25,9,Miércoles,0,715,40144.29,0
TXN-000114,59,Transferencia,74180.27,10,Sábado,0,1134,69207.18,0
TXN-000961,67,Retiro,80621.64,9,Sábado,0,227,95091.95,0
TXN-002911,2,Transferencia,138642.61,21,Martes,0,1074,93987.06,0
TXN-003406,16,Pago de servicio,117340.55,17,Lunes,0,1508,92697.95,0
TXN-001624,31,Transferencia,63644.47,12,Viernes,0,436,34443.88,0
TXN-003323,119,Transferencia,105083.91,15,Viernes,1,883,115778.72,0
TXN-005000,13,Transferencia,83947.11,12,Lunes,0,676,92532.0,0
TXN-001819,11,Retiro,76083.59,18,Martes,0,592,89113.23,0
TXN-003195,140,Pago de servicio,79835.88,23,Martes,0,386,58784.08,0
TXN-003008,6,Pago de servicio,130961.42,11,Jueves,1,373,163256.2,0
TXN-003415,51,Transferencia,169908.34,14,Martes,0,739,103238.75,0
TXN-004529,51,Pago de servicio,89825.62,12,Viernes,1,739,120535.55,0
TXN-001898,35,Pago de servicio,130517.26,5,Miércoles,0,1058,115201.07,0
TXN-001919,104,Retiro,111281.81,6,Miércoles,0,1169,90284.2,0
TXN-001271,134,Retiro,206149.91,12,Viernes,0,819,156949.51,0
TXN-004177,35,Transferencia,122295.32,8,Domingo,0,1058,124617.83,0
TXN-004963,150,Transferencia,160591.17,19,Viernes,0,1666,110477.01,0
TXN-004884,8,Transferencia,2275293.75,9,Jueves,0,489,155540.29,1
TXN-004095,126,Pago de servicio,100168.51,12,Miércoles,0,852,103003.8,0
TXN-003160,41,Transferencia,191960.66,14,Sábado,1,260,145285.71,0
TXN-001814,49,Retiro,66890.07,6,Miércoles,0,1430,174829.45,0
TXN-002427,85,Transferencia,100066.41,19,Viernes,0,943,124426.22,0
TXN-003951,147,Transferencia,116037.1,19,Jueves,0,881,90229.87,0
TXN-004429,49,Retiro,176315.46,8,Martes,0,1430,158139.17,0
TXN-002143,110,Pago de servicio,71614.95,5,Domingo,0,1692,60695.93,0
TXN-001627,93,Transferencia,43481.55,12,Sábado,0,259,61319.46,0
TXN-000790,44,Depósito,78983.38,9,Viernes,0,1139,157559.01,0
TXN-003787,47,Pago de servicio,87425.3,17,Domingo,0,1384,62323.85,0
TXN-001865,134,Transferencia,99810.2,11,Domingo,0,819,142857.62,0
TXN-002866,26,Transferencia,28237.44,13,Domingo,0,1210,55774.98,0
TXN-000872,107,Pago de servicio,42090.3,6,Lunes,1,599,41295.17,0
TXN-003272,37,Transferencia,80645.7,15,Miércoles,0,236,99588.93,0
TXN-003834,89,Pago de servicio,128836.73,8,Martes,0,1557,108598.9,0
TXN-000074,50,Transferencia,135117.26,2,Viernes,0,662,91896.51,1
TXN-001753,95,Transferencia,25651.94,7,Viernes,0,1330,108161.02,0
TXN-001422,59,Pago de servicio,58451.82,12,Sábado,0,1134,56210.9,0
TXN-004222,79,Retiro,73524.65,11,Miércoles,0,1286,127230.12,0
TXN-004694,16,Retiro,106175.59,17,Viernes,0,1508,89666.86,0
TXN-004370,96,Transferencia,111774.57,20,Sábado,0,1662,144636.83,0
TXN-004576,70,Retiro,599447.61,16,Miércoles,0,984,72832.51,1
TXN-003810,57,Pago de servicio,149438.86,14,Lunes,0,1563,108770.94,0
TXN-002245,37,Transferencia,124677.35,14,Miércoles,0,236,95200.08,0
TXN-003048,61,Pago de servicio,108134.74,14,Jueves,0,1789,100669.34,0
TXN-002446,135,Transferencia,37330.33,7,Miércoles,0,726,50630.84,0
TXN-000495,66,Transferencia,95855.29,6,Lunes,1,796,121568.32,0
TXN-003131,5,Transferencia,254921.2,11,Viernes,0,1362,281395.23,0
TXN-004322,22,Retiro,126754.76,14,Lunes,0,1305,113249.05,0
TXN-004398,38,Transferencia,156420.25,17,Lunes,0,1607,245143.18,0
TXN-001165,23,Transferencia,159082.94,20,Martes,0,367,93057.79,0
TXN-003735,80,Retiro,198585.38,7,Martes,0,1712,171862.41,0
TXN-001731,66,Pago de servicio,93987.4,7,Lunes,0,796,109058.55,0
TXN-004813,149,Transferencia,54236.71,20,Jueves,0,720,45144.3,0
TXN-002403,3,Retiro,52626.4,14,Jueves,0,1512,73361.38,0
TXN-003404,12,Transferencia,83593.89,17,Miércoles,0,1620,90411.52,0
TXN-000619,28,Transferencia,158594.63,6,Martes,0,408,170572.4,0
TXN-001698,28,Retiro,235450.75,3,Lunes,1,408,191378.68,0
TXN-003594,107,Transferencia,45966.63,12,Sábado,0,599,50420.49,0
TXN-001958,81,Transferencia,156559.18,14,Martes,1,83,121285.62,0
TXN-001222,43,Retiro,97299.94,13,Viernes,0,1752,57101.97,0
TXN-002074,110,Pago de servicio,68376.02,13,Sábado,0,1692,56398.05,0
TXN-003411,27,Retiro,97420.3,9,Jueves,1,448,123710.33,0
TXN-000870,137,Transferencia,173813.0,17,Sábado,0,941,145218.7,0
TXN-002719,49,Transferencia,167783.17,3,Miércoles,0,1430,156651.2,0
TXN-001043,41,Pago de servicio,186718.72,15,Lunes,0,260,152898.51,0
TXN-001362,73,Transferencia,48727.77,6,Lunes,0,901,48437.39,0
TXN-000357,31,Transferencia,32918.23,13,Sábado,0,436,34460.94,0
TXN-001163,135,Pago de servicio,54834.95,14,Jueves,0,726,43097.0,0
TXN-002766,73,Transferencia,69568.28,9,Viernes,0,901,64102.75,0
TXN-003253,74,Retiro,175064.66,5,Jueves,1,502,232773.68,0
TXN-001439,30,Pago de servicio,92728.92,14,Miércoles,0,230,75115.37,0
TXN-003604,86,Transferencia,74048.8,19,Jueves,0,367,58930.67,0
TXN-004941,128,Transferencia,88821.91,16,Martes,0,1399,69654.72,0
TXN-004594,108,Transferencia,45146.21,8,Domingo,0,715,41823.5,0
TXN-003640,141,Pago de servicio,316881.33,11,Domingo,0,1153,256260.05,0
TXN-001254,56,Transferencia,121520.16,12,Jueves,0,1166,134826.47,0
TXN-003366,10,Transferencia,74637.03,16,Viernes,0,1005,79362.79,0
TXN-000333,141,Pago de servicio,2875940.12,12,Lunes,0,1153,240980.09,1
TXN-003695,131,Transferencia,65023.24,21,Domingo,0,1171,82930.79,0
TXN-003569,115,Transferencia,185267.85,15,Jueves,0,857,132409.23,0
TXN-002729,114,Transferencia,151351.85,13,Lunes,0,567,260121.96,0
TXN-003668,12,Pago de servicio,125540.65,18,Martes,0,1620,76115.48,0
TXN-001631,31,Retiro,41564.39,12,Lunes,0,436,43357.53,0
TXN-001117,57,Pago de servicio,59049.61,19,Viernes,0,1563,94048.22,0
TXN-001850,37,Pago de servicio,43767.13,13,Sábado,1,236,100179.3,0
TXN-003555,97,Pago de servicio,68727.35,10,Domingo,0,1049,89851.5,0
TXN-003154,108,Transferencia,38235.07,8,Lunes,1,715,39651.69,0
TXN-003266,130,Retiro,140530.28,17,Martes,0,663,178474.47,0
TXN-001666,123,Pago de servicio,125602.05,8,Martes,0,1022,130532.54,0
TXN-000446,49,Transferencia,200092.1,4,Martes,1,1430,142699.03,0
TXN-002246,9,Pago de servicio,62597.05,17,Sábado,0,1529,86958.55,0
TXN-000453,8,Transferencia,182178.83,5,Miércoles,0,489,122668.62,0
TXN-001552,40,Transferencia,65935.0,12,Miércoles,0,1050,89833.45,0
TXN-004435,121,Retiro,95089.59,9,Lunes,0,1745,123848.37,0
TXN-002955,55,Pago de servicio,73054.66,15,Domingo,0,1286,91370.37,0
TXN-000015,137,Transferencia,101448.81,21,Domingo,0,941,130578.86,0
TXN-003629,95,Transferencia,78514.47,8,Viernes,0,1330,118558.14,0
TXN-000946,20,Depósito,252581.77,14,Sábado,1,1530,200785.92,0
TXN-000248,70,Pago de servicio,75553.78,19,Lunes,0,984,64751.29,0
TXN-004698,57,Transferencia,68087.34,16,Lunes,1,1563,112000.6,0
TXN-000361,8,Transferencia,152904.06,4,Jueves,0,489,154400.7,0
TXN-004657,138,Pago de servicio,126985.34,17,Miércoles,0,503,137896.2,0
TXN-001615,14,Transferencia,107774.87,10,Martes,0,870,120085.71,0
TXN-002304,125,Depósito,187521.44,8,Viernes,0,1403,219011.15,0
TXN-004142,107,Transferencia,37385.77,12,Sábado,1,599,38404.02,0
TXN-003169,120,Retiro,1090489.36,8,Lunes,0,1718,71288.48,1
TXN-002479,126,Pago de servicio,91775.11,7,Viernes,0,852,102349.94,0
TXN-004215,146,Transferencia,95059.14,12,Sábado,0,287,146243.88,0
TXN-004181,75,Transferencia,117886.63,17,Domingo,1,1664,112258.46,0
TXN-004885,38,Retiro,171661.81,15,Lunes,0,1607,244424.77,0
TXN-003164,83,Transferencia,59568.27,15,Lunes,0,1473,66981.13,0
TXN-000491,35,Pago de servicio,148929.55,9,Viernes,1,1058,131012.45,0
TXN-000863,138,Retiro,87744.66,15,Martes,0,503,153026.8,0
TXN-001741,76,Depósito,40755.57,11,Domingo,0,173,42399.54,0
TXN-004100,137,Depósito,102723.9,17,Martes,0,941,111823.19,0
TXN-004386,99,Pago de servicio,48245.31,18,Jueves,0,187,51187.51,0
TXN-002448,40,Transferencia,87122.21,8,Martes,1,1050,86725.35,0
TXN-004231,133,Transferencia,99926.49,15,Martes,0,733,110630.61,0
TXN-000507,54,Transferencia,106704.68,17,Sábado,0,693,71605.44,0
TXN-002678,104,Pago de servicio,109112.15,2,Sábado,0,1169,100405.63,0
TXN-002996,79,Pago de servicio,125780.72,19,Jueves,0,1286,125683.71,0
TXN-001943,103,Transferencia,976725.53,8,Lunes,1,729,147522.81,1
TXN-001223,79,Pago de servicio,120132.84,12,Martes,0,1286,104485.37,0
TXN-001114,94,Pago de servicio,81029.32,21,Martes,0,592,68736.49,0
TXN-001906,47,Transferencia,81661.21,19,Sábado,0,1384,67219.26,0
TXN-003424,107,Retiro,47022.62,16,Lunes,0,599,46610.83,0
TXN-001878,24,Pago de servicio,25922.02,13,Domingo,0,821,81613.01,0
TXN-004673,35,Transferencia,127624.68,6,Viernes,1,1058,113143.46,0
TXN-000434,32,Pago de servicio,79319.74,19,Miércoles,0,1781,171907.47,0
TXN-002365,44,Transferencia,225138.02,8,Viernes,1,1139,136198.02,0
TXN-003155,111,Transferencia,287470.54,4,Lunes,1,1157,189950.0,0
TXN-002836,96,Transferencia,219766.79,19,Viernes,0,1662,157130.5,0
TXN-002093,13,Transferencia,108992.8,11,Jueves,0,676,92123.52,0
TXN-003011,73,Pago de servicio,78939.18,5,Miércoles,1,901,49208.08,0
TXN-003163,19,Retiro,36841.46,12,Martes,0,595,44773.06,0
TXN-002946,67,Retiro,109218.52,7,Martes,0,227,95749.77,0
TXN-003917,123,Transferencia,118044.5,9,Sábado,1,1022,111378.78,0
TXN-002917,86,Depósito,40036.69,23,Domingo,0,367,57817.99,0
TXN-001103,67,Retiro,422105.16,2,Martes,1,227,93347.53,1
TXN-001449,95,Transferencia,130852.95,5,Viernes,0,1330,117791.02,0
TXN-001721,139,Pago de servicio,15012.98,6,Martes,0,1307,12110.89,0
TXN-004519,146,Retiro,153763.73,11,Miércoles,0,287,147025.49,0
TXN-003843,6,Transferencia,194418.1,8,Viernes,0,373,163876.78,0
TXN-000157,79,Depósito,158858.85,14,Miércoles,1,1286,113081.15,0
TXN-002979,48,Transferencia,147859.55,17,Lunes,0,1401,134597.52,0
TXN-001774,55,Transferencia,144400.57,14,Martes,0,1286,102908.39,0
TXN-000616,146,Transferencia,148803.45,16,Martes,0,287,118565.62,0
TXN-000644,120,Transferencia,99404.71,10,Jueves,0,1718,87222.86,0
TXN-001936,138,Pago de servicio,28047.34,14,Martes,0,503,161224.53,0
TXN-004278,45,Transferencia,39395.87,18,Jueves,0,1042,107228.73,0
TXN-001069,72,Retiro,69783.43,11,Miércoles,1,518,52427.72,0
TXN-004455,58,Transferencia,87872.64,13,Martes,0,1439,94715.09,0
TXN-004155,142,Transferencia,15484.88,9,Jueves,0,1233,42121.21,0
TXN-004240,77,Pago de servicio,118825.57,17,Viernes,0,910,103277.19,0
TXN-004869,105,Pago de servicio,76323.41,11,Sábado,0,1214,57009.42,0
TXN-000331,110,Transferencia,86969.68,8,Jueves,0,1692,58687.27,0
TXN-002058,26,Pago de servicio,70833.86,16,Lunes,0,1210,49819.95,0
TXN-002647,147,Transferencia,119339.61,12,Martes,1,881,91229.13,0
TXN-002192,124,Depósito,30953.22,12,Domingo,1,1106,31006.15,0
TXN-000623,18,Transferencia,142494.67,5,Lunes,0,1615,123781.79,0
TXN-001596,88,Depósito,45376.79,10,Viernes,0,190,66623.34,0
TXN-002916,32,Retiro,325545.71,19,Sábado,0,1781,215116.32,0
TXN-004822,67,Transferencia,149593.33,7,Martes,0,227,95309.57,0
TXN-003899,10,Transferencia,71722.71,16,Lunes,0,1005,83560.65,0
TXN-001920,75,Depósito,108955.13,17,Viernes,0,1664,96683.02,0
TXN-004174,149,Depósito,40236.34,17,Miércoles,0,720,57649.2,0
TXN-004478,70,Transferencia,63203.51,16,Martes,0,984,77366.54,0
TXN-000756,76,Pago de servicio,51854.49,11,Viernes,0,173,39443.11,0
TXN-000519,46,Transferencia,123665.81,15,Martes,1,825,167907.93,0
TXN-003804,142,Transferencia,36628.67,3,Martes,0,1233,41989.42,0
TXN-000033,143,Transferencia,322413.06,16,Lunes,0,1661,223236.98,0
TXN-002938,52,Retiro,141900.46,15,Domingo,0,1464,121656.72,0
TXN-001158,40,Transferencia,46448.82,8,Viernes,0,1050,76809.51,0
TXN-000745,148,Retiro,61508.32,14,Sábado,1,719,74173.27,0
TXN-001498,3,Depósito,110306.19,17,Miércoles,1,1512,75067.03,0
TXN-003460,99,Pago de servicio,55228.11,21,Jueves,0,187,50468.74,0
TXN-003756,115,Transferencia,58192.11,18,Viernes,0,857,114032.1,0
TXN-002592,142,Retiro,32914.25,6,Jueves,1,1233,45858.85,0
TXN-000784,138,Transferencia,241162.5,14,Lunes,0,503,156687.79,0
TXN-003494,114,Pago de servicio,238769.28,17,Miércoles,0,567,220564.97,0
TXN-002950,55,Retiro,94392.23,11,Sábado,1,1286,96994.85,0
TXN-000230,31,Pago de servicio,27179.45,13,Sábado,0,436,41454.71,0
TXN-000858,6,Pago de servicio,90117.03,6,Jueves,1,373,177858.39,0
TXN-002267,92,Transferencia,110519.32,11,Miércoles,0,499,196092.76,0
TXN-004275,100,Transferencia,44153.43,17,Miércoles,1,1099,121969.81,0
TXN-000409,31,Pago de servicio,55864.05,11,Martes,0,436,37504.45,0
TXN-000171,145,Transferencia,45806.34,16,Miércoles,0,365,54607.68,0
TXN-000541,72,Pago de servicio,73703.84,10,Jueves,1,518,53314.64,0
TXN-002211,126,Depósito,81429.41,9,Lunes,1,852,103510.11,0
TXN-002305,129,Pago de servicio,194684.33,8,Martes,0,1694,135795.87,0
TXN-002568,21,Transferencia,125140.08,11,Jueves,0,1515,164803.13,0
TXN-000614,21,Retiro,161158.14,12,Martes,1,1515,173861.42,0
TXN-002102,35,Pago de servicio,143142.46,2,Martes,0,1058,126930.52,0
TXN-001809,107,Depósito,30664.92,13,Jueves,0,599,43267.55,0
TXN-003439,30,Pago de servicio,103253.47,15,Lunes,0,230,64939.03,0
TXN-001162,112,Pago de servicio,88449.79,7,Sábado,0,1446,116925.87,0
TXN-004226,116,Transferencia,146273.59,11,Viernes,0,932,100595.44,0
TXN-003120,141,Transferencia,210698.91,13,Lunes,0,1153,233215.74,0
TXN-003653,97,Retiro,72140.89,9,Miércoles,0,1049,82519.01,0
TXN-001611,54,Retiro,107390.05,17,Martes,0,693,83082.05,0
TXN-001933,44,Depósito,75356.36,7,Domingo,0,1139,133398.7,0
TXN-003028,141,Retiro,191651.11,11,Jueves,0,1153,267577.7,0
TXN-000565,44,Transferencia,170457.73,10,Jueves,0,1139,172474.7,0
TXN-003572,95,Transferencia,112852.0,5,Lunes,0,1330,117515.09,0
TXN-004248,17,Transferencia,267202.29,8,Sábado,0,235,174762.43,0
TXN-002389,136,Transferencia,142721.53,22,Martes,0,1273,101868.72,0
TXN-001472,78,Pago de servicio,254619.05,12,Miércoles,0,926,219911.33,0
TXN-002631,121,Transferencia,105259.23,6,Martes,0,1745,108316.92,0
TXN-001836,127,Transferencia,107752.58,15,Sábado,0,1657,94088.16,0
TXN-004929,51,Transferencia,158698.52,11,Lunes,0,739,129418.16,0
TXN-003476,23,Pago de servicio,57822.73,20,Miércoles,0,367,78373.77,0
TXN-001534,53,Pago de servicio,20568.52,5,Jueves,0,1287,38826.6,0
TXN-004328,21,Pago de servicio,224964.25,14,Sábado,0,1515,171819.35,0
TXN-002485,106,Pago de servicio,28176.26,7,Jueves,1,157,39894.64,0
TXN-004208,145,Retiro,6678.53,18,Martes,0,365,56529.55,0
TXN-001173,83,Transferencia,108997.93,14,Miércoles,1,1473,61175.7,0
TXN-001428,135,Transferencia,8612.83,10,Viernes,0,726,44023.78,0
TXN-000326,55,Transferencia,75774.88,15,Lunes,1,1286,89876.97,0
TXN-001052,129,Pago de servicio,205689.48,7,Sábado,0,1694,150016.67,0
TXN-003320,78,Transferencia,164707.11,10,Jueves,0,926,229073.73,0
TXN-004722,54,Retiro,68776.1,14,Sábado,0,693,74503.01,0
TXN-003865,89,Pago de servicio,124774.14,9,Martes,0,1557,103464.29,0
TXN-002604,35,Retiro,99442.96,3,Jueves,0,1058,104525.12,0
TXN-001739,116,Transferencia,1790752.0,16,Lunes,0,932,114142.49,1
TXN-001197,130,Transferencia,160004.87,17,Martes,0,663,187042.06,0
TXN-000621,23,Transferencia,110164.3,20,Miércoles,0,367,104127.53,0
TXN-001375,99,Pago de servicio,65550.37,16,Sábado,1,187,50299.53,0
TXN-002880,11,Pago de servicio,70490.39,21,Jueves,1,592,81871.29,0
TXN-001190,85,Depósito,125562.73,17,Miércoles,0,943,117248.12,0
TXN-000329,107,Transferencia,32952.97,9,Sábado,0,599,39508.53,0
TXN-000649,37,Pago de servicio,109545.94,11,Jueves,1,236,88930.65,0
TXN-000898,123,Transferencia,70256.84,10,Viernes,1,1022,128182.72,0
TXN-003883,80,Transferencia,190233.0,10,Jueves,0,1712,155649.49,0
TXN-001124,56,Transferencia,136963.7,5,Domingo,0,1166,113234.05,0
TXN-001892,106,Transferencia,59303.19,12,Lunes,0,157,37636.32,0
TXN-004644,20,Depósito,142233.89,15,Martes,1,1530,180525.98,0
TXN-004792,8,Transferencia,125505.38,4,Viernes,1,489,128014.08,0
TXN-004530,2,Transferencia,107293.71,16,Lunes,0,1074,79175.86,0
TXN-004235,4,Pago de servicio,61191.82,12,Martes,0,1426,84026.69,0
TXN-001594,93,Transferencia,85109.86,11,Sábado,0,259,50374.68,0
TXN-003313,144,Transferencia,45445.9,4,Lunes,0,1045,35941.98,0
TXN-002548,128,Depósito,85751.01,22,Miércoles,0,1399,67085.16,0
TXN-001546,90,Transferencia,55506.9,11,Lunes,0,1188,85126.52,0
TXN-004337,62,Pago de servicio,125520.55,6,Jueves,0,414,133126.79,0
TXN-001024,132,Transferencia,73382.4,14,Miércoles,1,517,62137.56,0
TXN-001972,115,Transferencia,156633.96,18,Lunes,0,857,122387.16,0
TXN-004989,56,Transferencia,44938.59,9,Martes,0,1166,122577.88,0
TXN-001715,13,Transferencia,99532.34,11,Miércoles,0,676,104371.52,0
TXN-001718,12,Transferencia,34922.93,20,Martes,0,1620,94859.1,0
TXN-001478,42,Transferencia,126423.37,21,Martes,0,1708,109566.22,0
TXN-000810,94,Retiro,113622.24,18,Lunes,0,592,69409.63,0
TXN-002851,35,Pago de servicio,98337.52,8,Lunes,0,1058,139055.68,0
TXN-000979,83,Transferencia,29478.97,10,Lunes,0,1473,68936.03,0
TXN-004688,16,Transferencia,304458.67,3,Jueves,0,1508,84261.29,1
TXN-004896,137,Transferencia,90850.08,12,Martes,0,941,128855.33,0
TXN-001685,5,Retiro,246407.22,10,Jueves,0,1362,282398.38,0
TXN-004661,96,Transferencia,199018.04,19,Jueves,0,1662,186231.33,0
TXN-001515,104,Transferencia,106013.4,3,Viernes,0,1169,82290.97,0
TXN-002405,140,Pago de servicio,51564.12,20,Viernes,0,386,49243.55,0
TXN-002022,70,Transferencia,101697.82,1,Miércoles,0,984,73443.64,1
TXN-004554,96,Transferencia,2243903.62,21,Domingo,0,1662,168904.79,1
TXN-001768,93,Pago de servicio,60041.15,10,Jueves,0,259,65153.16,0
TXN-000175,101,Pago de servicio,100751.79,17,Jueves,1,1090,94895.05,0
TXN-001555,99,Pago de servicio,44629.08,15,Viernes,0,187,49731.86,0
TXN-004216,93,Transferencia,10104.45,10,Viernes,0,259,58233.89,0
TXN-001483,77,Retiro,134843.02,19,Martes,0,910,128287.46,0
TXN-004462,67,Depósito,91129.46,10,Viernes,0,227,91202.04,0
TXN-000218,2,Transferencia,140939.73,17,Sábado,0,1074,87480.4,0
TXN-003915,24,Transferencia,143033.98,13,Martes,0,821,84410.58,0
TXN-003721,80,Pago de servicio,186309.82,7,Sábado,1,1712,176514.03,0
TXN-000691,141,Retiro,303297.7,11,Miércoles,0,1153,246805.99,0
TXN-002578,3,Transferencia,76120.46,18,Domingo,0,1512,96831.46,0
TXN-002234,100,Transferencia,140458.59,19,Martes,0,1099,141357.24,0
TXN-002239,109,Transferencia,37245.37,11,Jueves,0,1716,104517.96,0
TXN-001107,37,Transferencia,33072.49,17,Lunes,0,236,104276.82,0
TXN-001790,30,Depósito,70730.4,12,Lunes,0,230,76322.2,0
TXN-003189,96,Transferencia,218753.22,20,Sábado,0,1662,165532.33,0
TXN-002437,117,Retiro,252254.0,5,Martes,0,541,205985.45,0
TXN-000612,106,Depósito,33270.5,6,Martes,0,157,38052.65,0
TXN-003661,79,Depósito,104567.27,11,Lunes,1,1286,115130.65,0
TXN-003712,102,Pago de servicio,173268.25,15,Martes,0,1402,147817.42,0
TXN-000577,106,Pago de servicio,72053.77,6,Sábado,0,157,40253.3,0
TXN-002064,145,Pago de servicio,50358.64,13,Domingo,0,365,62250.24,0
TXN-004436,16,Transferencia,103185.62,16,Viernes,0,1508,75177.35,0
TXN-001181,120,Transferencia,55551.08,8,Martes,1,1718,67905.59,0
TXN-000889,89,Pago de servicio,51820.67,7,Viernes,0,1557,89546.03,0
TXN-003129,66,Pago de servicio,137123.54,7,Martes,0,796,118023.97,0
TXN-001733,144,Transferencia,28878.22,6,Jueves,1,1045,46982.16,0
TXN-002664,47,Transferencia,79413.83,19,Sábado,0,1384,62876.93,0
TXN-000818,33,Transferencia,222729.25,8,Martes,1,1600,191162.1,0
TXN-003278,125,Transferencia,150909.63,9,Miércoles,0,1403,211480.71,0
TXN-001860,147,Pago de servicio,78722.9,21,Domingo,0,881,89212.28,0
TXN-000209,45,Retiro,130713.93,23,Miércoles,0,1042,132081.29,0
TXN-000294,32,Pago de servicio,231494.91,18,Miércoles,0,1781,202306.08,0
TXN-001120,22,Retiro,131867.7,13,Miércoles,0,1305,117767.68,0
TXN-002214,75,Pago de servicio,114748.26,16,Miércoles,0,1664,99141.19,0
TXN-001610,22,Transferencia,81596.52,12,Martes,1,1305,119228.04,0
TXN-001265,48,Transferencia,163693.37,12,Lunes,0,1401,118564.77,0
TXN-000991,69,Pago de servicio,114972.79,19,Domingo,0,689,49906.68,0
TXN-004198,60,Transferencia,168531.37,14,Viernes,0,142,112008.16,0
TXN-001617,114,Transferencia,179185.2,14,Lunes,0,567,221856.6,0
TXN-000354,63,Transferencia,5496.63,17,Jueves,0,759,79860.06,0
TXN-004558,109,Transferencia,137333.63,14,Miércoles,0,1716,113978.38,0
TXN-002023,63,Pago de servicio,330861.18,4,Domingo,0,759,77858.45,1
TXN-003691,92,Retiro,2003398.9,9,Miércoles,0,499,195221.75,1
TXN-002556,149,Transferencia,56714.0,19,Viernes,0,720,49233.67,0
TXN-003049,53,Transferencia,49199.27,6,Sábado,0,1287,41195.41,0
TXN-001229,115,Pago de servicio,162231.24,17,Miércoles,0,857,102338.04,0
TXN-000260,138,Transferencia,152914.29,14,Miércoles,0,503,160505.48,0
TXN-001520,5,Retiro,364656.68,1,Jueves,0,1362,262210.51,1
TXN-001778,147,Transferencia,128666.97,17,Viernes,0,881,107187.57,0
TXN-004740,143,Pago de servicio,210998.27,16,Martes,0,1661,216497.07,0
TXN-001771,102,Depósito,184108.64,15,Martes,0,1402,149818.5,0
TXN-004354,108,Transferencia,35771.38,10,Martes,1,715,40898.96,0
TXN-000053,70,Transferencia,70494.57,17,Viernes,0,984,79149.86,0
TXN-003474,147,Depósito,131288.13,17,Jueves,0,881,91878.67,0
TXN-004684,95,Retiro,145564.44,5,Miércoles,0,1330,101814.2,0
TXN-004412,110,Transferencia,65550.77,8,Jueves,0,1692,66236.05,0
TXN-002410,57,Transferencia,92935.26,18,Lunes,0,1563,92855.63,0
TXN-002788,17,Transferencia,215617.98,9,Viernes,0,235,190276.56,0
TXN-002345,150,Pago de servicio,125327.99,17,Lunes,0,1666,112970.51,0
TXN-001034,56,Depósito,55064.6,9,Jueves,0,1166,135956.8,0
TXN-001098,18,Pago de servicio,108189.04,5,Martes,0,1615,105991.39,0
TXN-000544,12,Pago de servicio,106043.45,16,Jueves,0,1620,90099.28,0
TXN-001047,125,Retiro,298703.12,12,Lunes,0,1403,216633.32,0
TXN-001895,148,Retiro,33691.84,13,Jueves,0,719,87038.86,0
TXN-004377,10,Transferencia,129540.0,17,Jueves,0,1005,83865.63,0
TXN-000031,83,Transferencia,54954.56,13,Miércoles,0,1473,69105.39,0
TXN-000726,53,Depósito,40594.29,10,Domingo,1,1287,36614.18,0
TXN-004962,36,Transferencia,55039.23,16,Jueves,0,532,65957.55,0
TXN-004719,77,Transferencia,146604.18,18,Viernes,1,910,113839.74,0
TXN-003904,137,Retiro,135671.59,16,Miércoles,0,941,144120.7,0
TXN-001427,113,Transferencia,47238.37,15,Martes,0,1735,53231.68,0
TXN-002498,102,Pago de servicio,130586.05,10,Lunes,0,1402,137608.16,0
TXN-000437,130,Pago de servicio,114807.68,17,Lunes,0,663,156537.76,0
TXN-002471,118,Transferencia,111428.19,23,Viernes,0,429,110147.08,0
TXN-000913,91,Pago de servicio,40441.23,15,Jueves,0,984,48337.54,0
TXN-004223,83,Transferencia,53064.29,11,Domingo,0,1473,58305.44,0
TXN-004353,150,Transferencia,2616.71,18,Martes,0,1666,112796.3,0
TXN-004513,64,Retiro,70183.15,10,Domingo,1,1469,75941.24,0
TXN-004444,99,Transferencia,70133.26,16,Miércoles,0,187,45063.43,0
TXN-002288,28,Pago de servicio,126598.71,7,Viernes,1,408,163198.07,0
TXN-004598,73,Transferencia,53984.11,8,Martes,1,901,53517.35,0
TXN-001239,63,Transferencia,57871.47,14,Viernes,0,759,67326.64,0
TXN-000904,105,Retiro,73438.79,13,Viernes,0,1214,57891.96,0
TXN-003621,135,Pago de servicio,36574.06,10,Miércoles,1,726,46280.65,0
TXN-003232,91,Pago de servicio,52097.3,19,Domingo,0,984,47648.7,0
TXN-002860,31,Transferencia,50281.11,12,Martes,0,436,44027.73,0
TXN-000508,105,Transferencia,95883.68,8,Viernes,0,1214,58079.65,0
TXN-003222,145,Pago de servicio,52075.27,12,Sábado,0,365,53972.0,0
TXN-000184,1,Transferencia,163145.45,18,Lunes,0,1125,132442.15,0
TXN-001565,39,Transferencia,79504.26,11,Sábado,1,1294,39804.17,0
TXN-002705,131,Transferencia,65522.19,19,Jueves,0,1171,65219.72,0
TXN-000322,85,Pago de servicio,114841.42,16,Miércoles,0,943,113397.14,0
TXN-003564,41,Transferencia,174059.05,12,Jueves,0,260,184789.05,0
TXN-001539,73,Transferencia,76437.56,7,Martes,0,901,53209.59,0
TXN-001838,35,Transferencia,9494.54,5,Sábado,0,1058,120322.26,0
TXN-002381,143,Pago de servicio,1399842.05,14,Martes,1,1661,262182.46,1
TXN-001913,73,Pago de servicio,36002.25,8,Lunes,0,901,64011.82,0
TXN-001841,27,Pago de servicio,99596.43,7,Lunes,0,448,145015.92,0
TXN-002116,28,Transferencia,185900.43,7,Miércoles,0,408,185837.07,0
TXN-004438,76,Transferencia,43471.9,12,Martes,0,173,45263.09,0
TXN-001147,106,Depósito,34583.47,10,Martes,0,157,39006.38,0
TXN-002487,108,Transferencia,34788.8,7,Martes,0,715,32784.23,0
TXN-000045,87,Retiro,13146.56,17,Jueves,0,1734,18674.86,0
TXN-002155,27,Transferencia,162036.02,7,Sábado,0,448,160539.78,0
TXN-001527,30,Depósito,80930.37,13,Viernes,0,230,63163.19,0
TXN-004856,87,Transferencia,20743.91,17,Jueves,0,1734,16482.15,0
TXN-001379,73,Pago de servicio,49820.63,6,Miércoles,0,901,52735.6,0
TXN-001766,62,Retiro,228683.79,8,Viernes,1,414,130196.53,0
TXN-003013,64,Pago de servicio,74599.71,13,Viernes,0,1469,73282.83,0
TXN-000414,13,Pago de servicio,58652.15,10,Lunes,1,676,100913.69,0
TXN-004285,148,Pago de servicio,49607.35,15,Martes,0,719,73666.4,0
TXN-001408,57,Transferencia,85822.22,17,Lunes,0,1563,110088.72,0
TXN-001659,113,Pago de servicio,51907.87,15,Domingo,0,1735,57189.15,0
TXN-000802,80,Transferencia,245732.28,7,Jueves,0,1712,158139.52,0
TXN-001289,39,Transferencia,37568.76,12,Miércoles,1,1294,37693.23,0
TXN-002183,45,Depósito,64624.54,21,Miércoles,0,1042,122594.37,0
TXN-002589,138,Transferencia,167954.11,19,Jueves,1,503,155938.79,0
TXN-002616,102,Transferencia,248579.21,14,Martes,0,1402,156341.17,0
TXN-002319,35,Depósito,69312.03,6,Domingo,1,1058,112649.04,0
TXN-000257,139,Pago de servicio,22001.58,12,Martes,0,1307,12042.45,0
TXN-004542,2,Depósito,49459.83,16,Sábado,0,1074,86813.5,0
TXN-001730,117,Transferencia,225593.71,5,Viernes,0,541,235776.54,0
TXN-001152,38,Pago de servicio,305294.68,13,Jueves,0,1607,266553.87,0
TXN-004145,6,Transferencia,232582.47,9,Miércoles,0,373,159782.02,0
TXN-000648,103,Pago de servicio,121743.73,9,Martes,0,729,144228.03,0
TXN-002909,94,Depósito,50071.07,18,Lunes,1,592,67792.23,0
TXN-001703,131,Pago de servicio,127322.57,20,Martes,0,1171,78778.07,0
TXN-001882,104,Transferencia,64752.12,7,Sábado,0,1169,91373.17,0
TXN-003769,34,Transferencia,186227.29,5,Martes,0,1792,307709.86,0
TXN-001316,52,Transferencia,191637.21,12,Miércoles,0,1464,130221.99,0
TXN-002270,109,Depósito,156243.34,12,Lunes,1,1716,96959.69,0
TXN-001967,81,Depósito,98272.1,14,Domingo,0,83,128808.74,0
TXN-002466,16,Transferencia,71941.75,17,Domingo,0,1508,71069.76,0
TXN-003856,83,Transferencia,41825.59,11,Martes,0,1473,67723.64,0
TXN-001351,139,Depósito,13586.77,7,Jueves,0,1307,13558.5,0
TXN-003297,142,Retiro,30270.14,6,Viernes,0,1233,36960.54,0
TXN-000113,79,Pago de servicio,88495.46,14,Jueves,0,1286,117688.99,0
TXN-003134,144,Pago de servicio,27516.69,7,Jueves,0,1045,41896.24,0
TXN-000264,118,Transferencia,141095.7,20,Jueves,0,429,104470.83,0
TXN-001394,56,Depósito,66739.88,11,Miércoles,0,1166,143567.21,0
TXN-001879,79,Transferencia,99994.57,16,Domingo,0,1286,115863.43,0
TXN-001187,138,Retiro,154686.06,14,Sábado,0,503,137711.25,0
TXN-003072,148,Transferencia,72115.35,12,Jueves,1,719,74754.65,0
TXN-000057,126,Pago de servicio,38656.94,7,Martes,0,852,102637.17,0
TXN-001310,59,Transferencia,58132.54,15,Sábado,0,1134,68197.47,0
TXN-000696,24,Retiro,117274.12,13,Jueves,0,821,91858.45,0
TXN-002953,105,Transferencia,48463.06,15,Jueves,0,1214,59780.55,0
TXN-001727,12,Pago de servicio,74296.41,16,Jueves,0,1620,93979.56,0
TXN-002092,123,Pago de servicio,94617.91,11,Miércoles,0,1022,111825.93,0
TXN-003870,41,Transferencia,6275.75,12,Viernes,1,260,179396.98,0
TXN-000320,103,Pago de servicio,163703.82,11,Martes,0,729,148618.99,0
TXN-004321,46,Transferencia,90710.95,13,Domingo,0,825,157092.12,0
TXN-000683,54,Pago de servicio,54942.14,16,Miércoles,0,693,78113.18,0
TXN-003842,79,Transferencia,129420.31,14,Viernes,0,1286,117108.25,0
TXN-003214,9,Transferencia,140221.04,2,Viernes,0,1529,97274.6,1
TXN-002003,143,Transferencia,274965.39,16,Lunes,1,1661,212076.71,0
TXN-004783,73,Transferencia,58649.27,9,Martes,1,901,50064.16,0
TXN-004151,80,Transferencia,164168.84,7,Jueves,0,1712,137101.67,0
TXN-000287,99,Pago de servicio,52795.35,19,Viernes,0,187,49169.49,0
TXN-001889,134,Transferencia,119453.44,9,Lunes,0,819,122093.56,0
TXN-002338,125,Transferencia,265758.43,8,Viernes,0,1403,181998.12,0
TXN-002521,6,Transferencia,283262.74,9,Martes,0,373,153967.87,0
TXN-002278,150,Transferencia,30250.45,14,Lunes,0,1666,113322.32,0
TXN-002128,36,Transferencia,85923.22,17,Lunes,1,532,65696.78,0
TXN-003500,11,Transferencia,100861.55,22,Lunes,1,592,78526.03,0
TXN-004212,4,Transferencia,125723.18,3,Domingo,0,1426,95432.25,1
TXN-002084,110,Transferencia,81429.67,8,Lunes,0,1692,55171.46,0
TXN-000737,113,Pago de servicio,44913.45,17,Domingo,0,1735,52095.36,0
TXN-004802,41,Pago de servicio,107885.38,7,Miércoles,0,260,185219.05,0
TXN-000337,105,Transferencia,77913.0,10,Jueves,0,1214,66388.58,0
TXN-002597,41,Transferencia,230032.44,14,Miércoles,0,260,185196.56,0
TXN-002772,61,Pago de servicio,93359.51,9,Miércoles,0,1789,81406.05,0
TXN-003705,128,Retiro,72011.92,14,Jueves,0,1399,80061.94,0
TXN-004405,139,Transferencia,10440.74,4,Jueves,0,1307,14188.17,0
TXN-001072,62,Pago de servicio,65172.36,9,Viernes,0,414,114688.95,0
TXN-002291,119,Depósito,139119.28,13,Jueves,0,883,103649.99,0
TXN-001673,85,Transferencia,141271.15,20,Domingo,0,943,132814.86,0
TXN-004084,70,Pago de servicio,61976.13,18,Miércoles,0,984,59833.39,0
TXN-004251,43,Depósito,61129.21,14,Martes,0,1752,59549.68,0
TXN-004114,122,Retiro,185255.38,12,Jueves,1,867,93532.93,0
TXN-004409,5,Transferencia,444393.38,10,Jueves,0,1362,245655.13,0
TXN-003367,118,Pago de servicio,40286.04,21,Lunes,0,429,108328.06,0
TXN-001489,8,Transferencia,109731.6,10,Jueves,1,489,120726.72,0
TXN-000499,78,Pago de servicio,197708.06,7,Lunes,0,926,187696.66,0
TXN-004383,82,Pago de servicio,105681.67,15,Martes,0,1726,103029.72,0
TXN-003480,11,Transferencia,130450.56,18,Jueves,1,592,72870.72,0
TXN-002582,22,Transferencia,124139.53,14,Sábado,0,1305,108842.04,0
TXN-003124,108,Transferencia,48979.84,11,Lunes,0,715,37402.93,0
TXN-002922,25,Pago de servicio,47896.34,16,Sábado,1,522,45459.94,0
TXN-004378,92,Retiro,234212.41,8,Martes,0,499,189727.54,0
TXN-002645,149,Pago de servicio,113713.5,20,Martes,0,720,57550.84,0
TXN-004287,25,Transferencia,45671.8,18,Miércoles,1,522,48068.01,0
TXN-004041,43,Depósito,59983.12,14,Miércoles,0,1752,64685.57,0
TXN-002035,37,Retiro,92604.76,17,Miércoles,0,236,100931.13,0
TXN-001023,76,Pago de servicio,42586.12,14,Viernes,0,173,42762.17,0
TXN-002283,111,Retiro,146317.51,8,Viernes,0,1157,176612.65,0
TXN-004887,48,Depósito,126705.26,18,Martes,0,1401,144345.45,0
TXN-004220,27,Transferencia,127499.83,9,Miércoles,0,448,133910.45,0
TXN-003064,37,Pago de servicio,82962.39,15,Miércoles,0,236,93854.86,0
TXN-004366,75,Pago de servicio,87400.9,17,Sábado,0,1664,115779.08,0
TXN-000666,76,Depósito,57325.93,13,Miércoles,0,173,40566.74,0
TXN-003933,122,Transferencia,102204.61,16,Viernes,0,867,104145.11,0
TXN-002639,47,Transferencia,49210.16,22,Martes,0,1384,76723.77,0
TXN-003177,35,Retiro,122463.88,6,Domingo,0,1058,119897.56,0
TXN-004266,37,Transferencia,108828.18,16,Lunes,0,236,96187.09,0
TXN-003122,8,Depósito,153199.81,5,Miércoles,0,489,155784.71,0
TXN-001018,89,Retiro,67983.56,9,Jueves,0,1557,89784.75,0
TXN-000558,91,Depósito,98941.99,21,Jueves,0,984,62691.7,0
TXN-002400,40,Pago de servicio,73963.62,4,Jueves,0,1050,72702.12,0
TXN-001208,123,Retiro,1964561.53,7,Martes,0,1022,138849.61,1
TXN-002006,141,Transferencia,330188.56,9,Martes,0,1153,225502.82,0
TXN-002657,144,Pago de servicio,47026.23,6,Jueves,0,1045,41259.47,0
TXN-002136,6,Pago de servicio,123042.18,5,Viernes,1,373,159649.04,0
TXN-001511,31,Transferencia,42764.5,16,Martes,0,436,34520.91,0
TXN-001737,88,Transferencia,92582.34,9,Miércoles,0,190,56889.98,0
TXN-000246,25,Transferencia,51835.52,18,Miércoles,0,522,46305.6,0
TXN-001164,75,Retiro,31043.83,18,Miércoles,1,1664,119947.33,0
TXN-003363,13,Retiro,97154.66,15,Sábado,0,676,94786.73,0
TXN-000267,30,Pago de servicio,74068.93,13,Lunes,1,230,61509.3,0
TXN-002367,16,Transferencia,104375.53,15,Sábado,0,1508,94192.84,0
TXN-001115,64,Retiro,197363.9,1,Sábado,0,1469,84866.4,1
TXN-000064,127,Pago de servicio,107248.3,9,Jueves,0,1657,89632.42,0
TXN-002593,127,Transferencia,81963.24,8,Miércoles,0,1657,89158.46,0
TXN-002789,94,Depósito,60811.62,18,Jueves,0,592,66675.66,0
TXN-002758,99,Transferencia,24703.77,18,Domingo,0,187,47345.94,0
TXN-003012,33,Pago de servicio,162118.21,9,Sábado,1,1600,156463.62,0
TXN-003077,91,Transferencia,86256.09,15,Viernes,1,984,59831.54,0
TXN-002999,23,Pago de servicio,85724.46,18,Domingo,0,367,101968.58,0
TXN-002816,120,Depósito,72472.69,9,Sábado,0,1718,81814.14,0
TXN-002260,6,Transferencia,1522896.72,6,Lunes,1,373,157620.58,1
TXN-004959,68,Transferencia,353078.95,14,Lunes,0,1564,251600.85,0
TXN-003205,136,Retiro,146052.18,17,Jueves,0,1273,105935.93,0
TXN-001238,57,Transferencia,160977.61,21,Domingo,0,1563,91990.2,0
TXN-000104,147,Pago de servicio,134251.07,14,Lunes,0,881,104458.85,0
TXN-002644,95,Transferencia,102672.57,10,Domingo,0,1330,103601.67,0
TXN-000273,134,Pago de servicio,95607.97,9,Viernes,0,819,139964.9,0
TXN-000509,89,Pago de servicio,81595.24,8,Miércoles,1,1557,96861.78,0
TXN-002227,66,Transferencia,131958.88,3,Lunes,0,796,93117.56,0
TXN-004934,95,Retiro,65963.68,8,Jueves,0,1330,109062.74,0
TXN-002442,60,Transferencia,97091.52,14,Jueves,0,142,142368.82,0
TXN-000866,118,Retiro,1000.0,21,Viernes,1,429,109532.94,0
TXN-003327,116,Pago de servicio,1053657.01,15,Miércoles,1,932,131613.85,1
TXN-000909,42,Transferencia,100659.06,18,Jueves,0,1708,112352.79,0
TXN-002115,89,Transferencia,56676.91,9,Miércoles,0,1557,112785.11,0
TXN-003897,95,Pago de servicio,178127.52,7,Domingo,0,1330,125320.5,0
TXN-001628,91,Transferencia,30371.15,20,Miércoles,1,984,55822.6,0
TXN-002874,53,Transferencia,31672.25,7,Sábado,0,1287,36242.07,0
TXN-001523,11,Transferencia,94030.65,16,Viernes,0,592,91083.76,0
TXN-000836,67,Pago de servicio,90452.94,7,Domingo,0,227,82564.08,0
TXN-000359,4,Retiro,109317.55,12,Viernes,0,1426,87629.68,0
TXN-000139,81,Transferencia,111183.34,12,Viernes,1,83,117500.74,0
TXN-000300,86,Pago de servicio,65980.06,19,Jueves,0,367,58035.2,0
TXN-001557,96,Pago de servicio,47935.39,20,Lunes,1,1662,139785.62,0
TXN-001004,17,Depósito,131791.84,6,Martes,0,235,195133.77,0
TXN-000383,29,Transferencia,104378.6,16,Jueves,0,1081,76489.17,0
TXN-000942,16,Retiro,49748.26,19,Miércoles,0,1508,85259.44,0
TXN-004447,105,Transferencia,65703.64,12,Jueves,0,1214,58516.49,0
TXN-004855,2,Pago de servicio,126293.71,16,Lunes,0,1074,104113.48,0
TXN-000762,119,Pago de servicio,100433.23,17,Miércoles,0,883,108334.61,0
TXN-001706,135,Depósito,26973.58,13,Sábado,0,726,47257.42,0
TXN-001874,115,Retiro,178763.64,21,Martes,0,857,101661.98,0
TXN-002551,108,Pago de servicio,31230.05,6,Jueves,1,715,37348.51,0
TXN-002087,67,Transferencia,117527.2,8,Lunes,0,227,101455.16,0
TXN-002198,70,Retiro,70671.66,16,Domingo,0,984,71028.25,0
TXN-000899,130,Transferencia,145180.57,14,Viernes,0,663,177591.81,0
TXN-004000,134,Depósito,188268.72,7,Martes,0,819,145066.74,0
TXN-003616,103,Pago de servicio,157526.31,6,Viernes,0,729,148680.05,0
TXN-001403,21,Pago de servicio,130783.07,16,Jueves,0,1515,155338.0,0
TXN-003874,104,Pago de servicio,79862.72,8,Viernes,0,1169,99403.19,0
TXN-003786,47,Retiro,43208.47,21,Miércoles,1,1384,72654.26,0
TXN-004387,57,Pago de servicio,58104.6,16,Miércoles,1,1563,111849.98,0
TXN-002956,66,Pago de servicio,71967.22,6,Martes,0,796,104108.79,0
TXN-001513,64,Pago de servicio,44425.05,11,Lunes,0,1469,69482.52,0
TXN-001189,15,Pago de servicio,82492.08,13,Miércoles,0,121,60923.02,0
TXN-002990,64,Transferencia,66533.51,8,Miércoles,0,1469,80771.66,0
TXN-002081,29,Pago de servicio,49803.84,13,Domingo,0,1081,82277.47,0
TXN-004984,92,Retiro,162019.92,9,Miércoles,0,499,203076.32,0
TXN-003438,72,Depósito,414154.89,16,Sábado,0,518,51046.6,1
TXN-000109,145,Pago de servicio,52856.76,14,Lunes,0,365,56472.65,0
TXN-004699,47,Transferencia,78569.82,23,Viernes,0,1384,72057.05,0
TXN-002828,31,Depósito,63763.06,10,Viernes,0,436,37297.76,0
TXN-004748,40,Transferencia,92288.2,9,Lunes,1,1050,92208.82,0
TXN-000059,87,Transferencia,16441.0,18,Sábado,0,1734,17808.28,0
TXN-000077,90,Transferencia,91446.74,15,Lunes,0,1188,74110.82,0
TXN-000797,56,Transferencia,91583.23,9,Sábado,1,1166,143000.0,0
TXN-000369,106,Transferencia,22320.28,9,Sábado,1,157,36612.74,0
TXN-004906,58,Pago de servicio,110736.58,13,Lunes,0,1439,94364.92,0
TXN-000786,40,Transferencia,57277.8,12,Jueves,0,1050,90264.86,0
TXN-002089,12,Transferencia,30462.3,18,Martes,1,1620,79642.09,0
TXN-002315,43,Transferencia,41101.92,11,Jueves,0,1752,53338.68,0
TXN-003385,90,Depósito,84952.26,10,Lunes,0,1188,75226.03,0
TXN-003606,48,Transferencia,192399.3,16,Martes,0,1401,115252.6,0
TXN-004112,70,Transferencia,48624.29,16,Jueves,0,984,77800.16,0
TXN-001903,22,Pago de servicio,120864.75,12,Sábado,0,1305,98233.75,0
TXN-001704,59,Transferencia,69948.4,11,Jueves,0,1134,57571.42,0
TXN-000122,119,Transferencia,105002.86,12,Miércoles,0,883,98412.95,0
TXN-001845,148,Pago de servicio,14906.83,8,Martes,0,719,84404.36,0
TXN-002370,4,Transferencia,92716.25,13,Domingo,0,1426,84987.86,0
TXN-003729,139,Transferencia,13140.16,7,Sábado,0,1307,14755.05,0
TXN-000911,13,Transferencia,313652.26,4,Sábado,0,676,100962.87,1
TXN-000125,33,Transferencia,180703.86,14,Martes,0,1600,181623.52,0
TXN-002573,71,Pago de servicio,110400.8,8,Jueves,0,1201,138609.8,0
TXN-001587,112,Transferencia,90451.91,5,Domingo,0,1446,88338.1,0
TXN-001258,10,Pago de servicio,44458.86,22,Jueves,0,1005,65298.54,0
TXN-003442,126,Transferencia,81710.76,4,Martes,1,852,102585.74,0
TXN-003481,87,Transferencia,15062.04,15,Jueves,0,1734,18193.68,0
TXN-004109,4,Pago de servicio,19136.83,17,Viernes,0,1426,77032.21,0
TXN-001179,81,Transferencia,167904.15,13,Domingo,1,83,153455.61,0
TXN-003464,145,Transferencia,51370.37,13,Viernes,0,365,48507.38,0
TXN-003470,134,Transferencia,151027.21,13,Martes,0,819,122375.18,0
TXN-003468,131,Retiro,69970.6,21,Lunes,0,1171,68218.87,0
TXN-002104,26,Pago de servicio,48795.79,14,Jueves,1,1210,51581.05,0
TXN-000443,88,Transferencia,46610.78,10,Lunes,0,190,56764.88,0
TXN-002228,142,Transferencia,32927.84,6,Jueves,0,1233,43623.65,0
TXN-004417,26,Depósito,52561.44,15,Lunes,0,1210,58979.13,0
TXN-000926,28,Transferencia,196484.54,8,Viernes,0,408,177090.75,0
TXN-004021,106,Transferencia,50701.38,4,Sábado,0,157,45108.43,0
TXN-002146,41,Pago de servicio,125680.52,12,Martes,1,260,180690.9,0
TXN-004771,97,Retiro,59185.73,7,Domingo,0,1049,83141.07,0
TXN-001412,33,Transferencia,69348.78,15,Jueves,0,1600,170465.1,0
TXN-003467,129,Transferencia,157364.0,7,Miércoles,0,1694,135542.65,0
TXN-002073,110,Pago de servicio,57547.5,8,Viernes,0,1692,52949.4,0
TXN-001510,130,Pago de servicio,145524.72,17,Lunes,0,663,184713.69,0
TXN-001228,21,Pago de servicio,108841.4,14,Miércoles,0,1515,146041.38,0
TXN-004073,42,Pago de servicio,110279.1,19,Lunes,1,1708,93969.63,0
TXN-002586,135,Transferencia,54550.5,12,Jueves,0,726,51340.23,0
TXN-004451,37,Pago de servicio,106190.91,14,Lunes,0,236,109081.17,0
TXN-002952,21,Transferencia,170291.05,14,Lunes,0,1515,155072.44,0
TXN-003886,35,Pago de servicio,128235.25,6,Viernes,0,1058,112693.34,0
TXN-000325,6,Depósito,155739.26,7,Miércoles,0,373,178093.48,0
TXN-003978,130,Retiro,152302.13,14,Miércoles,0,663,187026.86,0
TXN-003577,59,Pago de servicio,54751.04,14,Lunes,0,1134,53622.13,0
TXN-002212,146,Transferencia,79780.22,11,Lunes,1,287,120203.04,0
TXN-003299,13,Transferencia,75974.78,12,Lunes,0,676,94138.29,0
TXN-003036,134,Transferencia,160077.52,6,Miércoles,0,819,119135.32,0
TXN-001499,116,Pago de servicio,139057.86,19,Domingo,0,932,118587.02,0
TXN-001503,102,Pago de servicio,100034.26,15,Martes,0,1402,149228.17,0
TXN-001007,124,Depósito,37530.86,15,Lunes,0,1106,33374.31,0
TXN-004180,120,Transferencia,68405.82,8,Miércoles,0,1718,83874.65,0
TXN-003014,97,Transferencia,66806.55,5,Jueves,1,1049,88910.08,0
TXN-003517,124,Transferencia,20463.92,14,Lunes,0,1106,30405.36,0
TXN-001468,48,Pago de servicio,116913.31,14,Miércoles,0,1401,128097.57,0
TXN-001226,55,Transferencia,65393.92,16,Domingo,0,1286,91190.11,0
TXN-003168,14,Transferencia,60363.47,11,Lunes,0,870,105300.88,0
TXN-002268,149,Retiro,42089.61,19,Martes,0,720,46102.22,0
TXN-003809,116,Pago de servicio,104926.12,15,Miércoles,0,932,124417.15,0
TXN-001217,75,Depósito,105098.51,16,Jueves,0,1664,102684.07,0
TXN-003977,72,Transferencia,46408.04,12,Martes,0,518,54865.57,0
TXN-004585,11,Transferencia,29084.49,20,Lunes,0,592,94381.48,0
TXN-000421,50,Transferencia,98261.07,17,Lunes,0,662,76909.45,0
TXN-003423,93,Transferencia,71250.82,12,Lunes,0,259,60669.71,0
TXN-000007,21,Transferencia,133392.68,15,Jueves,0,1515,146093.19,0
TXN-000933,25,Pago de servicio,48155.2,16,Viernes,0,522,49108.92,0
TXN-001692,12,Retiro,129810.13,20,Jueves,0,1620,81567.4,0
TXN-000440,66,Retiro,104457.81,4,Sábado,0,796,102814.78,0
TXN-001314,32,Retiro,280068.3,19,Martes,0,1781,215798.0,0
TXN-000679,42,Pago de servicio,95708.34,20,Miércoles,0,1708,98771.45,0
TXN-001944,10,Pago de servicio,75598.29,16,Miércoles,1,1005,85911.59,0
TXN-004611,90,Retiro,76161.06,12,Lunes,0,1188,74546.25,0
TXN-003304,37,Pago de servicio,81563.7,9,Viernes,0,236,83079.04,0
TXN-002269,74,Depósito,233823.34,6,Martes,0,502,254335.56,0
TXN-004634,46,Depósito,198727.38,11,Lunes,0,825,149176.77,0
TXN-004081,119,Transferencia,114189.97,12,Viernes,1,883,102965.07,0
TXN-002519,42,Transferencia,121169.51,19,Miércoles,0,1708,90378.21,0
TXN-002440,64,Transferencia,43420.3,11,Lunes,0,1469,76674.72,0
TXN-004038,150,Transferencia,626904.08,13,Domingo,1,1666,110718.56,1
TXN-001894,70,Pago de servicio,27037.2,19,Sábado,0,984,75444.91,0
TXN-004245,41,Pago de servicio,114009.44,16,Viernes,0,260,153895.93,0
TXN-004830,87,Transferencia,22971.31,17,Domingo,1,1734,15014.3,0
TXN-002641,55,Transferencia,53048.43,12,Sábado,0,1286,77164.91,0
TXN-000195,119,Pago de servicio,540105.87,12,Domingo,1,883,102320.46,1
TXN-001475,120,Pago de servicio,55892.0,8,Viernes,0,1718,83726.33,0
TXN-004617,58,Transferencia,73966.47,12,Jueves,0,1439,109769.22,0
TXN-001212,59,Transferencia,84169.2,12,Miércoles,0,1134,67750.42,0
TXN-002439,112,Transferencia,134321.72,9,Viernes,0,1446,102508.16,0
TXN-001658,146,Transferencia,84521.43,12,Sábado,0,287,125493.35,0
TXN-002701,146,Transferencia,122542.29,13,Lunes,0,287,142996.29,0
TXN-003083,14,Depósito,85754.2,13,Viernes,0,870,132044.4,0
TXN-002706,130,Depósito,148075.05,10,Martes,0,663,164356.24,0
TXN-004227,85,Pago de servicio,155618.65,19,Miércoles,0,943,100551.52,0
TXN-002843,11,Transferencia,88616.37,21,Lunes,0,592,83531.79,0
TXN-002303,137,Pago de servicio,189811.8,22,Martes,0,941,112184.87,0
TXN-001131,85,Transferencia,87098.46,18,Domingo,0,943,116021.47,0
TXN-001462,134,Transferencia,118878.29,11,Miércoles,0,819,144574.78,0
TXN-000277,95,Transferencia,134388.95,9,Martes,0,1330,113783.23,0
TXN-002223,102,Pago de servicio,69381.3,12,Viernes,0,1402,147071.29,0
TXN-002332,137,Transferencia,128386.45,18,Martes,0,941,116975.23,0
TXN-004323,53,Transferencia,39693.3,9,Miércoles,0,1287,37832.62,0
TXN-001303,11,Retiro,149869.06,18,Jueves,0,592,86996.82,0
TXN-002518,35,Pago de servicio,167099.08,9,Domingo,1,1058,124543.22,0
TXN-000223,101,Transferencia,83050.25,12,Lunes,1,1090,77083.27,0
TXN-002037,119,Transferencia,140935.0,8,Sábado,0,883,103008.99,0
TXN-001925,127,Transferencia,110178.09,8,Sábado,0,1657,85788.6,0
TXN-000574,88,Retiro,49245.94,9,Miércoles,0,190,63039.98,0
TXN-001237,39,Transferencia,65812.13,13,Martes,0,1294,40063.78,0
TXN-003545,76,Transferencia,23576.33,11,Martes,0,173,38386.21,0
TXN-002134,53,Transferencia,73899.67,4,Miércoles,1,1287,42962.89,0
TXN-001335,134,Pago de servicio,211233.27,13,Lunes,0,819,149787.15,0
TXN-002458,82,Transferencia,46697.8,10,Viernes,1,1726,132872.11,0
TXN-000419,141,Transferencia,242415.93,11,Viernes,1,1153,232748.89,0
TXN-004915,4,Pago de servicio,110595.56,16,Viernes,0,1426,73983.78,0
TXN-001105,57,Retiro,130040.47,19,Viernes,1,1563,111248.47,0
TXN-000258,57,Retiro,96870.37,20,Miércoles,1,1563,100667.91,0
TXN-000296,140,Transferencia,30990.06,20,Jueves,0,386,54615.16,0
TXN-002362,123,Transferencia,124801.83,11,Martes,0,1022,129026.04,0
TXN-000387,53,Pago de servicio,41185.78,7,Jueves,0,1287,42401.16,0
TXN-003309,11,Pago de servicio,76507.13,21,Sábado,0,592,75620.73,0
TXN-004014,149,Pago de servicio,41499.36,20,Lunes,0,720,57070.77,0
TXN-002232,119,Pago de servicio,69805.43,13,Domingo,1,883,104546.76,0
TXN-002555,23,Retiro,105991.37,19,Martes,0,367,104141.79,0
TXN-004336,52,Pago de servicio,1014884.77,13,Viernes,1,1464,127038.72,1
TXN-003516,139,Pago de servicio,6340.85,5,Sábado,0,1307,12883.39,0
TXN-001840,43,Transferencia,80890.85,11,Lunes,0,1752,60623.53,0
TXN-004385,135,Depósito,16036.39,13,Martes,0,726,46303.5,0
TXN-001564,76,Transferencia,49446.79,14,Lunes,0,173,47370.49,0
TXN-002016,139,Transferencia,11704.69,9,Viernes,0,1307,12859.67,0
TXN-001401,128,Pago de servicio,37709.65,15,Sábado,0,1399,77426.4,0
TXN-000713,137,Retiro,99038.14,17,Miércoles,0,941,122792.46,0
TXN-002421,102,Pago de servicio,204688.37,11,Lunes,0,1402,131336.06,0
TXN-002620,58,Pago de servicio,105022.68,13,Lunes,0,1439,99444.3,0
TXN-000210,123,Pago de servicio,91328.96,11,Domingo,0,1022,130857.3,0
TXN-004945,111,Depósito,169279.94,7,Jueves,1,1157,182085.78,0
TXN-001290,130,Depósito,138482.36,15,Jueves,0,663,172088.13,0
TXN-000450,4,Transferencia,109292.64,13,Viernes,0,1426,74609.72,0
TXN-004092,105,Transferencia,49703.85,14,Viernes,0,1214,62381.26,0
TXN-002570,68,Transferencia,177435.62,15,Miércoles,1,1564,234557.76,0
TXN-001821,71,Transferencia,164335.5,6,Jueves,0,1201,161359.9,0
TXN-000959,105,Pago de servicio,61222.1,15,Domingo,1,1214,67230.07,0
TXN-001794,12,Transferencia,100595.34,15,Miércoles,0,1620,101007.56,0
TXN-004787,115,Pago de servicio,112413.55,16,Sábado,0,857,111102.13,0
TXN-000655,93,Pago de servicio,81943.04,9,Miércoles,0,259,56816.74,0
TXN-002408,70,Pago de servicio,81505.28,18,Lunes,0,984,77375.47,0
TXN-003853,103,Pago de servicio,2242733.65,10,Viernes,0,729,132478.72,1
TXN-001996,59,Retiro,79356.69,12,Martes,0,1134,60269.86,0
TXN-001761,110,Pago de servicio,79088.64,7,Sábado,0,1692,63209.77,0
TXN-002355,71,Transferencia,212298.52,5,Lunes,0,1201,151102.55,0
TXN-002742,109,Transferencia,102695.91,14,Viernes,0,1716,98391.6,0
TXN-002618,135,Transferencia,53233.28,13,Domingo,0,726,52752.26,0
TXN-000412,85,Pago de servicio,106260.04,18,Lunes,0,943,125895.6,0
TXN-001775,96,Transferencia,127355.65,19,Viernes,0,1662,162512.0,0
TXN-003979,114,Pago de servicio,127850.81,11,Lunes,0,567,228274.05,0
TXN-002187,147,Depósito,160307.59,18,Miércoles,0,881,104080.84,0
TXN-002380,43,Retiro,64189.45,10,Jueves,0,1752,69782.66,0
TXN-003964,77,Transferencia,71044.95,18,Viernes,0,910,117772.82,0
TXN-004312,11,Depósito,54539.24,20,Sábado,0,592,91897.03,0
TXN-004775,50,Pago de servicio,78465.37,23,Martes,0,662,73447.8,0
TXN-003703,100,Pago de servicio,142969.53,15,Martes,0,1099,151233.79,0
TXN-003973,43,Depósito,80020.86,12,Lunes,1,1752,70553.93,0
TXN-004766,71,Transferencia,67319.08,8,Martes,1,1201,136209.0,0
TXN-003559,124,Pago de servicio,18288.11,13,Miércoles,0,1106,30407.55,0
TXN-004111,49,Pago de servicio,229348.69,5,Sábado,0,1430,163445.67,0
TXN-003498,79,Retiro,77105.05,16,Miércoles,0,1286,98949.83,0
TXN-003766,14,Pago de servicio,87737.85,11,Jueves,0,870,123281.58,0
TXN-000431,26,Pago de servicio,59797.17,17,Viernes,0,1210,52023.52,0
TXN-004485,21,Transferencia,263020.63,14,Martes,0,1515,131688.8,0
TXN-002322,135,Retiro,51805.83,12,Jueves,0,726,49161.35,0
TXN-001367,148,Transferencia,1000.0,13,Sábado,1,719,69924.35,0
TXN-001993,35,Transferencia,108250.01,9,Lunes,1,1058,121289.11,0
TXN-002852,145,Depósito,49200.7,10,Lunes,0,365,52372.48,0
TXN-001177,37,Transferencia,68556.78,14,Miércoles,0,236,108085.57,0
TXN-003529,147,Transferencia,107939.71,14,Miércoles,0,881,114359.21,0
TXN-001477,138,Transferencia,244900.38,22,Domingo,0,503,164456.39,0
TXN-003741,143,Pago de servicio,242801.16,13,Martes,0,1661,261319.04,0
TXN-002046,98,Transferencia,441969.04,19,Miércoles,0,845,441550.03,0
TXN-000103,74,Transferencia,229367.32,9,Miércoles,0,502,264843.01,0
TXN-004332,92,Pago de servicio,160305.93,4,Sábado,1,499,203971.51,0
TXN-002993,76,Transferencia,62429.01,14,Lunes,0,173,39216.52,0
TXN-001264,145,Transferencia,63181.13,16,Lunes,0,365,56882.09,0
TXN-002882,39,Depósito,55035.9,15,Martes,1,1294,40069.64,0
TXN-003139,42,Transferencia,110664.2,18,Domingo,0,1708,101966.91,0
TXN-003623,15,Pago de servicio,103259.86,11,Sábado,0,121,75262.74,0
TXN-003204,86,Retiro,66573.9,22,Miércoles,1,367,69335.77,0
TXN-004279,53,Transferencia,33375.31,8,Miércoles,1,1287,45197.62,0
TXN-003300,51,Transferencia,158173.12,13,Domingo,0,739,119200.94,0
TXN-004994,42,Pago de servicio,114339.6,18,Jueves,0,1708,106348.54,0
TXN-003634,22,Transferencia,99528.22,11,Viernes,0,1305,112519.15,0
TXN-001644,111,Transferencia,130682.66,8,Martes,0,1157,182643.23,0
TXN-004506,100,Pago de servicio,154937.11,19,Miércoles,1,1099,133729.21,0
TXN-000001,48,Transferencia,166761.74,15,Miércoles,1,1401,114659.5,0
TXN-001581,64,Transferencia,90937.25,13,Domingo,1,1469,86460.4,0
TXN-004423,38,Depósito,138846.44,15,Viernes,0,1607,241228.05,0
TXN-004117,15,Retiro,57263.94,12,Viernes,0,121,59171.38,0
TXN-001357,5,Pago de servicio,226674.38,11,Martes,0,1362,219927.95,0
TXN-004202,120,Transferencia,78868.35,4,Jueves,0,1718,79456.14,0
TXN-004575,26,Transferencia,76528.18,13,Jueves,0,1210,57593.16,0
TXN-003734,102,Transferencia,161785.78,17,Jueves,0,1402,144769.19,0
TXN-002026,143,Depósito,265701.31,15,Sábado,1,1661,259911.52,0
TXN-002219,82,Pago de servicio,69468.41,13,Martes,0,1726,117941.91,0
TXN-000397,124,Transferencia,29519.58,14,Viernes,0,1106,28270.46,0
TXN-004942,36,Transferencia,61568.54,12,Viernes,0,532,72012.88,0
TXN-001065,91,Transferencia,29120.34,16,Martes,0,984,58113.15,0
TXN-003081,97,Pago de servicio,76136.4,15,Sábado,1,1049,78457.28,0
TXN-002154,147,Pago de servicio,123462.65,17,Jueves,1,881,105293.63,0
TXN-000819,132,Transferencia,50968.08,13,Viernes,0,517,62890.56,0
TXN-001813,133,Pago de servicio,157938.71,17,Viernes,1,733,126078.71,0
TXN-002553,134,Pago de servicio,499041.46,1,Miércoles,0,819,153453.01,1
TXN-001553,92,Retiro,153408.07,8,Sábado,0,499,206255.31,0
TXN-004048,31,Transferencia,49002.65,11,Miércoles,1,436,41260.23,0
TXN-000817,29,Transferencia,76023.5,12,Miércoles,0,1081,76421.08,0
TXN-001573,57,Transferencia,136115.07,20,Lunes,0,1563,96110.44,0
TXN-004553,18,Pago de servicio,2448796.06,9,Domingo,1,1615,123611.07,1
TXN-001801,3,Transferencia,135530.72,18,Jueves,1,1512,86324.96,0
TXN-004288,120,Retiro,50426.52,7,Sábado,0,1718,82223.07,0
TXN-000382,75,Depósito,108299.03,18,Martes,1,1664,121754.55,0
TXN-002875,28,Transferencia,210801.71,6,Lunes,1,408,157292.67,0
TXN-004348,89,Pago de servicio,135548.33,6,Martes,0,1557,86564.07,0
TXN-004627,129,Depósito,131099.84,14,Miércoles,0,1694,119705.56,0
TXN-003504,42,Pago de servicio,88503.62,21,Jueves,0,1708,88116.54,0
TXN-002312,49,Transferencia,106543.23,7,Jueves,0,1430,149747.47,0
TXN-001781,99,Pago de servicio,36556.69,16,Viernes,0,187,50481.59,0
TXN-002727,136,Transferencia,100357.99,15,Domingo,0,1273,105661.64,0
TXN-002438,43,Pago de servicio,80250.63,13,Miércoles,1,1752,55227.14,0
TXN-002334,82,Retiro,77368.4,10,Miércoles,1,1726,131461.45,0
TXN-000865,144,Transferencia,35962.1,8,Martes,0,1045,47909.09,0
TXN-003639,98,Pago de servicio,525660.36,17,Miércoles,0,845,495648.26,0
TXN-003165,75,Transferencia,136736.95,11,Miércoles,1,1664,112025.87,0
TXN-000555,129,Pago de servicio,182448.58,10,Martes,0,1694,122254.66,0
TXN-001160,32,Pago de servicio,177127.07,17,Jueves,0,1781,166700.3,0
TXN-001214,94,Retiro,51888.06,16,Jueves,0,592,58913.65,0
TXN-003761,84,Pago de servicio,96124.55,11,Lunes,0,133,126299.48,0
TXN-004214,32,Depósito,78103.12,21,Viernes,0,1781,207573.12,0
TXN-000049,112,Depósito,92946.57,8,Martes,0,1446,105822.78,0
TXN-002368,133,Transferencia,109848.86,21,Martes,0,733,94731.63,0
TXN-000701,78,Transferencia,250414.37,9,Martes,0,926,206399.45,0
TXN-000653,127,Transferencia,110418.23,8,Lunes,0,1657,100761.17,0
TXN-003934,74,Transferencia,385918.73,6,Lunes,0,502,253250.11,0
TXN-004410,77,Pago de servicio,183736.55,17,Viernes,0,910,115608.5,0
TXN-003312,103,Transferencia,111825.79,11,Miércoles,0,729,138110.13,0
TXN-000749,142,Pago de servicio,27937.77,8,Miércoles,0,1233,46126.59,0
TXN-001456,8,Transferencia,179093.74,7,Viernes,0,489,119203.49,0
TXN-004196,128,Transferencia,73249.25,17,Lunes,0,1399,74111.13,0
TXN-002390,30,Transferencia,65768.75,12,Martes,0,230,60586.9,0
TXN-003495,55,Pago de servicio,41897.43,11,Martes,0,1286,83014.67,0
TXN-000867,127,Transferencia,118192.51,8,Jueves,0,1657,97374.48,0
TXN-000753,49,Transferencia,96806.71,5,Jueves,0,1430,149187.48,0
TXN-001645,81,Retiro,182416.35,14,Martes,0,83,118522.77,0
TXN-000093,27,Transferencia,118666.5,8,Jueves,0,448,140263.63,0
TXN-004825,144,Pago de servicio,20593.59,9,Martes,0,1045,41675.75,0
TXN-003102,35,Transferencia,152887.06,10,Miércoles,0,1058,113465.84,0
TXN-002433,106,Transferencia,52244.95,6,Viernes,0,157,36390.25,0
TXN-002630,150,Pago de servicio,87326.75,22,Martes,0,1666,104266.99,0
TXN-001491,79,Pago de servicio,136994.19,14,Domingo,1,1286,127544.12,0
TXN-002896,46,Transferencia,110573.07,11,Jueves,0,825,162493.5,0
TXN-002178,87,Retiro,21425.6,20,Domingo,0,1734,18882.48,0
TXN-000730,50,Transferencia,129056.68,16,Lunes,1,662,91031.06,0
TXN-004760,30,Transferencia,90560.43,13,Sábado,0,230,59952.01,0
TXN-002472,37,Pago de servicio,122521.93,14,Lunes,0,236,97979.61,0
TXN-002243,136,Pago de servicio,67146.2,18,Domingo,0,1273,127923.61,0
TXN-001937,104,Pago de servicio,98024.95,7,Lunes,1,1169,81305.08,0
TXN-001746,64,Pago de servicio,129260.25,9,Miércoles,1,1469,71120.93,0
TXN-004747,83,Pago de servicio,503355.99,15,Martes,1,1473,64490.52,1
TXN-004374,82,Retiro,502311.99,2,Viernes,0,1726,127411.44,1
TXN-003492,52,Transferencia,135969.12,11,Jueves,0,1464,118061.56,0
TXN-001111,110,Pago de servicio,88875.96,6,Miércoles,0,1692,66582.53,0
TXN-003338,73,Transferencia,96498.45,6,Lunes,0,901,50248.29,0
TXN-004033,44,Transferencia,124405.88,7,Domingo,0,1139,161111.82,0
TXN-004472,28,Pago de servicio,371202.06,2,Lunes,0,408,176228.23,1
TXN-004158,128,Transferencia,94278.74,15,Domingo,0,1399,83814.97,0
TXN-000347,71,Retiro,56620.9,6,Viernes,0,1201,154440.07,0
TXN-001186,37,Retiro,55167.61,16,Martes,1,236,100497.1,0
TXN-004007,64,Retiro,77626.41,14,Miércoles,0,1469,82266.27,0
TXN-001516,69,Transferencia,67233.83,20,Jueves,0,689,46530.7,0
TXN-004670,99,Transferencia,50057.16,15,Jueves,0,187,47874.92,0
TXN-000579,128,Pago de servicio,48426.82,16,Sábado,1,1399,72393.28,0
TXN-001965,103,Transferencia,128713.68,9,Sábado,1,729,136190.68,0
TXN-000076,36,Transferencia,48258.31,15,Sábado,0,532,59135.15,0
TXN-001430,105,Depósito,29588.46,13,Miércoles,0,1214,57522.97,0
TXN-003713,141,Pago de servicio,305434.63,7,Lunes,0,1153,263402.92,0
TXN-004431,19,Retiro,58596.95,10,Viernes,1,595,39518.85,0
TXN-002752,96,Transferencia,129071.96,15,Miércoles,0,1662,149721.36,0
TXN-004953,70,Transferencia,99934.69,18,Miércoles,1,984,67832.78,0
TXN-001847,48,Pago de servicio,87044.59,15,Domingo,1,1401,145709.95,0
TXN-000132,133,Pago de servicio,125484.02,19,Martes,0,733,124638.54,0
TXN-000179,91,Transferencia,39554.84,16,Domingo,0,984,53051.62,0
TXN-002900,53,Transferencia,30598.54,7,Martes,1,1287,40953.1,0
TXN-004467,46,Transferencia,162751.45,9,Jueves,0,825,153884.17,0
TXN-004195,128,Pago de servicio,74217.55,15,Viernes,0,1399,76047.79,0
TXN-002523,115,Pago de servicio,69134.31,17,Miércoles,0,857,103381.4,0
TXN-001843,10,Transferencia,84023.15,18,Miércoles,0,1005,81987.48,0
TXN-002099,73,Pago de servicio,51777.53,11,Miércoles,0,901,58760.05,0
TXN-003950,113,Transferencia,76610.22,19,Sábado,0,1735,58806.84,0
TXN-002374,16,Transferencia,86713.18,19,Jueves,1,1508,82114.01,0
TXN-000605,56,Transferencia,189433.16,11,Martes,0,1166,114808.31,0
TXN-002628,106,Transferencia,24890.62,8,Martes,0,157,44740.86,0
TXN-000026,8,Pago de servicio,72675.2,6,Martes,0,489,138568.34,0
TXN-000659,141,Transferencia,210083.25,13,Sábado,0,1153,270575.36,0
TXN-004978,25,Pago de servicio,36777.69,16,Miércoles,1,522,40827.32,0
TXN-003318,45,Pago de servicio,132599.06,23,Viernes,0,1042,109703.02,0
TXN-003869,80,Transferencia,67957.67,9,Sábado,0,1712,151353.49,0
TXN-000174,97,Depósito,65940.41,11,Sábado,0,1049,92761.72,0
TXN-001612,97,Pago de servicio,63395.34,9,Domingo,0,1049,94923.12,0
TXN-000438,129,Pago de servicio,195581.76,9,Martes,0,1694,119951.79,0
TXN-000332,96,Pago de servicio,128634.54,22,Viernes,0,1662,145977.97,0
TXN-003101,65,Pago de servicio,31481.99,11,Jueves,0,152,68533.76,0
TXN-001455,94,Pago de servicio,75155.64,14,Miércoles,0,592,64082.02,0
TXN-000343,139,Pago de servicio,8974.66,9,Jueves,0,1307,13124.18,0
TXN-003210,1,Retiro,93943.14,14,Miércoles,0,1125,146141.29,0
TXN-004577,46,Retiro,158017.88,11,Sábado,0,825,164333.59,0
TXN-001089,39,Transferencia,20725.95,10,Miércoles,1,1294,44004.28,0
TXN-000480,136,Pago de servicio,112891.55,16,Jueves,0,1273,119757.75,0
TXN-000728,105,Retiro,16667.81,15,Viernes,1,1214,59832.89,0
TXN-003784,141,Transferencia,2211469.76,7,Lunes,1,1153,224263.62,1
TXN-000977,47,Transferencia,72289.77,19,Sábado,0,1384,75464.24,0
TXN-003785,121,Transferencia,98661.23,7,Jueves,1,1745,119166.68,0
TXN-002978,41,Transferencia,223781.92,15,Jueves,0,260,172476.14,0
TXN-001929,76,Transferencia,45598.26,12,Miércoles,0,173,43391.36,0
TXN-001469,143,Retiro,180409.06,12,Lunes,0,1661,262870.24,0
TXN-001225,132,Transferencia,84397.39,15,Domingo,0,517,74645.69,0
TXN-002857,145,Transferencia,73259.55,17,Lunes,0,365,49395.42,0
TXN-001953,140,Retiro,59458.41,18,Jueves,0,386,56650.62,0
TXN-004831,43,Pago de servicio,58550.86,14,Martes,0,1752,56691.65,0
TXN-004501,95,Transferencia,107066.68,9,Miércoles,0,1330,115538.66,0
TXN-001893,51,Depósito,125157.89,10,Lunes,0,739,116247.79,0
TXN-001300,116,Pago de servicio,190274.82,19,Miércoles,0,932,131044.89,0
TXN-002991,4,Pago de servicio,65309.67,13,Martes,0,1426,86037.77,0
TXN-004600,116,Retiro,155791.88,16,Jueves,0,932,127863.47,0
TXN-000661,126,Pago de servicio,60600.2,10,Jueves,1,852,82894.73,0
TXN-004578,11,Retiro,85375.87,23,Miércoles,0,592,86040.8,0
TXN-004074,113,Depósito,45634.19,19,Viernes,0,1735,53100.62,0
TXN-002785,120,Transferencia,106900.33,7,Jueves,1,1718,83997.13,0
TXN-004938,91,Pago de servicio,675232.42,19,Miércoles,0,984,59437.35,1
TXN-003828,118,Pago de servicio,72378.87,20,Lunes,0,429,87660.72,0
TXN-002715,63,Transferencia,111909.98,16,Jueves,0,759,76478.52,0
TXN-004658,86,Transferencia,60707.92,20,Viernes,0,367,63937.06,0
TXN-000268,36,Retiro,55792.52,16,Sábado,0,532,74277.15,0
TXN-004443,54,Pago de servicio,131149.78,16,Martes,0,693,84997.87,0
TXN-004960,123,Transferencia,88101.61,11,Sábado,0,1022,136660.47,0
TXN-003373,88,Transferencia,42836.14,7,Lunes,0,190,66651.6,0
TXN-003596,1,Pago de servicio,175897.31,18,Sábado,1,1125,118946.19,0
TXN-004317,105,Pago de servicio,79906.17,12,Domingo,1,1214,53555.96,0
TXN-003723,15,Pago de servicio,60196.46,9,Sábado,1,121,66654.11,0
TXN-003407,65,Transferencia,78588.79,12,Domingo,1,152,53977.93,0
TXN-001279,135,Transferencia,92301.47,11,Sábado,0,726,50707.5,0
TXN-004641,36,Transferencia,40760.15,14,Miércoles,0,532,73167.82,0
TXN-003918,90,Pago de servicio,36521.78,12,Jueves,0,1188,67376.02,0
TXN-002679,121,Transferencia,90184.0,8,Lunes,0,1745,115130.72,0
TXN-001622,63,Pago de servicio,46798.08,14,Miércoles,0,759,65299.09,0
TXN-004104,94,Pago de servicio,65004.0,22,Martes,0,592,56863.43,0
TXN-002858,66,Pago de servicio,141932.49,4,Jueves,0,796,111823.23,0
TXN-001897,115,Transferencia,37852.21,16,Domingo,0,857,136216.68,0
TXN-003925,29,Transferencia,66277.17,16,Miércoles,0,1081,83507.03,0
TXN-003015,48,Pago de servicio,176697.13,15,Jueves,1,1401,129419.42,0
TXN-004439,127,Retiro,72809.73,10,Domingo,0,1657,88252.45,0
TXN-000068,127,Transferencia,122277.83,9,Lunes,0,1657,89832.38,0
TXN-002043,11,Transferencia,106819.52,20,Domingo,0,592,77802.07,0
TXN-002581,26,Pago de servicio,74076.16,11,Lunes,1,1210,56792.85,0
TXN-003783,113,Depósito,74721.8,20,Martes,1,1735,57838.14,0
TXN-003791,80,Transferencia,258722.83,3,Miércoles,0,1712,152598.49,0
TXN-000821,136,Transferencia,134992.36,19,Sábado,0,1273,129051.43,0
TXN-001227,67,Pago de servicio,95040.49,4,Viernes,0,227,89695.27,0
TXN-002992,76,Depósito,33566.47,15,Sábado,0,173,45575.64,0
TXN-003133,54,Pago de servicio,88192.02,19,Martes,0,693,65849.47,0
TXN-002744,98,Transferencia,318189.82,15,Jueves,0,845,536165.72,0
TXN-004458,93,Pago de servicio,69076.83,9,Miércoles,0,259,57716.47,0
TXN-004270,64,Transferencia,33794.54,14,Martes,0,1469,83890.47,0
TXN-003350,71,Retiro,257584.75,6,Miércoles,0,1201,167613.97,0
TXN-001144,79,Transferencia,93161.4,15,Miércoles,0,1286,128929.58,0
TXN-000398,123,Transferencia,96754.65,12,Jueves,0,1022,105335.05,0
TXN-002907,24,Transferencia,64701.48,15,Miércoles,0,821,92089.43,0
TXN-004302,131,Retiro,65084.0,19,Martes,0,1171,78140.85,0
TXN-002760,76,Pago de servicio,26824.92,11,Sábado,0,173,35952.15,0
TXN-001399,143,Pago de servicio,246884.91,17,Miércoles,0,1661,238450.16,0
TXN-001660,51,Depósito,95585.17,15,Martes,0,739,132920.65,0
TXN-000980,141,Depósito,281831.7,10,Miércoles,0,1153,242358.22,0
TXN-001299,45,Pago de servicio,156521.34,16,Domingo,0,1042,133314.0,0
TXN-003556,43,Retiro,66532.22,9,Lunes,0,1752,53914.03,0
TXN-000083,83,Transferencia,90538.28,13,Miércoles,0,1473,60344.4,0
TXN-004508,116,Transferencia,105127.66,16,Martes,0,932,107204.21,0
TXN-002459,61,Pago de servicio,18467.06,16,Jueves,0,1789,95995.28,0
TXN-003740,9,Pago de servicio,119140.89,15,Miércoles,0,1529,103478.15,0
TXN-003782,44,Transferencia,161537.57,7,Viernes,0,1139,169017.66,0
TXN-002289,28,Transferencia,214015.52,8,Lunes,0,408,165453.78,0
TXN-000424,83,Pago de servicio,85042.59,14,Sábado,0,1473,62706.17,0
TXN-004340,96,Transferencia,258075.57,22,Viernes,0,1662,141395.62,0
TXN-001905,26,Pago de servicio,86188.02,17,Miércoles,0,1210,64992.39,0
TXN-004539,65,Pago de servicio,52153.08,13,Jueves,0,152,67284.18,0
TXN-003353,133,Retiro,86881.25,15,Viernes,0,733,108993.74,0
TXN-003103,59,Depósito,53738.33,15,Domingo,0,1134,57224.22,0
TXN-001566,59,Pago de servicio,78161.78,17,Viernes,1,1134,67814.33,0
TXN-003356,134,Transferencia,76026.19,13,Miércoles,0,819,124639.38,0
TXN-000840,105,Transferencia,53940.38,14,Jueves,0,1214,68072.34,0
TXN-000501,57,Transferencia,180403.64,15,Domingo,0,1563,105070.32,0
TXN-000142,138,Transferencia,208777.54,15,Miércoles,0,503,133716.48,0
TXN-001378,27,Transferencia,150356.9,11,Viernes,0,448,121411.32,0
TXN-003698,36,Transferencia,117539.62,12,Sábado,0,532,70763.79,0
TXN-002145,131,Retiro,77680.52,15,Lunes,0,1171,68638.91,0
TXN-001139,113,Transferencia,41729.92,16,Martes,1,1735,54011.72,0
TXN-002928,130,Retiro,122242.81,13,Martes,1,663,173838.16,0
TXN-001788,21,Pago de servicio,153083.13,16,Viernes,1,1515,151850.26,0
TXN-003485,40,Transferencia,104975.66,10,Jueves,1,1050,94865.17,0
TXN-000551,150,Depósito,178966.8,15,Jueves,0,1666,124939.43,0
TXN-004907,145,Pago de servicio,87096.33,11,Domingo,0,365,58210.51,0
TXN-002020,102,Retiro,253916.06,11,Lunes,0,1402,150494.38,0
TXN-000949,126,Transferencia,167789.9,8,Jueves,1,852,101870.65,0
TXN-002601,34,Transferencia,372015.31,5,Martes,0,1792,242810.69,0
TXN-000533,55,Transferencia,107369.99,15,Viernes,0,1286,84325.7,0
TXN-001830,57,Retiro,124356.34,12,Martes,0,1563,107236.74,0
TXN-002918,124,Retiro,27411.74,14,Martes,0,1106,35367.77,0
TXN-004419,122,Transferencia,1156734.26,15,Domingo,1,867,118084.64,1
TXN-003872,64,Transferencia,93592.27,11,Lunes,0,1469,85640.84,0
TXN-001603,26,Transferencia,61013.16,18,Viernes,0,1210,66432.95,0
TXN-000640,28,Pago de servicio,152549.1,8,Miércoles,1,408,161082.95,0
TXN-004833,125,Retiro,129412.01,7,Jueves,0,1403,179141.59,0
TXN-000968,1,Transferencia,150359.48,19,Jueves,1,1125,120430.23,0
TXN-004238,85,Pago de servicio,194484.55,16,Miércoles,0,943,110589.22,0
TXN-002698,122,Transferencia,101096.52,16,Martes,0,867,102531.4,0
TXN-001684,89,Retiro,119055.18,9,Miércoles,0,1557,103595.86,0
TXN-004471,41,Pago de servicio,167963.78,12,Viernes,1,260,188769.63,0
TXN-002343,117,Transferencia,201535.88,9,Viernes,1,541,249492.12,0
TXN-000156,81,Transferencia,141528.17,13,Lunes,0,83,136601.57,0
TXN-002488,64,Pago de servicio,58379.74,11,Martes,0,1469,77341.59,0
TXN-004642,35,Depósito,73465.73,8,Sábado,0,1058,137434.43,0
TXN-001090,1,Retiro,199375.07,15,Viernes,0,1125,150517.18,0
TXN-002656,5,Transferencia,282577.6,11,Jueves,0,1362,239197.91,0
TXN-004241,131,Retiro,62457.86,19,Lunes,0,1171,66409.83,0
TXN-000289,127,Pago de servicio,122633.85,9,Miércoles,1,1657,90713.53,0
TXN-000931,17,Transferencia,215876.66,9,Lunes,1,235,172424.93,0
TXN-002536,75,Pago de servicio,46082.29,16,Sábado,0,1664,97935.45,0
TXN-004029,16,Pago de servicio,112937.51,19,Lunes,0,1508,87588.02,0
TXN-003372,29,Transferencia,118942.7,11,Martes,0,1081,75177.91,0
TXN-004622,52,Pago de servicio,120610.23,9,Viernes,1,1464,115374.06,0
TXN-003292,139,Transferencia,20690.22,10,Viernes,0,1307,15827.25,0
TXN-000943,10,Transferencia,76884.98,18,Domingo,0,1005,70543.02,0
TXN-003860,11,Transferencia,97432.09,21,Viernes,0,592,78689.82,0
TXN-004663,74,Transferencia,2727182.65,9,Martes,0,502,265421.27,1
TXN-001699,115,Transferencia,189363.17,18,Miércoles,0,857,136043.86,0
TXN-004709,14,Transferencia,82705.68,10,Lunes,0,870,107976.02,0
TXN-003201,97,Pago de servicio,35793.8,12,Miércoles,0,1049,86728.79,0
TXN-004602,114,Depósito,247418.79,10,Viernes,0,567,241801.02,0
TXN-004609,37,Retiro,87953.44,12,Viernes,0,236,110091.69,0
TXN-000986,86,Depósito,73677.4,16,Jueves,0,367,63378.45,0
TXN-003319,122,Transferencia,86755.93,13,Jueves,0,867,122105.59,0
TXN-002868,111,Pago de servicio,212027.83,6,Jueves,0,1157,199723.71,0
TXN-004057,58,Transferencia,69788.95,9,Sábado,0,1439,102586.92,0
TXN-004778,69,Transferencia,22541.02,15,Domingo,0,689,48499.98,0
TXN-000982,118,Retiro,101670.83,20,Miércoles,0,429,113118.72,0
TXN-002493,113,Pago de servicio,31094.84,19,Domingo,0,1735,47691.15,0
TXN-003793,17,Pago de servicio,164359.28,11,Martes,0,235,190907.89,0
TXN-003549,73,Transferencia,56702.31,6,Lunes,0,901,58248.77,0
TXN-002943,120,Transferencia,109095.73,8,Viernes,0,1718,83516.79,0
TXN-003528,23,Transferencia,99410.86,18,Lunes,0,367,87274.92,0
TXN-003846,4,Pago de servicio,100969.06,12,Lunes,0,1426,94787.78,0
TXN-001458,72,Pago de servicio,50669.61,13,Sábado,1,518,47587.03,0
TXN-001396,35,Depósito,187524.71,7,Domingo,0,1058,115484.52,0
TXN-000265,47,Pago de servicio,63487.0,18,Jueves,0,1384,61748.46,0
TXN-004096,18,Transferencia,955492.45,6,Martes,1,1615,123953.29,1
TXN-000930,45,Transferencia,165662.42,19,Miércoles,0,1042,103284.22,0
TXN-004872,148,Pago de servicio,12589.09,15,Lunes,0,719,68021.04,0
TXN-002693,69,Transferencia,74016.25,18,Miércoles,0,689,56513.79,0
TXN-000247,133,Transferencia,125724.58,22,Viernes,0,733,106355.21,0
TXN-003590,8,Transferencia,135060.05,10,Lunes,1,489,157203.09,0
TXN-001759,126,Retiro,121454.44,6,Miércoles,0,852,76981.29,0
TXN-004866,92,Retiro,159058.61,9,Miércoles,0,499,163168.39,0
TXN-002811,128,Transferencia,94490.7,12,Sábado,0,1399,77580.11,0
TXN-000924,52,Transferencia,75345.72,16,Miércoles,0,1464,109343.98,0
TXN-002881,69,Pago de servicio,101588.63,18,Jueves,0,689,50253.01,0
TXN-000269,142,Transferencia,44640.0,10,Jueves,1,1233,37493.25,0
TXN-000670,6,Pago de servicio,213141.92,6,Lunes,0,373,165586.61,0
TXN-004476,60,Transferencia,65177.7,18,Viernes,0,142,149050.2,0
TXN-001911,73,Transferencia,48839.28,8,Miércoles,0,901,53389.24,0
TXN-002986,76,Pago de servicio,39603.2,12,Sábado,1,173,38776.42,0
TXN-001153,110,Pago de servicio,88067.59,8,Lunes,0,1692,55845.09,0
TXN-004818,30,Depósito,91464.35,14,Martes,0,230,65346.26,0
TXN-003456,44,Pago de servicio,81015.46,11,Miércoles,0,1139,150630.08,0
TXN-004242,39,Pago de servicio,32903.3,13,Martes,0,1294,45993.26,0
TXN-004550,143,Transferencia,272353.87,15,Viernes,0,1661,235524.31,0
TXN-002173,27,Transferencia,213817.72,13,Martes,1,448,138816.61,0
TXN-004516,119,Transferencia,50696.86,15,Miércoles,1,883,88004.98,0
TXN-001916,55,Transferencia,68332.01,12,Jueves,0,1286,77394.81,0
TXN-000613,6,Transferencia,110116.56,9,Lunes,0,373,176026.89,0
TXN-002407,128,Depósito,107095.26,14,Viernes,0,1399,66036.85,0
TXN-004206,6,Transferencia,206627.01,5,Jueves,0,373,155131.12,0
TXN-001899,118,Pago de servicio,26453.23,22,Domingo,0,429,92297.33,0
TXN-001650,2,Transferencia,32923.81,16,Domingo,0,1074,77913.46,0
TXN-002608,50,Pago de servicio,79580.67,18,Miércoles,0,662,90427.95,0
TXN-000259,40,Retiro,76997.91,11,Domingo,1,1050,77427.1,0
TXN-000848,16,Pago de servicio,96189.53,17,Viernes,0,1508,93763.81,0
TXN-004252,33,Transferencia,228661.85,10,Martes,0,1600,156092.46,0
TXN-001234,9,Depósito,117575.47,16,Martes,0,1529,104058.49,0
TXN-001128,135,Transferencia,38784.81,12,Lunes,0,726,43043.82,0
TXN-001968,127,Pago de servicio,64030.74,11,Viernes,0,1657,100007.33,0
TXN-000559,116,Transferencia,146474.46,15,Martes,0,932,112902.33,0
TXN-003906,23,Transferencia,131544.44,17,Viernes,1,367,94122.47,0
TXN-000485,99,Transferencia,55569.9,16,Miércoles,0,187,57788.61,0
TXN-001321,128,Retiro,61829.79,15,Sábado,0,1399,81159.93,0
TXN-003405,139,Retiro,12830.34,8,Lunes,1,1307,13557.88,0
TXN-000008,53,Transferencia,48796.93,7,Martes,0,1287,41379.81,0
TXN-003280,130,Pago de servicio,97183.21,19,Viernes,1,663,173829.87,0
TXN-003190,9,Depósito,150604.4,19,Jueves,1,1529,103357.95,0
TXN-001451,79,Transferencia,166634.91,14,Miércoles,0,1286,128479.07,0
TXN-003981,103,Pago de servicio,197881.58,9,Viernes,0,729,119443.38,0
TXN-001815,39,Transferencia,46251.95,13,Jueves,1,1294,45241.15,0
TXN-000774,94,Pago de servicio,65344.85,20,Lunes,0,592,55510.82,0
TXN-001012,124,Depósito,26357.66,11,Jueves,0,1106,34064.68,0
TXN-002819,140,Pago de servicio,56912.24,21,Miércoles,0,386,51299.22,0
TXN-003276,47,Pago de servicio,72370.99,19,Viernes,0,1384,64814.89,0
TXN-001992,56,Pago de servicio,71560.6,9,Miércoles,0,1166,141377.43,0
TXN-001278,101,Retiro,108624.13,14,Martes,0,1090,97492.54,0
TXN-001784,13,Transferencia,44001.92,9,Martes,0,676,90103.83,0
TXN-003106,45,Transferencia,153395.71,20,Jueves,0,1042,100414.74,0
TXN-000447,71,Pago de servicio,40038.48,12,Martes,0,1201,136151.91,0
TXN-000881,3,Transferencia,117132.13,16,Lunes,0,1512,75064.81,0
TXN-004460,140,Transferencia,81460.99,19,Viernes,0,386,48724.09,0
TXN-000782,72,Pago de servicio,38214.55,12,Domingo,0,518,58301.32,0
TXN-001750,85,Pago de servicio,93497.54,18,Miércoles,0,943,130239.62,0
TXN-003389,120,Transferencia,49221.24,12,Viernes,0,1718,80860.5,0
TXN-004882,100,Depósito,70531.61,19,Viernes,0,1099,132085.1,0
TXN-000884,30,Transferencia,72072.85,12,Miércoles,0,230,61832.23,0
TXN-002945,63,Transferencia,69721.18,15,Miércoles,0,759,68094.78,0
TXN-001092,128,Depósito,114590.61,17,Martes,0,1399,67907.73,0
TXN-004784,54,Retiro,39898.76,17,Martes,0,693,87737.92,0
TXN-000532,146,Transferencia,141877.4,12,Martes,1,287,149302.95,0
TXN-004023,114,Pago de servicio,122037.36,12,Viernes,1,567,244979.6,0
TXN-004422,2,Transferencia,107285.75,21,Lunes,0,1074,87958.03,0
TXN-004099,102,Retiro,185353.03,14,Sábado,0,1402,166408.61,0
TXN-001728,52,Retiro,121016.58,17,Jueves,0,1464,101000.42,0
TXN-000611,139,Pago de servicio,14670.65,8,Martes,0,1307,15447.33,0
TXN-000571,39,Transferencia,52867.63,14,Miércoles,1,1294,41932.7,0
TXN-002672,5,Transferencia,243023.97,10,Jueves,0,1362,248191.15,0
TXN-003719,142,Retiro,22350.44,10,Jueves,0,1233,39544.53,0
TXN-000344,10,Transferencia,99389.12,20,Jueves,0,1005,79826.36,0
TXN-003001,44,Depósito,194186.98,6,Martes,0,1139,171356.38,0
TXN-003140,90,Retiro,21942.66,13,Jueves,0,1188,71894.22,0
TXN-000435,68,Transferencia,208796.82,7,Miércoles,0,1564,253604.26,0
TXN-001904,58,Transferencia,30844.81,12,Jueves,0,1439,100091.03,0
TXN-003805,148,Pago de servicio,76242.56,13,Martes,0,719,81996.29,0
TXN-004777,13,Depósito,104517.72,12,Lunes,0,676,100745.72,0
TXN-002070,100,Pago de servicio,271645.41,18,Viernes,0,1099,134570.35,0
TXN-001538,30,Transferencia,91228.02,11,Martes,0,230,63302.83,0
TXN-002253,77,Pago de servicio,130412.11,20,Jueves,0,910,101725.53,0
TXN-002347,84,Transferencia,45614.75,10,Sábado,0,133,123901.36,0
TXN-001518,41,Transferencia,267609.46,13,Lunes,0,260,154692.85,0
TXN-000966,84,Pago de servicio,138592.7,9,Miércoles,0,133,104843.62,0
TXN-004407,83,Transferencia,74782.83,12,Viernes,0,1473,68237.77,0
TXN-000529,123,Pago de servicio,158043.77,13,Miércoles,0,1022,111179.47,0
TXN-000177,125,Retiro,156060.35,12,Viernes,0,1403,219878.07,0
TXN-003483,122,Retiro,67781.38,18,Domingo,0,867,108210.93,0
TXN-002544,16,Transferencia,157229.29,15,Lunes,0,1508,94491.93,0
TXN-004936,58,Pago de servicio,50035.36,14,Jueves,0,1439,94606.17,0
TXN-000573,22,Pago de servicio,94752.7,9,Sábado,0,1305,99142.46,0
TXN-002300,64,Transferencia,107238.09,12,Domingo,0,1469,80872.36,0
TXN-003509,141,Transferencia,229317.76,8,Domingo,0,1153,290952.13,0
TXN-002460,12,Retiro,39374.34,20,Jueves,1,1620,94092.55,0
TXN-003610,101,Transferencia,51312.45,15,Jueves,0,1090,85164.95,0
TXN-004555,48,Depósito,52686.28,17,Domingo,0,1401,118450.75,0
TXN-002209,98,Pago de servicio,720879.15,20,Martes,0,845,432588.87,0
TXN-004721,127,Pago de servicio,98411.83,7,Jueves,0,1657,84970.82,0
TXN-002756,28,Retiro,172081.15,7,Miércoles,0,408,150236.98,0
TXN-000384,47,Transferencia,62149.96,19,Domingo,0,1384,81121.46,0
TXN-000853,60,Depósito,186878.44,21,Miércoles,0,142,135879.95,0
TXN-001881,18,Transferencia,163550.46,5,Martes,0,1615,137485.17,0
TXN-000371,120,Pago de servicio,63801.11,10,Miércoles,0,1718,85688.31,0
TXN-002379,94,Transferencia,54710.32,18,Miércoles,0,592,65032.65,0
TXN-004324,29,Transferencia,93381.69,13,Lunes,0,1081,83045.61,0
TXN-001106,140,Pago de servicio,458762.01,17,Martes,1,386,52209.55,1
TXN-003414,81,Transferencia,120851.57,13,Domingo,0,83,120576.9,0
TXN-003947,144,Transferencia,37411.26,9,Miércoles,0,1045,36009.86,0
TXN-001337,122,Transferencia,142335.55,17,Miércoles,0,867,96835.61,0
TXN-002190,17,Transferencia,175642.46,11,Lunes,0,235,217130.42,0
TXN-004595,34,Transferencia,207374.48,8,Domingo,0,1792,252223.25,0
TXN-002320,119,Retiro,122873.46,12,Lunes,1,883,98061.68,0
TXN-004706,77,Retiro,81455.92,17,Miércoles,0,910,108508.72,0
TXN-003711,34,Transferencia,273292.42,8,Sábado,0,1792,289432.63,0
TXN-004849,149,Pago de servicio,36724.11,17,Miércoles,0,720,56011.56,0
TXN-001172,15,Transferencia,68395.92,13,Domingo,0,121,75761.32,0
TXN-004326,14,Depósito,167689.07,15,Martes,0,870,119944.57,0
TXN-002695,23,Transferencia,125991.35,19,Jueves,0,367,93656.25,0
TXN-001423,141,Transferencia,4821342.98,10,Lunes,1,1153,259563.94,1
TXN-002342,84,Transferencia,105485.93,13,Jueves,0,133,125668.8,0
TXN-002652,15,Retiro,85541.07,11,Domingo,0,121,59664.75,0
TXN-004156,94,Retiro,45068.36,19,Miércoles,0,592,64825.0,0
TXN-001465,133,Transferencia,49148.13,19,Sábado,1,733,100221.37,0
TXN-000875,134,Transferencia,108972.64,9,Viernes,0,819,150595.29,0
TXN-003340,111,Pago de servicio,155277.84,5,Viernes,0,1157,181432.06,0
TXN-004341,77,Transferencia,163086.01,19,Martes,0,910,115020.58,0
TXN-001252,29,Retiro,110317.25,15,Sábado,0,1081,98556.43,0
TXN-002349,136,Pago de servicio,96622.16,19,Domingo,1,1273,130212.39,0
TXN-000841,38,Pago de servicio,121481.2,15,Lunes,0,1607,263382.59,0
TXN-004569,146,Retiro,76040.82,12,Lunes,1,287,114024.84,0
TXN-000582,81,Pago de servicio,129322.01,14,Lunes,0,83,148300.8,0
TXN-000205,123,Retiro,156038.03,13,Miércoles,0,1022,137601.52,0
TXN-001642,98,Depósito,489875.26,19,Miércoles,0,845,502050.53,0
TXN-002015,135,Transferencia,205080.34,3,Martes,0,726,41962.06,1
TXN-000906,107,Pago de servicio,19195.83,10,Martes,0,599,40058.47,0
TXN-000632,143,Pago de servicio,197587.96,16,Lunes,0,1661,253882.16,0
TXN-003365,121,Retiro,149875.47,4,Martes,1,1745,93198.64,0
TXN-001975,38,Transferencia,300324.88,16,Viernes,0,1607,251158.19,0
TXN-000163,126,Transferencia,77247.23,5,Lunes,1,852,97933.84,0
TXN-003173,92,Pago de servicio,1925711.05,11,Viernes,1,499,207848.68,1
TXN-003613,11,Transferencia,34661.22,20,Miércoles,0,592,81175.1,0
TXN-004676,34,Transferencia,211156.03,7,Domingo,0,1792,274653.12,0
TXN-000618,104,Transferencia,82154.73,7,Miércoles,0,1169,82212.25,0
TXN-004069,88,Retiro,89563.56,9,Martes,0,190,60542.2,0
TXN-001432,88,Transferencia,65819.4,9,Martes,0,190,68713.42,0
TXN-000548,52,Pago de servicio,110083.08,16,Jueves,1,1464,104407.38,0
TXN-003335,123,Pago de servicio,147639.18,11,Viernes,0,1022,132582.11,0
TXN-004547,105,Pago de servicio,75413.56,13,Domingo,0,1214,66879.23,0
TXN-004224,68,Pago de servicio,399937.6,11,Domingo,0,1564,206071.05,0
TXN-002388,112,Pago de servicio,118501.95,7,Martes,0,1446,91551.17,0
TXN-004244,99,Retiro,60565.28,20,Jueves,0,187,57755.44,0
TXN-003996,17,Retiro,244358.33,8,Martes,0,235,220667.26,0
TXN-004066,105,Pago de servicio,77732.28,11,Lunes,0,1214,60289.35,0
TXN-001862,68,Pago de servicio,230437.8,9,Viernes,0,1564,200983.48,0
TXN-000641,54,Transferencia,75380.0,20,Viernes,0,693,83602.27,0
TXN-003903,1,Pago de servicio,110401.03,16,Domingo,0,1125,123061.27,0
TXN-000638,90,Retiro,87674.6,11,Sábado,0,1188,87923.01,0
TXN-004263,19,Pago de servicio,68182.88,11,Viernes,0,595,43919.09,0
TXN-003911,59,Transferencia,46509.35,17,Miércoles,0,1134,70041.97,0
TXN-002987,88,Depósito,70992.96,9,Martes,0,190,66244.12,0
TXN-002097,96,Transferencia,140502.63,20,Miércoles,0,1662,157505.84,0
TXN-004612,25,Transferencia,45415.4,17,Miércoles,0,522,50183.48,0
TXN-003076,95,Depósito,123105.6,7,Domingo,1,1330,123664.67,0
TXN-003675,79,Transferencia,75273.01,17,Martes,0,1286,112955.77,0
TXN-002842,109,Pago de servicio,95393.48,12,Miércoles,0,1716,97025.87,0
TXN-000922,3,Pago de servicio,108741.18,14,Miércoles,0,1512,77080.19,0
TXN-000547,93,Pago de servicio,82007.09,12,Miércoles,0,259,58279.72,0
TXN-003667,19,Transferencia,40230.43,11,Martes,0,595,40932.12,0
TXN-001901,96,Transferencia,155775.32,20,Viernes,0,1662,159218.32,0
TXN-002029,124,Pago de servicio,40947.74,14,Lunes,1,1106,33421.99,0
TXN-002302,91,Transferencia,44086.96,20,Lunes,0,984,48019.57,0
TXN-001886,4,Transferencia,107017.73,15,Viernes,0,1426,83043.79,0
TXN-001643,34,Transferencia,222494.54,8,Jueves,0,1792,285030.54,0
TXN-003510,68,Retiro,126428.84,14,Viernes,1,1564,205394.47,0
TXN-004810,74,Pago de servicio,2275114.86,7,Sábado,0,502,241124.5,1
TXN-002098,139,Transferencia,16515.17,7,Martes,0,1307,12605.15,0
TXN-004358,23,Transferencia,182050.23,17,Viernes,0,367,96035.06,0
TXN-003789,13,Pago de servicio,115167.62,9,Viernes,0,676,93980.94,0
TXN-004495,17,Pago de servicio,129714.64,7,Viernes,1,235,169320.63,0
TXN-004968,34,Transferencia,206473.04,4,Martes,1,1792,237264.96,0
TXN-000837,88,Depósito,59073.18,12,Lunes,0,190,59607.46,0
TXN-000602,134,Pago de servicio,227041.17,12,Sábado,0,819,133823.72,0
TXN-002185,53,Transferencia,41842.21,9,Martes,0,1287,37369.05,0
TXN-003866,74,Pago de servicio,81902.74,7,Miércoles,0,502,214846.36,0
TXN-002482,39,Transferencia,47402.03,16,Jueves,0,1294,43659.06,0
TXN-004308,47,Transferencia,94191.11,17,Miércoles,0,1384,65787.67,0
TXN-001583,133,Transferencia,160820.58,17,Viernes,1,733,102433.53,0
TXN-004267,23,Transferencia,98716.09,16,Viernes,0,367,86658.16,0
TXN-002534,3,Pago de servicio,73991.56,15,Domingo,0,1512,95473.39,0
TXN-002726,8,Transferencia,316392.26,3,Jueves,0,489,121052.4,1
TXN-001071,113,Transferencia,76517.77,19,Jueves,0,1735,60596.76,0
TXN-001776,58,Transferencia,85604.99,13,Domingo,0,1439,105629.41,0
TXN-004809,112,Transferencia,59440.04,8,Viernes,0,1446,106735.83,0
TXN-001284,42,Transferencia,105194.3,20,Miércoles,0,1708,109776.7,0
TXN-003051,141,Retiro,397405.59,8,Lunes,1,1153,226403.23,0
TXN-004754,63,Retiro,82141.34,18,Lunes,0,759,77360.04,0
TXN-001837,50,Transferencia,98699.88,20,Viernes,0,662,87581.03,0
TXN-004243,79,Pago de servicio,115920.1,15,Domingo,0,1286,121248.21,0
TXN-001020,27,Transferencia,208197.4,7,Domingo,0,448,127131.78,0
TXN-004134,16,Pago de servicio,69969.92,16,Domingo,0,1508,75597.22,0
TXN-001327,100,Transferencia,200467.99,17,Lunes,0,1099,149583.8,0
TXN-000476,16,Retiro,97400.47,19,Lunes,0,1508,75784.03,0
TXN-004272,36,Transferencia,75562.41,14,Martes,0,532,66414.34,0
TXN-001652,56,Pago de servicio,156863.76,8,Martes,0,1166,118109.58,0
TXN-003999,70,Pago de servicio,52956.41,20,Miércoles,0,984,76008.71,0
TXN-004468,150,Retiro,113152.98,15,Martes,0,1666,108580.9,0
TXN-002611,74,Retiro,234273.65,6,Martes,0,502,246486.93,0
TXN-002477,12,Pago de servicio,80013.07,18,Jueves,0,1620,91516.7,0
TXN-002584,41,Retiro,82023.31,16,Miércoles,0,260,157351.64,0
TXN-001374,22,Transferencia,96350.15,14,Viernes,0,1305,105294.82,0
TXN-000740,90,Transferencia,118128.34,13,Jueves,0,1188,88927.58,0
TXN-003619,150,Transferencia,103968.24,19,Viernes,0,1666,115851.03,0
TXN-002441,91,Transferencia,32602.75,18,Miércoles,1,984,49655.08,0
TXN-000868,130,Pago de servicio,196581.74,17,Domingo,1,663,156508.75,0
TXN-001141,140,Retiro,79569.77,21,Martes,1,386,55979.5,0
TXN-000998,57,Transferencia,112909.48,16,Miércoles,0,1563,108474.72,0
TXN-001338,14,Transferencia,226376.12,6,Domingo,0,870,131890.76,0
TXN-000542,23,Transferencia,109657.78,16,Martes,0,367,97795.82,0
TXN-001100,136,Transferencia,172218.14,19,Viernes,0,1273,128005.5,0
TXN-001133,112,Retiro,99158.9,7,Miércoles,0,1446,115734.21,0
TXN-004065,142,Transferencia,20416.27,7,Domingo,0,1233,41520.21,0
TXN-002716,110,Transferencia,79071.42,6,Jueves,0,1692,67851.25,0
TXN-002259,1,Transferencia,141778.92,15,Domingo,0,1125,129750.8,0
TXN-004751,136,Pago de servicio,91784.55,20,Jueves,0,1273,126616.25,0
TXN-000060,134,Pago de servicio,145124.23,12,Viernes,0,819,118896.69,0
TXN-002884,141,Pago de servicio,487601.55,10,Martes,0,1153,293374.68,0
TXN-001939,47,Pago de servicio,57822.69,21,Miércoles,0,1384,62444.12,0
TXN-002577,8,Pago de servicio,187939.59,5,Domingo,0,489,155673.73,0
TXN-004937,120,Retiro,71898.67,6,Domingo,0,1718,71187.55,0
TXN-001079,56,Transferencia,93954.99,7,Domingo,0,1166,128535.05,0
TXN-003250,38,Transferencia,297734.18,15,Sábado,0,1607,233915.44,0
TXN-003128,41,Depósito,165320.36,11,Miércoles,0,260,192590.57,0
TXN-002489,58,Transferencia,180085.9,10,Miércoles,0,1439,109030.74,0
TXN-000941,48,Pago de servicio,101351.58,16,Sábado,0,1401,124494.13,0
TXN-001081,19,Transferencia,26667.56,13,Miércoles,0,595,46243.27,0
TXN-000188,49,Transferencia,188074.38,5,Sábado,0,1430,157665.6,0
TXN-002635,89,Pago de servicio,70925.56,11,Martes,0,1557,91586.41,0
TXN-002086,38,Retiro,369581.62,16,Martes,0,1607,224864.96,0
TXN-002250,87,Depósito,24475.28,22,Jueves,0,1734,19252.55,0
TXN-004891,80,Transferencia,288754.2,8,Martes,0,1712,138976.89,0
TXN-002024,134,Retiro,175237.81,11,Martes,0,819,120451.86,0
TXN-003540,26,Transferencia,98792.95,12,Lunes,0,1210,59862.45,0
TXN-004049,37,Transferencia,143325.75,17,Lunes,0,236,99544.48,0
TXN-003607,22,Transferencia,77094.66,14,Domingo,0,1305,103425.08,0
TXN-000227,32,Pago de servicio,233128.22,23,Miércoles,0,1781,164251.43,0
TXN-004848,12,Pago de servicio,60142.88,20,Miércoles,0,1620,94547.28,0
TXN-001930,48,Depósito,193968.44,18,Viernes,1,1401,152595.55,0
TXN-003056,27,Depósito,178156.91,8,Domingo,0,448,134895.61,0
TXN-004490,134,Transferencia,183347.26,10,Miércoles,0,819,134807.2,0
TXN-001405,91,Transferencia,54507.85,17,Domingo,0,984,51536.02,0
TXN-002180,139,Transferencia,13812.24,7,Miércoles,0,1307,14971.91,0
TXN-000698,44,Retiro,71891.99,4,Martes,0,1139,167212.27,0
TXN-001125,124,Pago de servicio,26182.21,14,Martes,1,1106,35465.65,0
TXN-003362,91,Retiro,33346.41,16,Lunes,0,984,60093.86,0
TXN-004136,49,Transferencia,176290.53,3,Martes,0,1430,142986.75,0
TXN-001779,34,Retiro,331131.56,6,Martes,1,1792,246387.45,0
TXN-002859,123,Retiro,121711.88,12,Lunes,1,1022,140339.86,0
TXN-001038,68,Retiro,239883.51,10,Lunes,0,1564,262342.03,0
TXN-004457,3,Retiro,91000.02,16,Jueves,1,1512,87473.39,0
TXN-002257,38,Pago de servicio,282640.2,16,Jueves,0,1607,223510.16,0
TXN-000314,20,Retiro,229734.6,18,Sábado,1,1530,175902.62,0
TXN-002282,144,Transferencia,51470.06,7,Domingo,0,1045,44910.36,0
TXN-001417,59,Transferencia,53413.82,17,Lunes,0,1134,65917.36,0
TXN-001037,64,Pago de servicio,54572.9,12,Sábado,0,1469,66091.32,0
TXN-002160,70,Pago de servicio,47762.82,16,Viernes,0,984,61608.92,0
TXN-004164,112,Pago de servicio,60178.55,7,Viernes,1,1446,105007.98,0
TXN-001755,36,Depósito,97987.01,18,Jueves,0,532,65625.57,0
TXN-003113,148,Transferencia,96257.3,13,Sábado,1,719,86490.1,0
TXN-002814,46,Transferencia,221574.8,9,Viernes,1,825,158119.15,0
TXN-002699,143,Transferencia,252436.74,15,Lunes,0,1661,204977.46,0
TXN-003208,34,Retiro,269633.41,9,Martes,0,1792,317400.23,0
TXN-004351,61,Transferencia,67415.94,14,Viernes,0,1789,100855.37,0
TXN-003432,127,Transferencia,64215.61,11,Sábado,0,1657,99556.47,0
TXN-001507,50,Pago de servicio,82745.63,19,Martes,0,662,73105.86,0
TXN-001924,100,Pago de servicio,268735.24,19,Viernes,0,1099,124779.95,0
TXN-000449,98,Pago de servicio,720417.06,18,Viernes,0,845,531669.83,0
TXN-004129,140,Pago de servicio,38980.78,18,Jueves,0,386,55714.04,0
TXN-002529,122,Transferencia,120860.91,18,Jueves,1,867,100073.89,0
TXN-004970,116,Retiro,112391.01,13,Lunes,0,932,114848.62,0
TXN-002790,123,Transferencia,82144.28,10,Miércoles,0,1022,132763.88,0
TXN-000362,44,Transferencia,132885.12,8,Jueves,0,1139,153194.0,0
TXN-002184,56,Transferencia,1369927.4,11,Lunes,0,1166,122147.61,1
TXN-001135,94,Transferencia,57372.04,17,Miércoles,0,592,57128.2,0
TXN-003881,54,Pago de servicio,76953.91,17,Jueves,0,693,87410.32,0
TXN-002156,114,Transferencia,318866.42,14,Sábado,0,567,213808.95,0
TXN-001831,134,Transferencia,143809.42,13,Viernes,0,819,149166.56,0
TXN-001054,70,Pago de servicio,110491.03,17,Sábado,0,984,79137.0,0
TXN-000023,77,Retiro,96413.26,19,Viernes,0,910,107900.81,0
TXN-002067,141,Pago de servicio,267006.02,11,Miércoles,0,1153,291688.92,0
TXN-001654,68,Transferencia,273985.65,16,Lunes,0,1564,205234.36,0
TXN-002588,21,Transferencia,111077.77,11,Martes,0,1515,155735.66,0
TXN-003211,36,Pago de servicio,82164.12,11,Lunes,0,532,65748.41,0
TXN-004303,90,Pago de servicio,86076.66,12,Jueves,1,1188,67632.39,0
TXN-004037,65,Transferencia,51221.98,15,Lunes,0,152,61028.33,0
TXN-002326,145,Depósito,16633.2,11,Jueves,0,365,50761.27,0
TXN-000461,142,Transferencia,46040.56,5,Martes,0,1233,42422.59,0
TXN-001068,70,Retiro,67196.9,16,Jueves,0,984,71086.03,0
TXN-000088,98,Depósito,708007.83,21,Viernes,0,845,435516.44,0
TXN-001431,129,Retiro,63814.86,8,Jueves,0,1694,141921.72,0
TXN-002648,120,Transferencia,73066.36,10,Viernes,0,1718,86206.11,0
TXN-000283,24,Pago de servicio,954291.44,7,Lunes,0,821,72833.33,1
TXN-000463,111,Depósito,225928.04,5,Martes,0,1157,183284.08,0
TXN-000213,14,Transferencia,91146.17,11,Viernes,0,870,108898.35,0
TXN-002500,79,Transferencia,94126.96,12,Sábado,0,1286,104306.19,0
TXN-001369,18,Transferencia,127102.96,7,Viernes,0,1615,134252.98,0
TXN-000235,21,Transferencia,234037.88,14,Sábado,0,1515,149214.79,0
TXN-002771,109,Transferencia,103105.88,12,Viernes,0,1716,108450.85,0
TXN-000598,80,Retiro,147773.06,9,Domingo,0,1712,172759.28,0
TXN-004421,50,Transferencia,41395.83,15,Jueves,0,662,86116.52,0
TXN-002251,141,Retiro,510215.55,12,Viernes,0,1153,280387.96,0
TXN-004032,137,Retiro,143795.33,12,Viernes,0,941,143635.57,0
TXN-002284,98,Depósito,334584.61,19,Jueves,0,845,545033.03,0
TXN-000663,6,Transferencia,88865.23,9,Viernes,0,373,140909.44,0
TXN-004964,122,Transferencia,1000.0,13,Domingo,0,867,115217.49,0
TXN-002286,55,Retiro,86134.5,13,Domingo,0,1286,90682.57,0
TXN-004717,70,Retiro,62875.59,16,Miércoles,0,984,79304.46,0
TXN-003194,76,Transferencia,25219.99,15,Viernes,0,173,41981.03,0
TXN-002504,48,Transferencia,119814.1,15,Viernes,0,1401,141098.05,0
TXN-004044,79,Pago de servicio,149408.49,14,Jueves,0,1286,124015.42,0
TXN-000780,135,Pago de servicio,49940.16,9,Miércoles,0,726,43777.49,0
TXN-004020,108,Transferencia,34238.05,10,Martes,0,715,42501.97,0
TXN-003427,57,Pago de servicio,142358.54,18,Viernes,0,1563,112053.5,0
TXN-004307,69,Retiro,52771.46,16,Viernes,0,689,59204.96,0
TXN-003197,4,Depósito,160949.83,12,Lunes,0,1426,75493.85,0
TXN-004836,79,Retiro,118890.65,14,Sábado,0,1286,109299.05,0
TXN-000686,111,Transferencia,117964.01,5,Viernes,0,1157,208241.77,0
TXN-003170,56,Pago de servicio,153485.97,6,Lunes,0,1166,114782.4,0
TXN-003927,140,Transferencia,65507.3,22,Lunes,0,386,45840.09,0
TXN-003435,84,Depósito,92551.79,10,Martes,0,133,97690.43,0
TXN-002172,98,Pago de servicio,444299.88,19,Sábado,0,845,482136.55,0
TXN-003690,49,Pago de servicio,77360.51,9,Miércoles,0,1430,148759.82,0
TXN-001851,81,Pago de servicio,184008.77,13,Viernes,0,83,123313.22,0
TXN-000488,19,Pago de servicio,63366.08,10,Sábado,0,595,49714.35,0
TXN-001689,84,Pago de servicio,176034.42,13,Martes,0,133,123551.84,0
TXN-002231,108,Pago de servicio,33985.58,6,Miércoles,0,715,42586.88,0
TXN-003265,31,Transferencia,49802.55,10,Viernes,0,436,41670.81,0
TXN-002321,91,Retiro,50624.99,15,Martes,0,984,61115.84,0
TXN-000783,42,Depósito,109911.91,21,Martes,0,1708,106658.32,0
TXN-000522,28,Transferencia,2993729.45,5,Miércoles,0,408,158371.01,1
TXN-000523,16,Pago de servicio,46483.58,14,Miércoles,0,1508,76334.97,0
TXN-002838,79,Retiro,100550.69,13,Sábado,0,1286,114668.0,0
TXN-004540,88,Transferencia,56681.25,13,Miércoles,0,190,59608.4,0
TXN-002399,126,Pago de servicio,100215.45,9,Jueves,0,852,102038.0,0
TXN-002208,116,Pago de servicio,19233.4,19,Viernes,1,932,123846.83,0
TXN-003478,61,Pago de servicio,176330.04,12,Miércoles,0,1789,104957.39,0
TXN-003553,116,Transferencia,118635.6,18,Viernes,0,932,106316.07,0
TXN-004088,128,Pago de servicio,115178.67,16,Domingo,0,1399,83207.8,0
TXN-002823,38,Transferencia,263106.0,19,Martes,0,1607,281831.08,0
TXN-001512,32,Transferencia,97455.37,20,Jueves,0,1781,180644.81,0
TXN-001883,93,Retiro,41610.26,12,Martes,1,259,49413.41,0
TXN-000652,82,Pago de servicio,39780.56,15,Sábado,0,1726,105494.04,0
TXN-004931,70,Transferencia,84693.33,19,Viernes,0,984,73730.87,0
TXN-003090,100,Transferencia,168394.62,15,Domingo,0,1099,146823.07,0
TXN-000370,123,Transferencia,103752.18,11,Lunes,0,1022,123986.38,0
TXN-004998,48,Pago de servicio,161908.66,16,Viernes,0,1401,135523.63,0
TXN-000119,143,Retiro,287907.6,11,Viernes,0,1661,216131.01,0
TXN-003321,124,Transferencia,32978.2,13,Miércoles,0,1106,31918.95,0
TXN-003035,43,Retiro,50610.0,12,Martes,0,1752,54225.92,0
TXN-002217,111,Depósito,180466.71,7,Domingo,0,1157,187335.34,0
TXN-003543,30,Retiro,53395.2,14,Lunes,0,230,63792.39,0
TXN-001614,33,Transferencia,262480.7,12,Viernes,1,1600,175238.58,0
TXN-003152,106,Pago de servicio,46050.79,9,Miércoles,1,157,41535.12,0
TXN-000963,53,Transferencia,57128.43,9,Sábado,0,1287,38714.98,0
TXN-002511,109,Retiro,121567.43,11,Sábado,0,1716,97902.08,0
TXN-003832,29,Transferencia,149720.16,17,Domingo,0,1081,99189.67,0
TXN-002824,35,Transferencia,64138.17,9,Martes,0,1058,107135.26,0
TXN-004344,75,Transferencia,133801.23,15,Viernes,0,1664,125299.65,0
TXN-003033,36,Retiro,85020.55,19,Miércoles,0,532,59306.47,0
TXN-002416,30,Retiro,80154.63,9,Domingo,0,230,58994.56,0
TXN-004655,39,Transferencia,83068.7,13,Sábado,0,1294,47042.14,0
TXN-004237,74,Pago de servicio,215568.78,5,Sábado,1,502,272610.88,0
TXN-002186,105,Retiro,104739.25,14,Domingo,0,1214,54146.73,0
TXN-003670,74,Pago de servicio,264616.39,6,Jueves,0,502,257020.85,0
TXN-002038,115,Transferencia,89373.79,17,Jueves,0,857,131138.61,0
TXN-004363,134,Transferencia,165566.77,11,Miércoles,0,819,149499.99,0
TXN-000773,35,Transferencia,52208.81,7,Lunes,0,1058,132768.36,0
TXN-001285,3,Pago de servicio,90451.74,17,Sábado,0,1512,75683.58,0
TXN-004604,66,Depósito,92521.65,6,Lunes,0,796,108236.07,0
TXN-004795,78,Transferencia,2674078.46,7,Lunes,0,926,239721.77,1
TXN-001415,128,Pago de servicio,39422.47,14,Miércoles,0,1399,84317.5,0
TXN-001235,140,Retiro,26318.82,21,Martes,1,386,60978.26,0
TXN-002700,52,Retiro,59570.39,13,Miércoles,0,1464,109799.53,0
TXN-000436,26,Pago de servicio,56444.73,15,Viernes,0,1210,52895.84,0
TXN-001675,10,Depósito,61652.83,15,Domingo,0,1005,70420.71,0
TXN-000366,6,Pago de servicio,196393.28,9,Sábado,1,373,156120.44,0
TXN-002650,53,Transferencia,27063.69,14,Miércoles,0,1287,36060.63,0
TXN-000232,43,Pago de servicio,55899.66,16,Miércoles,0,1752,57227.51,0
TXN-004268,29,Retiro,127379.65,15,Martes,0,1081,95939.6,0
TXN-004042,100,Transferencia,135192.67,18,Jueves,0,1099,136798.87,0
TXN-004400,50,Transferencia,55945.57,16,Miércoles,0,662,85341.51,0
TXN-000408,62,Pago de servicio,139921.68,3,Lunes,0,414,133556.98,0
TXN-002091,147,Transferencia,21404.8,18,Jueves,0,881,88489.5,0
TXN-000087,10,Pago de servicio,80142.57,18,Lunes,0,1005,75852.64,0
TXN-000845,37,Pago de servicio,51825.39,16,Viernes,0,236,85928.63,0
TXN-001032,74,Transferencia,183755.15,10,Miércoles,0,502,244654.18,0
TXN-002856,1,Transferencia,98981.84,14,Lunes,0,1125,151848.48,0
TXN-004110,118,Retiro,85473.08,21,Lunes,0,429,94963.6,0
TXN-004397,63,Retiro,76952.17,19,Viernes,0,759,79566.36,0
TXN-003894,115,Transferencia,22631.65,19,Domingo,0,857,129469.2,0
TXN-002659,125,Retiro,216235.28,9,Viernes,1,1403,228860.91,0
TXN-000856,111,Pago de servicio,263233.57,3,Domingo,1,1157,207984.11,0
TXN-000079,30,Pago de servicio,114951.79,13,Miércoles,0,230,58633.75,0
TXN-002248,59,Pago de servicio,82488.43,15,Miércoles,1,1134,64582.76,0
TXN-004571,53,Retiro,37223.6,8,Viernes,0,1287,46748.21,0
TXN-003657,127,Transferencia,115912.21,9,Miércoles,0,1657,89686.71,0
TXN-004152,17,Transferencia,236215.09,8,Viernes,0,235,169066.21,0
TXN-003379,85,Pago de servicio,269460.08,1,Sábado,0,943,100184.58,1
TXN-002280,30,Pago de servicio,95467.52,10,Martes,1,230,74756.18,0
TXN-002599,31,Pago de servicio,45906.4,13,Sábado,0,436,38561.62,0
TXN-004160,145,Transferencia,37103.75,11,Lunes,0,365,62023.48,0
TXN-003871,116,Transferencia,114900.4,16,Domingo,1,932,99870.49,0
TXN-003429,18,Transferencia,167971.33,9,Lunes,0,1615,112296.17,0
TXN-002177,24,Transferencia,90901.51,13,Sábado,0,821,71482.67,0
TXN-000425,38,Pago de servicio,234073.09,15,Miércoles,0,1607,278255.63,0
TXN-000393,117,Transferencia,202048.57,5,Sábado,0,541,258071.04,0
TXN-004727,15,Pago de servicio,69548.28,8,Jueves,0,121,67328.12,0
TXN-003694,61,Pago de servicio,159404.98,13,Jueves,0,1789,87173.06,0
TXN-000105,11,Depósito,99809.43,17,Jueves,1,592,94129.01,0
TXN-003995,44,Pago de servicio,168801.44,12,Martes,0,1139,138516.91,0
TXN-004413,19,Transferencia,27041.62,12,Jueves,0,595,48395.35,0
TXN-001949,73,Transferencia,43272.36,8,Domingo,0,901,53987.94,0
TXN-001460,86,Transferencia,63432.39,20,Miércoles,0,367,62705.18,0
TXN-003258,61,Depósito,86559.81,13,Sábado,0,1789,82869.52,0
TXN-002804,71,Transferencia,88869.5,8,Jueves,0,1201,146572.19,0
TXN-002707,112,Transferencia,123158.97,7,Viernes,0,1446,89753.23,0
TXN-004790,74,Transferencia,329438.2,6,Martes,0,502,286667.0,0
TXN-001588,33,Transferencia,218797.82,9,Domingo,0,1600,153307.12,0
TXN-003660,97,Pago de servicio,72811.01,8,Lunes,1,1049,82205.39,0
TXN-001732,136,Transferencia,148601.59,18,Domingo,0,1273,123528.73,0
TXN-004765,145,Pago de servicio,50602.79,16,Jueves,0,365,58626.03,0
TXN-004225,16,Pago de servicio,105873.86,20,Sábado,0,1508,88364.73,0
TXN-003682,123,Transferencia,142782.22,9,Viernes,0,1022,114930.13,0
TXN-001792,52,Transferencia,90590.95,16,Jueves,0,1464,111715.87,0
TXN-002356,37,Pago de servicio,181505.55,14,Lunes,0,236,82476.23,0
TXN-001941,60,Pago de servicio,120315.39,20,Lunes,0,142,146684.41,0
TXN-000703,31,Pago de servicio,37100.55,12,Domingo,1,436,39370.35,0
TXN-002443,74,Retiro,191994.9,5,Martes,0,502,269782.49,0
TXN-004376,16,Transferencia,49835.54,18,Lunes,1,1508,72281.09,0
TXN-000497,7,Transferencia,97044.63,19,Viernes,0,306,74703.4,0
TXN-000465,84,Retiro,183552.39,11,Martes,0,133,127966.01,0
TXN-004072,3,Transferencia,96315.02,11,Lunes,0,1512,78773.79,0
TXN-004334,78,Transferencia,124290.01,10,Domingo,1,926,226327.38,0
TXN-000173,80,Retiro,184007.53,12,Domingo,0,1712,134851.7,0
TXN-004944,27,Depósito,135207.98,7,Viernes,0,448,141314.17,0
TXN-004797,45,Pago de servicio,110320.91,22,Viernes,0,1042,112819.94,0
TXN-002541,88,Pago de servicio,72039.48,8,Jueves,0,190,62709.46,0
TXN-003263,133,Transferencia,113634.3,20,Miércoles,0,733,117309.02,0
TXN-004681,124,Depósito,86955.42,4,Sábado,0,1106,36518.83,1
TXN-002261,107,Pago de servicio,56715.36,8,Domingo,0,599,37685.45,0
TXN-002113,81,Transferencia,186299.97,8,Lunes,1,83,128780.63,0
TXN-000901,21,Transferencia,147868.65,13,Martes,0,1515,145824.85,0
TXN-001447,1,Retiro,111938.49,17,Sábado,0,1125,137345.66,0
TXN-003574,140,Pago de servicio,54637.41,15,Miércoles,0,386,58393.3,0
TXN-000742,84,Pago de servicio,145464.55,13,Miércoles,0,133,106472.31,0
TXN-002294,124,Transferencia,40771.6,11,Domingo,1,1106,35673.04,0
TXN-002453,99,Transferencia,80688.21,15,Miércoles,0,187,50687.84,0
TXN-002623,109,Retiro,116398.27,11,Sábado,0,1716,121765.49,0
TXN-004079,104,Transferencia,59081.86,9,Viernes,0,1169,83122.84,0
TXN-001207,41,Transferencia,129031.08,12,Martes,1,260,176257.93,0
TXN-000510,138,Transferencia,116565.73,16,Miércoles,0,503,164007.7,0
TXN-002621,34,Pago de servicio,190558.34,3,Domingo,0,1792,273310.07,0
TXN-002803,27,Transferencia,159664.88,8,Sábado,0,448,156961.26,0
TXN-003314,22,Retiro,72863.65,12,Jueves,0,1305,118830.43,0
TXN-001550,87,Retiro,18110.49,20,Lunes,0,1734,19726.65,0
TXN-004564,44,Transferencia,170146.54,10,Martes,0,1139,159694.81,0
TXN-002203,114,Depósito,225062.24,15,Viernes,0,567,235012.4,0
TXN-002567,107,Retiro,56607.88,9,Martes,0,599,44451.77,0
TXN-003893,138,Retiro,125599.07,13,Lunes,0,503,149343.0,0
TXN-002045,20,Transferencia,195173.72,11,Martes,0,1530,209695.09,0
TXN-000768,73,Pago de servicio,447882.65,6,Sábado,1,901,49384.02,1
TXN-004873,126,Retiro,88413.89,11,Martes,0,852,94809.06,0
TXN-003739,77,Transferencia,36287.19,16,Domingo,0,910,97437.15,0
TXN-000422,92,Transferencia,207358.75,8,Jueves,0,499,175205.24,0
TXN-000124,28,Pago de servicio,218191.22,10,Viernes,0,408,185574.99,0
TXN-004163,130,Pago de servicio,244153.82,14,Jueves,0,663,178163.43,0
TXN-002629,52,Pago de servicio,103071.67,14,Martes,0,1464,122544.44,0
TXN-000820,132,Transferencia,67228.63,16,Domingo,1,517,67410.41,0
TXN-001404,79,Transferencia,167290.69,13,Viernes,1,1286,118492.07,0
TXN-001383,7,Transferencia,45635.62,16,Lunes,0,306,78778.08,0
TXN-002149,93,Depósito,71791.26,10,Miércoles,0,259,63387.49,0
TXN-001576,129,Pago de servicio,148068.67,10,Jueves,0,1694,141475.66,0
TXN-001639,105,Pago de servicio,51577.24,11,Miércoles,0,1214,63152.98,0
TXN-001796,30,Depósito,64390.82,15,Lunes,0,230,60326.02,0
TXN-004816,127,Transferencia,142724.42,7,Miércoles,0,1657,96936.82,0
TXN-000400,62,Transferencia,76396.43,4,Viernes,0,414,123709.97,0
TXN-002311,85,Pago de servicio,139385.32,18,Miércoles,0,943,109612.71,0
TXN-000883,144,Retiro,38328.51,7,Miércoles,0,1045,47909.36,0
TXN-004974,88,Transferencia,35905.86,7,Martes,0,190,61054.03,0
TXN-002898,79,Retiro,47491.06,16,Miércoles,0,1286,104062.45,0
TXN-001353,95,Transferencia,143522.85,9,Sábado,0,1330,100851.42,0
TXN-002743,32,Pago de servicio,184170.07,20,Viernes,0,1781,172447.26,0
TXN-004551,126,Retiro,80678.79,9,Sábado,0,852,77308.75,0
TXN-002131,33,Pago de servicio,275786.9,7,Miércoles,0,1600,154011.59,0
TXN-000983,75,Retiro,78999.51,14,Sábado,0,1664,116972.08,0
TXN-000457,145,Transferencia,65358.07,12,Sábado,0,365,50161.33,0
TXN-004120,61,Transferencia,91453.22,13,Miércoles,0,1789,90919.97,0
TXN-001080,12,Transferencia,72762.1,14,Miércoles,0,1620,80468.45,0
TXN-001951,128,Pago de servicio,115245.31,16,Domingo,0,1399,78376.68,0
TXN-004315,98,Transferencia,307481.18,22,Jueves,0,845,556556.97,0
TXN-000690,118,Retiro,175559.98,19,Domingo,0,429,110141.11,0
TXN-002430,33,Transferencia,80509.42,10,Jueves,0,1600,176690.2,0
TXN-000642,67,Pago de servicio,55649.31,5,Domingo,0,227,103519.67,0
TXN-002393,20,Pago de servicio,104034.08,13,Martes,0,1530,181505.36,0
TXN-001954,87,Transferencia,25207.14,19,Miércoles,1,1734,15512.13,0
TXN-002749,70,Pago de servicio,45682.06,19,Miércoles,0,984,73536.04,0
TXN-004314,72,Transferencia,7314.21,11,Miércoles,1,518,58463.18,0
TXN-003436,139,Transferencia,21608.31,11,Domingo,0,1307,12718.75,0
TXN-003337,145,Transferencia,61234.54,16,Viernes,0,365,54349.08,0
TXN-004767,39,Transferencia,113973.25,4,Miércoles,0,1294,38443.21,1
TXN-003371,115,Transferencia,170678.09,14,Jueves,0,857,107292.12,0
TXN-001885,53,Pago de servicio,29108.53,10,Domingo,0,1287,41027.87,0
TXN-000390,43,Transferencia,82937.12,9,Jueves,0,1752,65982.52,0
TXN-002495,90,Pago de servicio,36288.61,14,Miércoles,0,1188,81775.63,0
TXN-003879,57,Pago de servicio,127725.03,18,Miércoles,0,1563,109586.11,0
TXN-003857,73,Depósito,52128.21,9,Sábado,0,901,48559.63,0
TXN-000846,128,Transferencia,116492.98,13,Lunes,0,1399,76796.89,0
TXN-000543,113,Pago de servicio,55660.15,18,Martes,0,1735,52143.86,0
TXN-000092,139,Pago de servicio,8676.51,8,Martes,1,1307,14939.15,0
TXN-003890,85,Pago de servicio,106345.52,16,Lunes,0,943,112482.32,0
TXN-001980,5,Retiro,221465.98,9,Domingo,0,1362,266258.83,0
TXN-002813,45,Pago de servicio,82064.59,18,Sábado,0,1042,121018.83,0
TXN-004083,93,Transferencia,76846.03,10,Jueves,0,259,55150.14,0
TXN-002903,133,Pago de servicio,93157.79,20,Jueves,0,733,102307.93,0
TXN-002530,114,Pago de servicio,263610.64,9,Sábado,0,567,200443.17,0
TXN-001677,13,Retiro,106831.65,11,Jueves,0,676,111640.14,0
TXN-001049,16,Depósito,58133.13,19,Miércoles,0,1508,84573.95,0
TXN-001961,150,Depósito,178802.64,17,Miércoles,0,1666,126135.56,0
TXN-002531,134,Depósito,88492.2,11,Sábado,0,819,150561.69,0
TXN-003993,90,Pago de servicio,72693.08,12,Sábado,0,1188,68092.39,0
TXN-000238,79,Depósito,142475.84,12,Lunes,0,1286,108664.05,0
TXN-003098,136,Retiro,102083.66,20,Lunes,0,1273,109552.28,0
TXN-003489,25,Retiro,60139.44,16,Domingo,0,522,44429.98,0
TXN-001134,38,Pago de servicio,131195.95,14,Lunes,1,1607,254987.78,0
TXN-001806,6,Pago de servicio,92939.79,8,Sábado,0,373,179751.55,0
TXN-004318,114,Transferencia,260508.65,2,Jueves,0,567,235573.01,1
TXN-000164,53,Transferencia,61661.51,6,Lunes,1,1287,47412.79,0
TXN-003493,139,Transferencia,11159.05,6,Sábado,0,1307,14191.72,0
TXN-004710,64,Pago de servicio,52663.74,12,Martes,0,1469,79425.21,0
TXN-004631,69,Transferencia,407937.18,20,Miércoles,1,689,61401.43,1
TXN-003454,11,Depósito,74637.72,21,Martes,0,592,72752.5,0
TXN-003200,85,Transferencia,119871.84,19,Viernes,0,943,120460.08,0
TXN-003635,59,Pago de servicio,98378.87,14,Viernes,0,1134,54574.64,0
TXN-003940,92,Transferencia,322127.65,9,Martes,0,499,193521.03,0
TXN-001812,11,Pago de servicio,107780.12,19,Lunes,0,592,82239.46,0
TXN-003650,143,Depósito,362343.97,17,Domingo,0,1661,240259.12,0
TXN-004050,89,Pago de servicio,99147.21,13,Miércoles,0,1557,83893.53,0
TXN-001429,90,Pago de servicio,61955.17,13,Miércoles,0,1188,76784.43,0
TXN-003614,119,Transferencia,99296.07,10,Martes,0,883,95447.49,0
TXN-003132,146,Pago de servicio,168375.75,13,Viernes,1,287,139837.63,0
TXN-003397,37,Pago de servicio,115990.62,15,Jueves,0,236,110575.2,0
TXN-004461,87,Transferencia,11292.0,19,Martes,0,1734,16252.99,0
TXN-004650,29,Transferencia,70603.8,19,Viernes,0,1081,92687.13,0
TXN-002821,47,Depósito,48865.53,18,Domingo,0,1384,72554.77,0
TXN-001453,16,Transferencia,24255.15,16,Jueves,0,1508,81484.83,0
TXN-000594,84,Retiro,168866.95,9,Sábado,0,133,129978.52,0
TXN-000042,147,Transferencia,92555.56,17,Jueves,1,881,114319.45,0
TXN-000561,113,Pago de servicio,17527.21,20,Miércoles,0,1735,49749.21,0
TXN-003274,38,Transferencia,406313.23,11,Sábado,0,1607,259171.89,0
TXN-003245,33,Transferencia,185152.76,11,Jueves,0,1600,150130.75,0
TXN-000244,77,Transferencia,122945.81,18,Lunes,0,910,97121.54,0
TXN-001340,104,Pago de servicio,138267.21,3,Viernes,1,1169,82015.19,0
TXN-002781,7,Pago de servicio,91350.43,17,Viernes,0,306,75547.29,0
TXN-003188,23,Transferencia,44904.96,18,Sábado,0,367,98824.69,0
TXN-003800,35,Retiro,91358.81,6,Martes,0,1058,124370.9,0
TXN-001443,15,Pago de servicio,75018.69,11,Lunes,1,121,62713.11,0
TXN-000262,119,Transferencia,156572.67,15,Viernes,0,883,98581.25,0
TXN-002765,59,Retiro,45599.67,12,Viernes,0,1134,55405.0,0
TXN-001690,50,Transferencia,73587.19,19,Martes,0,662,80709.31,0
TXN-001726,129,Pago de servicio,129766.28,6,Miércoles,1,1694,135467.63,0
TXN-004793,4,Transferencia,61679.45,16,Jueves,0,1426,95803.22,0
TXN-000835,124,Depósito,21734.37,12,Lunes,0,1106,35037.98,0
TXN-001867,85,Pago de servicio,142897.53,15,Jueves,0,943,131036.13,0
TXN-002497,48,Transferencia,95284.07,19,Miércoles,0,1401,114969.36,0
TXN-002011,57,Transferencia,142608.16,16,Miércoles,0,1563,95366.68,0
TXN-000341,117,Retiro,117338.2,4,Sábado,1,541,251246.23,0
TXN-002989,77,Transferencia,166842.81,17,Martes,0,910,121705.47,0
TXN-001602,63,Transferencia,85008.81,16,Domingo,0,759,60129.04,0
TXN-003876,4,Transferencia,91002.28,14,Jueves,0,1426,79535.03,0
TXN-004695,91,Pago de servicio,36060.46,14,Martes,1,984,57884.72,0
TXN-000481,37,Retiro,109090.02,16,Miércoles,0,236,102984.9,0
TXN-002826,84,Depósito,96038.19,13,Miércoles,0,133,128879.76,0
TXN-004330,96,Pago de servicio,105589.87,19,Martes,0,1662,182643.08,0
TXN-003541,136,Retiro,104389.3,22,Viernes,0,1273,126057.73,0
TXN-004639,92,Pago de servicio,170368.41,7,Jueves,0,499,188092.9,0
TXN-003047,8,Transferencia,154191.1,4,Domingo,0,489,128891.07,0
TXN-003991,49,Transferencia,178612.77,4,Jueves,0,1430,171938.27,0
TXN-001767,42,Retiro,117656.79,17,Viernes,0,1708,102412.48,0
TXN-004474,37,Transferencia,52570.32,19,Martes,1,236,97392.91,0
TXN-002454,41,Pago de servicio,198784.92,12,Jueves,0,260,193489.49,0
TXN-002878,4,Transferencia,189073.48,13,Jueves,0,1426,86956.91,0
TXN-003816,34,Pago de servicio,407677.9,3,Miércoles,0,1792,300494.15,0
TXN-004017,17,Retiro,222464.05,10,Miércoles,0,235,202332.13,0
TXN-004678,82,Retiro,123427.02,10,Martes,0,1726,114774.41,0
TXN-003680,132,Transferencia,41866.5,14,Viernes,0,517,63297.17,0
TXN-001272,57,Transferencia,143189.97,18,Martes,1,1563,99338.37,0
TXN-003078,95,Retiro,147265.11,12,Lunes,0,1330,107611.4,0
TXN-004502,20,Transferencia,184596.2,16,Jueves,0,1530,184815.42,0
TXN-003095,98,Pago de servicio,481568.71,20,Domingo,0,845,439504.51,0
TXN-004654,125,Pago de servicio,166342.08,12,Miércoles,0,1403,220917.03,0
TXN-000348,145,Pago de servicio,74049.34,14,Viernes,0,365,55126.96,0
TXN-003882,18,Transferencia,75316.69,6,Martes,0,1615,118279.66,0
TXN-004624,1,Transferencia,156220.71,14,Martes,0,1125,150889.15,0
TXN-002563,84,Transferencia,114244.64,9,Martes,0,133,97140.83,0
TXN-004591,15,Pago de servicio,52575.12,7,Lunes,0,121,75396.41,0
TXN-001424,39,Transferencia,43764.18,16,Miércoles,0,1294,42205.71,0
TXN-000657,4,Transferencia,98683.39,13,Domingo,0,1426,93036.13,0
TXN-002103,16,Retiro,58569.18,17,Domingo,1,1508,78140.41,0
TXN-000633,117,Transferencia,330246.82,8,Sábado,0,541,239794.71,0
TXN-002893,35,Transferencia,110516.76,9,Sábado,0,1058,134671.51,0
TXN-002494,30,Retiro,97578.03,16,Lunes,1,230,77398.47,0
TXN-002666,40,Transferencia,93836.16,9,Miércoles,0,1050,95490.81,0
TXN-004016,125,Pago de servicio,248314.14,11,Viernes,0,1403,183456.11,0
TXN-003663,64,Depósito,99641.44,9,Sábado,0,1469,65885.1,0
TXN-003308,7,Pago de servicio,50375.16,23,Sábado,0,306,67201.61,0
TXN-003097,31,Transferencia,38367.77,12,Martes,0,436,36021.76,0
TXN-003920,133,Pago de servicio,41815.91,18,Jueves,0,733,100153.86,0
TXN-002501,107,Transferencia,38490.0,10,Martes,0,599,38299.84,0
TXN-001466,47,Pago de servicio,98673.1,21,Jueves,0,1384,67585.41,0
TXN-002834,128,Pago de servicio,112509.2,15,Martes,0,1399,66860.68,0
TXN-000116,63,Transferencia,74373.57,18,Viernes,1,759,67566.47,0
TXN-001822,115,Depósito,126856.33,19,Miércoles,0,857,109625.56,0
TXN-001495,53,Depósito,26772.79,8,Viernes,0,1287,43148.89,0
TXN-002402,9,Retiro,97765.43,14,Lunes,0,1529,104053.18,0
TXN-001233,59,Retiro,88966.82,15,Jueves,0,1134,64481.87,0
TXN-002662,64,Depósito,81793.04,12,Lunes,1,1469,78576.26,0
TXN-004101,51,Transferencia,62954.56,13,Martes,0,739,122859.05,0
TXN-004574,7,Pago de servicio,126813.14,16,Domingo,0,306,77889.85,0
TXN-001154,13,Pago de servicio,61962.78,11,Jueves,0,676,89216.33,0
TXN-003849,15,Transferencia,87409.82,9,Jueves,1,121,62006.86,0
TXN-000058,85,Transferencia,57689.08,18,Sábado,0,943,122756.15,0
TXN-004105,91,Pago de servicio,31911.5,18,Viernes,0,984,58573.85,0
TXN-004289,96,Pago de servicio,144717.15,19,Miércoles,0,1662,164840.26,0
TXN-004946,113,Transferencia,69170.9,19,Miércoles,1,1735,54921.74,0
TXN-001736,15,Pago de servicio,58412.6,12,Sábado,0,121,62360.58,0
TXN-002197,51,Retiro,1942815.93,9,Lunes,0,739,105980.22,1
TXN-003554,49,Pago de servicio,197121.88,6,Martes,0,1430,172873.15,0
TXN-002476,66,Retiro,160744.61,9,Lunes,0,796,101585.53,0
TXN-002565,77,Depósito,134701.34,16,Domingo,0,910,125190.14,0
TXN-003159,73,Retiro,58387.0,8,Viernes,0,901,49249.87,0
TXN-004035,116,Pago de servicio,46503.09,12,Jueves,0,932,126574.57,0
TXN-003656,139,Transferencia,7542.13,5,Viernes,0,1307,15197.49,0
TXN-000708,19,Pago de servicio,65593.81,11,Martes,0,595,48896.02,0
TXN-004281,120,Transferencia,103884.75,9,Domingo,0,1718,70306.8,0
TXN-001094,141,Transferencia,191949.09,8,Viernes,0,1153,263745.78,0
TXN-004840,132,Transferencia,61268.78,12,Lunes,0,517,64818.87,0
TXN-001377,90,Transferencia,133015.5,16,Viernes,0,1188,68016.09,0
TXN-004914,123,Pago de servicio,93765.91,9,Jueves,0,1022,128529.0,0
TXN-000073,114,Retiro,1348590.68,12,Sábado,1,567,213290.97,1
TXN-001923,85,Transferencia,98488.8,20,Martes,0,943,118490.95,0
TXN-003174,142,Retiro,703880.25,6,Lunes,0,1233,42274.5,1
TXN-001765,10,Transferencia,92234.27,19,Jueves,0,1005,82582.55,0
TXN-000744,145,Transferencia,46474.83,17,Lunes,0,365,47432.25,0
TXN-004319,5,Transferencia,470275.66,10,Domingo,1,1362,285090.55,0
TXN-001006,81,Retiro,183134.26,14,Miércoles,0,83,115246.32,0
TXN-002669,143,Transferencia,128136.64,14,Viernes,0,1661,240659.43,0
TXN-001191,3,Transferencia,88870.54,14,Martes,0,1512,81590.51,0
TXN-004632,78,Depósito,826586.16,4,Lunes,0,926,195371.41,1
TXN-002602,22,Transferencia,83226.6,13,Lunes,0,1305,109986.04,0
TXN-001126,10,Depósito,86853.06,18,Lunes,0,1005,83453.85,0
TXN-001242,124,Retiro,27909.23,9,Sábado,1,1106,35212.53,0
TXN-004607,126,Retiro,119786.15,9,Jueves,0,852,88271.04,0
TXN-004131,45,Pago de servicio,71817.72,18,Jueves,0,1042,110663.63,0
TXN-003443,70,Pago de servicio,75815.42,13,Martes,1,984,60361.94,0
TXN-000999,79,Pago de servicio,83785.71,17,Sábado,0,1286,120469.63,0
TXN-003387,140,Pago de servicio,53500.45,17,Martes,0,386,59245.86,0
TXN-002685,128,Retiro,98848.19,13,Martes,0,1399,83721.81,0
TXN-001578,149,Transferencia,17546.65,19,Lunes,0,720,57481.7,0
TXN-004791,104,Retiro,88633.5,7,Viernes,1,1169,102805.11,0
TXN-001827,10,Pago de servicio,49990.75,14,Martes,0,1005,87754.54,0
TXN-003293,116,Depósito,235210.33,2,Sábado,0,932,103374.91,1
TXN-004990,135,Depósito,45034.5,11,Jueves,1,726,55740.38,0
TXN-003537,39,Retiro,37994.39,15,Jueves,0,1294,38576.87,0
TXN-000441,143,Depósito,211429.38,15,Domingo,0,1661,252536.36,0
TXN-004952,52,Pago de servicio,26693.87,13,Lunes,1,1464,129088.31,0
TXN-001101,35,Transferencia,47020.38,6,Miércoles,1,1058,117067.37,0
TXN-004011,57,Pago de servicio,139026.86,20,Viernes,0,1563,96015.8,0
TXN-003059,108,Transferencia,24710.63,6,Sábado,0,715,42431.79,0
TXN-000650,89,Transferencia,58783.62,10,Martes,1,1557,99723.38,0
TXN-001547,3,Transferencia,97418.82,17,Lunes,0,1512,88665.55,0
TXN-004757,24,Transferencia,67782.12,10,Jueves,0,821,75045.75,0
TXN-003561,133,Transferencia,97160.84,21,Sábado,0,733,101968.86,0
TXN-003887,147,Transferencia,49972.3,18,Lunes,0,881,89516.19,0
TXN-003742,127,Pago de servicio,29460.22,9,Viernes,0,1657,84383.08,0
TXN-000631,33,Retiro,71503.63,11,Jueves,0,1600,179663.98,0
TXN-000673,104,Depósito,98593.05,6,Jueves,0,1169,104914.86,0
TXN-001250,148,Transferencia,130231.09,12,Miércoles,0,719,67593.3,0
TXN-000483,41,Retiro,179282.17,14,Miércoles,0,260,183111.03,0
TXN-001585,130,Pago de servicio,107583.34,15,Jueves,0,663,149919.21,0
TXN-003075,57,Pago de servicio,71470.79,19,Jueves,0,1563,98222.48,0
TXN-004628,82,Retiro,128807.36,9,Miércoles,0,1726,128455.72,0
TXN-003039,99,Pago de servicio,70231.9,17,Miércoles,1,187,54055.62,0
TXN-001463,100,Retiro,177448.34,23,Miércoles,0,1099,119727.82,0
TXN-003930,82,Depósito,157166.64,14,Martes,0,1726,112089.78,0
TXN-003622,101,Transferencia,114353.31,13,Miércoles,0,1090,75995.01,0
TXN-002579,144,Pago de servicio,29616.57,6,Viernes,0,1045,44943.21,0
TXN-003802,66,Transferencia,138749.44,7,Jueves,0,796,112211.76,0
TXN-000050,90,Pago de servicio,56722.41,14,Domingo,0,1188,85579.39,0
TXN-004290,33,Transferencia,183752.55,14,Lunes,0,1600,192285.27,0
TXN-003345,147,Transferencia,89174.2,15,Jueves,0,881,89411.2,0
TXN-000859,123,Pago de servicio,103488.75,10,Viernes,0,1022,129833.21,0
TXN-001073,33,Transferencia,200336.59,14,Domingo,0,1600,168053.57,0
TXN-000720,70,Transferencia,82334.08,19,Martes,0,984,62037.3,0
TXN-003718,134,Transferencia,217474.61,8,Lunes,0,819,136744.88,0
TXN-002632,146,Transferencia,124573.57,11,Jueves,0,287,115423.81,0
TXN-004874,95,Pago de servicio,105751.39,6,Viernes,0,1330,110485.48,0
TXN-001661,4,Transferencia,86861.46,12,Lunes,0,1426,85022.87,0
TXN-001657,36,Transferencia,70784.1,17,Viernes,0,532,57984.48,0
TXN-002426,88,Pago de servicio,79078.94,13,Viernes,1,190,68398.14,0
TXN-003525,7,Pago de servicio,74906.07,18,Lunes,0,306,63386.72,0
TXN-004230,98,Transferencia,366544.57,16,Miércoles,0,845,446857.01,0
TXN-004975,37,Transferencia,70640.0,16,Martes,1,236,93515.37,0
TXN-003310,139,Pago de servicio,4306.21,8,Lunes,0,1307,14649.39,0
TXN-004477,119,Transferencia,72269.34,12,Jueves,0,883,115797.97,0
TXN-003306,40,Transferencia,116943.56,13,Viernes,0,1050,81383.11,0
TXN-004752,36,Pago de servicio,43345.64,19,Domingo,0,532,62658.77,0
TXN-004127,49,Pago de servicio,151235.43,5,Sábado,0,1430,134153.14,0
TXN-002607,3,Retiro,110037.73,19,Jueves,0,1512,75300.66,0
TXN-001386,141,Depósito,314751.93,10,Domingo,0,1153,236639.55,0
TXN-003836,96,Pago de servicio,81951.74,15,Viernes,1,1662,174735.36,0
TXN-001400,88,Transferencia,43943.7,8,Martes,0,190,54494.89,0
TXN-001196,125,Transferencia,219514.52,8,Lunes,0,1403,207173.79,0
TXN-001409,137,Transferencia,96320.82,19,Miércoles,1,941,114492.95,0
TXN-003825,89,Pago de servicio,158459.45,12,Jueves,0,1557,104029.55,0
TXN-001799,136,Depósito,121869.83,22,Miércoles,0,1273,101558.95,0
TXN-001476,110,Pago de servicio,54741.73,10,Lunes,0,1692,63978.93,0
TXN-004966,150,Pago de servicio,107340.61,15,Martes,0,1666,95175.58,0
TXN-000036,27,Pago de servicio,165043.01,12,Viernes,1,448,122039.73,0
TXN-003542,67,Retiro,88819.16,9,Viernes,0,227,89491.78,0
TXN-002346,128,Transferencia,112821.39,16,Sábado,0,1399,77668.48,0
TXN-004679,61,Transferencia,109562.77,11,Lunes,0,1789,85868.77,0
TXN-002360,108,Transferencia,64353.09,6,Miércoles,1,715,36440.89,0
TXN-002207,110,Transferencia,46647.69,6,Martes,0,1692,52363.81,0
TXN-003768,76,Transferencia,33942.07,14,Lunes,0,173,42956.16,0
TXN-001287,87,Transferencia,22653.24,20,Domingo,0,1734,15967.56,0
TXN-000350,116,Retiro,84558.52,15,Domingo,0,932,103937.93,0
TXN-002138,83,Retiro,51807.43,13,Domingo,0,1473,62841.62,0
TXN-002692,64,Retiro,107340.41,13,Domingo,0,1469,77539.28,0
TXN-004561,7,Retiro,84899.27,20,Miércoles,0,306,68437.24,0
TXN-003968,124,Pago de servicio,26719.29,13,Lunes,0,1106,36413.71,0
TXN-001682,86,Depósito,54963.58,16,Sábado,0,367,68589.84,0
TXN-004835,36,Depósito,90678.32,17,Lunes,0,532,66645.22,0
TXN-001444,4,Transferencia,153281.04,12,Viernes,0,1426,82060.6,0
TXN-003244,149,Transferencia,53199.72,18,Viernes,0,720,50322.34,0
TXN-001672,128,Transferencia,96586.14,16,Jueves,0,1399,72191.28,0
TXN-003837,38,Transferencia,150403.56,14,Lunes,0,1607,220905.66,0
TXN-001180,32,Transferencia,180094.02,21,Sábado,0,1781,198796.7,0
TXN-002799,76,Transferencia,52487.72,9,Sábado,0,173,40847.13,0
TXN-001693,30,Depósito,35503.41,11,Jueves,0,230,67787.94,0
TXN-003957,17,Transferencia,59715.82,6,Lunes,0,235,210246.04,0
TXN-000373,72,Depósito,48120.08,14,Domingo,0,518,57621.01,0
TXN-003611,119,Pago de servicio,61308.32,12,Sábado,0,883,114127.07,0
TXN-001917,89,Pago de servicio,102615.46,13,Lunes,0,1557,113110.15,0
TXN-001358,86,Pago de servicio,35432.01,19,Sábado,0,367,58243.65,0
TXN-001826,40,Transferencia,61522.31,10,Martes,1,1050,76701.57,0
TXN-000787,26,Transferencia,34885.69,10,Miércoles,0,1210,66760.98,0
TXN-000470,35,Transferencia,105562.62,4,Lunes,1,1058,114528.36,0
TXN-000141,45,Pago de servicio,32508.51,17,Jueves,0,1042,101660.46,0
TXN-000789,133,Pago de servicio,110808.7,18,Lunes,0,733,103853.5,0
TXN-000324,114,Pago de servicio,213101.59,12,Domingo,0,567,215755.18,0
TXN-000051,121,Pago de servicio,86234.36,7,Jueves,0,1745,98304.45,0
TXN-000715,140,Retiro,54953.77,16,Domingo,0,386,55661.21,0
TXN-004890,143,Pago de servicio,338056.17,16,Martes,0,1661,253042.55,0
TXN-002841,134,Pago de servicio,135358.6,13,Miércoles,1,819,130524.73,0
TXN-002447,98,Depósito,123135.14,20,Miércoles,0,845,571032.49,0
TXN-004814,150,Pago de servicio,159696.32,17,Jueves,0,1666,113941.57,0
TXN-004420,72,Transferencia,31562.68,11,Miércoles,0,518,61367.16,0
TXN-004597,134,Retiro,177224.1,11,Domingo,0,819,136676.23,0
TXN-003016,116,Transferencia,93226.69,18,Martes,0,932,116944.37,0
TXN-002667,85,Transferencia,85827.64,15,Jueves,1,943,125802.43,0
TXN-000407,123,Transferencia,49130.49,11,Viernes,0,1022,122562.41,0
TXN-003725,121,Pago de servicio,153721.2,6,Martes,0,1745,119558.55,0
TXN-001005,142,Pago de servicio,60500.62,8,Miércoles,0,1233,44527.25,0
TXN-003788,44,Retiro,193035.29,7,Domingo,0,1139,172665.86,0
TXN-000891,41,Pago de servicio,198842.83,10,Jueves,0,260,147681.05,0
TXN-002412,88,Pago de servicio,55862.11,13,Lunes,0,190,55369.89,0
TXN-002546,72,Transferencia,65302.47,14,Miércoles,0,518,59622.31,0
TXN-004834,124,Retiro,1000.0,14,Lunes,0,1106,30798.22,0
TXN-002391,43,Transferencia,57386.95,16,Lunes,0,1752,54305.77,0
TXN-003941,108,Pago de servicio,29176.45,10,Domingo,1,715,35551.11,0
TXN-000043,71,Transferencia,174506.03,8,Martes,0,1201,145931.77,0
TXN-002831,14,Depósito,94708.61,11,Jueves,1,870,107730.17,0
TXN-003966,107,Depósito,23403.75,11,Lunes,0,599,45991.65,0
TXN-000304,57,Retiro,138212.35,19,Jueves,0,1563,106940.58,0
TXN-004514,12,Transferencia,41425.9,18,Lunes,0,1620,92659.09,0
TXN-003748,137,Retiro,13335.74,20,Sábado,0,941,142632.58,0
TXN-000665,134,Transferencia,197186.93,13,Lunes,0,819,135068.49,0
TXN-001178,149,Transferencia,55775.26,15,Sábado,0,720,60577.56,0
TXN-002677,25,Pago de servicio,43456.73,18,Martes,1,522,49738.72,0
TXN-001948,39,Pago de servicio,49662.98,13,Viernes,0,1294,40485.37,0
TXN-002502,68,Transferencia,265719.96,13,Jueves,0,1564,218088.52,0
TXN-001474,91,Pago de servicio,75995.93,18,Martes,0,984,57965.54,0
TXN-003484,32,Transferencia,1893682.02,17,Lunes,0,1781,164528.25,1
TXN-003521,131,Pago de servicio,81474.41,20,Martes,0,1171,67740.09,0
TXN-002133,142,Depósito,27641.22,9,Domingo,0,1233,42091.08,0
TXN-001027,18,Transferencia,123175.3,7,Lunes,0,1615,130145.23,0
TXN-000962,17,Pago de servicio,223984.86,11,Sábado,0,235,188200.6,0
TXN-002890,8,Transferencia,132038.8,7,Miércoles,0,489,135447.83,0
TXN-003135,21,Transferencia,153874.1,15,Lunes,0,1515,152412.83,0
TXN-002010,146,Transferencia,133527.39,12,Miércoles,1,287,126759.68,0
TXN-002150,13,Retiro,65087.99,8,Miércoles,1,676,105229.75,0
TXN-003324,59,Transferencia,44534.72,13,Domingo,1,1134,70797.22,0
TXN-002339,53,Depósito,49974.13,6,Miércoles,0,1287,46602.61,0
TXN-003889,37,Pago de servicio,76884.42,16,Viernes,1,236,92903.27,0
TXN-000305,4,Transferencia,58035.0,9,Miércoles,0,1426,77533.39,0
TXN-001441,138,Transferencia,170250.66,14,Lunes,0,503,156709.69,0
TXN-001497,148,Transferencia,48311.33,17,Miércoles,0,719,79853.03,0
TXN-002653,47,Transferencia,91304.28,18,Jueves,0,1384,67639.69,0
TXN-002876,121,Pago de servicio,80485.42,6,Viernes,0,1745,91819.99,0
TXN-000917,126,Pago de servicio,135001.81,8,Lunes,0,852,94406.68,0
TXN-004183,17,Pago de servicio,280551.46,9,Sábado,0,235,217584.9,0
TXN-003722,16,Transferencia,117317.47,19,Miércoles,0,1508,77957.26,0
TXN-002773,52,Transferencia,152105.83,13,Miércoles,0,1464,132254.73,0
TXN-001625,116,Transferencia,80722.73,16,Lunes,0,932,119592.4,0
TXN-003838,72,Transferencia,43433.25,14,Domingo,0,518,54088.51,0
TXN-000822,123,Transferencia,156280.73,13,Jueves,0,1022,134050.27,0
TXN-003965,103,Depósito,58522.98,6,Martes,0,729,126485.55,0
TXN-001355,73,Transferencia,81510.16,9,Miércoles,1,901,56199.67,0
TXN-004498,14,Depósito,74679.31,10,Viernes,0,870,135550.79,0
TXN-000851,103,Depósito,125450.62,9,Jueves,1,729,116575.81,0
TXN-001001,7,Transferencia,51322.01,15,Domingo,0,306,64330.98,0
TXN-003378,65,Transferencia,75786.25,12,Viernes,0,152,63787.07,0
TXN-000019,76,Pago de servicio,39553.67,15,Sábado,0,173,46830.06,0
TXN-001638,117,Pago de servicio,214082.49,7,Lunes,0,541,249035.43,0
TXN-001668,84,Depósito,112151.64,11,Lunes,0,133,114525.91,0
TXN-000494,70,Pago de servicio,26591.18,19,Martes,0,984,72303.65,0
TXN-001348,107,Transferencia,44706.57,14,Martes,0,599,45357.2,0
TXN-003728,22,Pago de servicio,78017.67,15,Miércoles,1,1305,118122.94,0
TXN-004826,53,Retiro,60039.18,8,Jueves,0,1287,47748.34,0
TXN-003615,131,Transferencia,85685.84,19,Domingo,0,1171,63806.15,0
TXN-003482,112,Pago de servicio,87975.88,10,Viernes,0,1446,101805.5,0
TXN-000688,17,Transferencia,231172.42,9,Martes,1,235,205188.77,0
TXN-003732,89,Depósito,37629.52,9,Viernes,1,1557,92939.12,0
TXN-001609,146,Depósito,118003.56,12,Jueves,0,287,123480.01,0
TXN-004085,5,Transferencia,290933.39,12,Miércoles,0,1362,242971.0,0
TXN-003403,122,Retiro,121079.55,15,Sábado,1,867,113119.32,0
TXN-001010,75,Transferencia,60720.48,17,Jueves,1,1664,97412.11,0
TXN-002409,122,Transferencia,148039.21,15,Miércoles,1,867,104294.21,0
TXN-001093,130,Transferencia,194013.68,17,Domingo,0,663,159708.89,0
TXN-001328,126,Transferencia,72178.39,9,Viernes,0,852,100904.38,0
TXN-001678,142,Retiro,52394.45,10,Jueves,0,1233,40946.53,0
TXN-002000,136,Transferencia,154295.9,20,Jueves,0,1273,126528.0,0
TXN-001311,138,Retiro,267712.37,18,Martes,0,503,138683.82,0
TXN-003259,60,Depósito,31938.27,14,Sábado,0,142,117722.18,0
TXN-001988,94,Pago de servicio,66154.54,19,Martes,0,592,67609.08,0
TXN-003649,1,Transferencia,128667.77,13,Lunes,1,1125,145876.45,0
TXN-000345,48,Retiro,35363.92,14,Viernes,1,1401,119722.68,0
TXN-004483,136,Depósito,109093.78,18,Jueves,0,1273,125479.75,0
TXN-000987,101,Depósito,1380990.73,16,Jueves,0,1090,81102.45,1
TXN-004545,89,Depósito,90939.59,10,Jueves,0,1557,100414.16,0
TXN-003808,123,Transferencia,132037.29,13,Lunes,0,1022,104482.43,0
TXN-004524,62,Pago de servicio,91742.75,6,Lunes,0,414,108272.19,0
TXN-004003,34,Transferencia,241795.92,7,Viernes,0,1792,275463.81,0
TXN-003092,53,Pago de servicio,18671.29,9,Jueves,0,1287,40487.0,0
TXN-003962,125,Pago de servicio,230666.2,8,Martes,0,1403,179222.31,0
TXN-001143,120,Transferencia,80783.82,8,Martes,0,1718,82822.45,0
TXN-002359,47,Pago de servicio,37734.93,17,Viernes,0,1384,79023.3,0
TXN-001199,111,Depósito,184207.82,7,Martes,0,1157,169561.82,0
TXN-000086,55,Pago de servicio,105047.08,14,Martes,1,1286,76480.08,0
TXN-001519,35,Transferencia,90066.44,5,Viernes,0,1058,132364.85,0
TXN-000517,137,Transferencia,77604.92,15,Domingo,0,941,111900.87,0
TXN-001382,130,Transferencia,182918.59,14,Lunes,0,663,159773.73,0
TXN-002717,63,Transferencia,82219.23,16,Sábado,1,759,70975.36,0
TXN-003085,109,Pago de servicio,142289.87,13,Domingo,0,1716,116590.4,0
TXN-001015,139,Transferencia,10662.57,4,Jueves,1,1307,14566.05,0
TXN-000129,27,Depósito,91224.74,9,Martes,0,448,157746.47,0
TXN-001365,106,Transferencia,47039.46,7,Martes,0,157,36893.27,0
TXN-003624,33,Transferencia,158931.11,9,Jueves,0,1600,162557.99,0
TXN-004971,141,Depósito,502247.74,10,Miércoles,1,1153,286329.19,0
TXN-000892,49,Depósito,106322.27,6,Sábado,0,1430,161900.33,0
TXN-002794,43,Pago de servicio,56990.93,15,Viernes,0,1752,67175.77,0
TXN-004239,72,Transferencia,44107.87,14,Jueves,0,518,54591.6,0
TXN-001360,76,Pago de servicio,52099.25,12,Viernes,0,173,41352.51,0
TXN-000308,138,Depósito,154427.98,18,Jueves,0,503,152473.09,0
TXN-001662,132,Transferencia,9415.35,13,Martes,0,517,64352.33,0
TXN-002432,67,Pago de servicio,101062.78,6,Martes,0,227,96087.39,0
TXN-003935,47,Transferencia,108482.14,19,Viernes,0,1384,81389.21,0
TXN-001318,10,Retiro,45249.21,18,Miércoles,0,1005,70802.15,0
TXN-004304,110,Retiro,82350.96,8,Miércoles,0,1692,69814.88,0
TXN-002475,102,Transferencia,97172.89,10,Miércoles,0,1402,171124.84,0
TXN-002543,85,Pago de servicio,131813.88,20,Jueves,0,943,123917.01,0
TXN-001247,113,Transferencia,22292.74,22,Lunes,0,1735,51313.62,0
TXN-001209,46,Pago de servicio,68252.66,9,Lunes,0,825,162347.14,0
TXN-000217,126,Transferencia,127565.63,8,Viernes,0,852,80287.38,0
TXN-004293,27,Transferencia,70667.34,6,Viernes,0,448,149920.96,0
TXN-003063,2,Transferencia,50677.53,16,Viernes,0,1074,92903.06,0
TXN-001240,81,Pago de servicio,186225.06,13,Sábado,0,83,122389.45,0
TXN-002290,72,Pago de servicio,56388.53,13,Martes,1,518,55055.46,0
TXN-002741,118,Transferencia,147748.16,20,Martes,0,429,102497.39,0
TXN-000276,4,Transferencia,81099.65,18,Jueves,0,1426,94503.63,0
TXN-000490,71,Pago de servicio,146873.49,7,Sábado,0,1201,162198.74,0
TXN-001036,29,Transferencia,62095.15,15,Viernes,0,1081,90249.06,0
TXN-001230,78,Transferencia,137419.54,8,Jueves,0,926,202194.22,0
TXN-004586,33,Transferencia,201528.31,13,Jueves,1,1600,154619.86,0
TXN-001009,1,Depósito,186975.85,20,Viernes,1,1125,116837.83,0
TXN-004690,22,Retiro,104744.87,12,Viernes,0,1305,113305.81,0
TXN-004027,7,Transferencia,59887.13,19,Domingo,0,306,66168.54,0
TXN-003183,53,Transferencia,34888.54,6,Viernes,0,1287,46839.86,0
TXN-002533,138,Pago de servicio,149930.54,19,Viernes,0,503,168574.8,0
TXN-004170,21,Retiro,198489.29,13,Jueves,0,1515,137920.74,0
TXN-001059,109,Transferencia,129668.97,2,Lunes,0,1716,112179.83,1
TXN-002167,83,Transferencia,34912.9,13,Viernes,0,1473,70925.09,0
TXN-004579,60,Transferencia,169468.29,20,Jueves,0,142,121355.52,0
TXN-000282,98,Depósito,459403.41,22,Lunes,0,845,507606.08,0
TXN-003566,136,Transferencia,121541.07,21,Domingo,0,1273,119435.24,0
TXN-001317,125,Retiro,215592.06,6,Viernes,0,1403,183002.81,0
TXN-004979,3,Transferencia,76455.16,18,Miércoles,0,1512,83870.81,0
TXN-000969,134,Transferencia,133295.29,11,Miércoles,0,819,145510.62,0
TXN-003127,17,Transferencia,307486.27,6,Jueves,0,235,223215.57,0
TXN-003921,138,Transferencia,111007.64,14,Miércoles,0,503,144951.69,0
TXN-003167,52,Pago de servicio,91895.95,11,Sábado,0,1464,126982.48,0
TXN-003520,14,Transferencia,164680.18,11,Viernes,0,870,113538.64,0
TXN-000620,79,Transferencia,107263.76,14,Lunes,0,1286,123101.6,0
TXN-003347,60,Pago de servicio,162425.54,17,Viernes,1,142,137222.21,0
TXN-001743,148,Transferencia,83385.97,15,Viernes,0,719,78326.3,0
TXN-001391,72,Pago de servicio,63078.64,14,Miércoles,0,518,60152.56,0
TXN-004051,102,Transferencia,185513.1,11,Jueves,0,1402,129884.87,0
TXN-001848,8,Pago de servicio,128233.89,8,Domingo,0,489,133059.29,0
TXN-001580,47,Pago de servicio,39435.48,20,Domingo,0,1384,71325.44,0
TXN-001656,11,Retiro,104437.67,18,Jueves,0,592,77337.76,0
TXN-002353,139,Transferencia,16777.59,3,Jueves,0,1307,14514.18,0
TXN-002213,105,Depósito,79069.5,14,Martes,1,1214,60098.6,0
TXN-002021,131,Pago de servicio,101286.14,19,Lunes,1,1171,67816.74,0
TXN-004973,73,Pago de servicio,68080.43,6,Viernes,0,901,59523.23,0
TXN-001957,106,Pago de servicio,1535.94,12,Jueves,0,157,43508.62,0
TXN-001308,114,Depósito,381820.72,12,Sábado,1,567,233687.76,0
TXN-002004,72,Pago de servicio,37887.86,10,Domingo,0,518,60401.56,0
TXN-004456,90,Pago de servicio,46972.31,16,Lunes,0,1188,81333.47,0
TXN-000576,135,Pago de servicio,49108.71,10,Sábado,0,726,48565.85,0
TXN-004090,119,Retiro,159548.22,15,Martes,0,883,117666.21,0
TXN-004320,70,Retiro,122967.68,21,Martes,1,984,64189.8,0
TXN-004437,96,Depósito,180581.8,18,Miércoles,0,1662,147044.15,0
TXN-001707,44,Depósito,128008.96,14,Martes,1,1139,160475.11,0
TXN-003743,49,Transferencia,147469.31,5,Sábado,0,1430,174369.49,0
TXN-003471,22,Depósito,108846.71,13,Lunes,0,1305,124884.67,0
TXN-001281,36,Transferencia,98392.08,15,Sábado,0,532,58597.71,0
TXN-000862,26,Pago de servicio,89896.21,16,Miércoles,0,1210,61198.37,0
TXN-004146,2,Transferencia,68221.05,18,Viernes,1,1074,97333.47,0
TXN-001802,12,Pago de servicio,121099.03,17,Viernes,0,1620,96315.38,0
TXN-001629,25,Transferencia,45275.21,19,Lunes,0,522,37881.52,0
TXN-001994,22,Pago de servicio,117509.13,12,Martes,0,1305,121810.95,0
TXN-002640,49,Transferencia,118353.84,8,Viernes,1,1430,143079.16,0
TXN-000270,73,Transferencia,66528.44,7,Miércoles,0,901,56624.71,0
TXN-000630,25,Depósito,4335.65,19,Martes,1,522,46910.22,0
TXN-003082,72,Transferencia,61324.2,16,Lunes,0,518,53534.84,0
TXN-002335,10,Transferencia,75039.52,21,Miércoles,0,1005,72492.18,0
TXN-002967,116,Pago de servicio,182949.49,18,Miércoles,0,932,131480.14,0
TXN-000301,130,Transferencia,190526.64,15,Miércoles,0,663,158345.97,0
TXN-000460,50,Pago de servicio,142318.62,15,Lunes,0,662,83822.52,0
TXN-001448,26,Transferencia,76864.07,16,Martes,0,1210,52865.45,0
TXN-001473,64,Transferencia,72512.22,12,Sábado,1,1469,69179.56,0
TXN-002047,134,Retiro,176814.49,14,Jueves,1,819,134402.84,0
TXN-004229,133,Retiro,155731.09,19,Jueves,0,733,118838.29,0
TXN-003765,104,Transferencia,114285.38,2,Jueves,0,1169,105740.27,0
TXN-002114,117,Transferencia,171891.49,4,Miércoles,0,541,266371.41,0
TXN-000028,6,Transferencia,234990.56,8,Martes,0,373,155269.52,0
TXN-003840,130,Pago de servicio,230598.07,14,Sábado,0,663,147349.06,0
TXN-004523,73,Transferencia,68388.0,4,Sábado,0,901,49024.51,0
TXN-000838,24,Transferencia,67000.71,10,Viernes,0,821,90652.97,0
TXN-003827,117,Transferencia,169022.07,6,Miércoles,0,541,224281.11,0
TXN-002009,104,Pago de servicio,132073.42,9,Lunes,0,1169,84325.2,0
TXN-004908,93,Transferencia,59710.83,15,Miércoles,0,259,65745.43,0
TXN-000504,135,Transferencia,62960.13,11,Jueves,0,726,48398.97,0
TXN-003207,10,Transferencia,47272.62,16,Lunes,0,1005,66063.62,0
TXN-004305,139,Retiro,10760.33,3,Miércoles,0,1307,13431.55,0
TXN-000381,142,Transferencia,51380.01,10,Viernes,1,1233,38692.33,0
TXN-001852,6,Pago de servicio,217115.24,10,Miércoles,0,373,147177.97,0
TXN-001526,18,Transferencia,179480.2,1,Viernes,0,1615,140348.84,1
TXN-002366,104,Pago de servicio,106639.69,6,Viernes,1,1169,91736.14,0
TXN-004148,129,Depósito,179738.18,10,Domingo,1,1694,136984.07,0
TXN-003053,106,Transferencia,48716.55,6,Martes,0,157,35637.94,0
TXN-002885,96,Pago de servicio,178726.5,19,Martes,0,1662,144525.71,0
TXN-002341,29,Transferencia,112115.66,20,Viernes,0,1081,80416.53,0
TXN-000375,13,Transferencia,67651.95,9,Viernes,0,676,104274.25,0
TXN-003261,58,Transferencia,120847.32,14,Miércoles,1,1439,104371.98,0
TXN-002382,50,Pago de servicio,86842.94,18,Viernes,0,662,74374.07,0
TXN-004310,138,Retiro,226306.33,15,Viernes,0,503,173866.99,0
TXN-000940,133,Pago de servicio,109080.38,17,Miércoles,0,733,111887.15,0
TXN-004199,150,Pago de servicio,137238.57,17,Martes,0,1666,96993.67,0
TXN-004166,101,Transferencia,89931.38,12,Martes,0,1090,79237.18,0
TXN-002800,110,Transferencia,41666.42,9,Jueves,1,1692,53003.52,0
TXN-002148,54,Pago de servicio,101981.15,19,Lunes,1,693,70769.19,0
TXN-003818,124,Transferencia,26998.03,15,Martes,0,1106,28503.31,0
TXN-004541,143,Pago de servicio,183671.1,13,Lunes,0,1661,256433.29,0
TXN-004217,141,Transferencia,288949.38,12,Jueves,0,1153,248036.31,0
TXN-002069,12,Pago de servicio,86052.29,16,Sábado,0,1620,81236.84,0
TXN-000530,32,Depósito,1895144.98,20,Lunes,1,1781,198423.31,1
TXN-004605,10,Transferencia,80454.36,19,Lunes,0,1005,67186.01,0
TXN-000637,52,Retiro,110446.59,16,Lunes,0,1464,115575.12,0
TXN-001270,28,Pago de servicio,52297.36,5,Miércoles,0,408,189241.41,0
TXN-000186,3,Transferencia,124195.53,21,Viernes,0,1512,80161.87,0
TXN-004350,11,Transferencia,95504.84,21,Lunes,1,592,79135.48,0
TXN-003180,100,Retiro,39288.52,21,Viernes,0,1099,132071.74,0
TXN-003455,91,Pago de servicio,57973.89,19,Miércoles,0,984,56880.11,0
TXN-001798,17,Transferencia,271190.95,10,Miércoles,0,235,175674.24,0
TXN-002980,139,Transferencia,7048.61,6,Martes,0,1307,12295.21,0
TXN-001442,83,Pago de servicio,77946.7,12,Jueves,0,1473,69369.93,0
TXN-003428,75,Transferencia,130119.95,18,Martes,0,1664,95791.85,0
TXN-004875,11,Pago de servicio,104425.49,17,Viernes,1,592,86737.59,0
TXN-001536,89,Pago de servicio,100348.2,11,Miércoles,0,1557,87864.23,0
TXN-003444,78,Transferencia,260638.7,7,Viernes,0,926,223977.26,0
TXN-001274,150,Transferencia,148703.53,18,Lunes,0,1666,98322.31,0
TXN-002468,142,Transferencia,34361.68,10,Miércoles,0,1233,44414.49,0
TXN-000608,105,Pago de servicio,2065.47,12,Jueves,0,1214,54442.01,0
TXN-003514,62,Retiro,106271.63,8,Jueves,0,414,110078.18,0
TXN-001713,17,Pago de servicio,200593.92,7,Jueves,0,235,196272.49,0
TXN-002200,150,Transferencia,121018.39,16,Martes,0,1666,117654.26,0
TXN-000956,67,Transferencia,81250.97,9,Martes,1,227,98753.99,0
TXN-002580,55,Transferencia,105617.62,12,Viernes,0,1286,93947.46,0
TXN-003898,62,Transferencia,141553.36,8,Domingo,0,414,107450.33,0
TXN-004426,72,Transferencia,42050.38,11,Martes,1,518,53383.38,0
TXN-003381,85,Transferencia,162433.84,19,Jueves,0,943,113309.82,0
TXN-003686,52,Transferencia,39899.7,11,Lunes,1,1464,131355.43,0
TXN-000404,91,Transferencia,46466.33,20,Viernes,1,984,62797.48,0
TXN-002072,63,Transferencia,34858.53,15,Viernes,0,759,69123.6,0
TXN-004756,65,Transferencia,85587.56,11,Jueves,0,152,54806.96,0
TXN-001978,93,Transferencia,35050.5,12,Jueves,0,259,58092.24,0
TXN-000159,67,Transferencia,114348.15,10,Lunes,0,227,101009.96,0
TXN-001749,139,Pago de servicio,19581.52,7,Martes,0,1307,16189.95,0
TXN-002910,68,Transferencia,317487.66,12,Miércoles,0,1564,219583.07,0
TXN-003535,81,Retiro,113977.98,10,Domingo,0,83,145310.76,0
TXN-000903,140,Retiro,19158.77,17,Martes,1,386,59828.06,0
TXN-000353,145,Depósito,73620.95,10,Jueves,0,365,60937.52,0
TXN-001231,17,Retiro,265496.99,7,Martes,0,235,174723.69,0
TXN-004671,43,Pago de servicio,18831.83,15,Miércoles,0,1752,70279.12,0
TXN-002141,121,Transferencia,118416.41,7,Lunes,0,1745,110509.35,0
TXN-000445,6,Transferencia,191992.77,6,Martes,0,373,177140.34,0
TXN-004949,95,Retiro,111823.1,7,Lunes,1,1330,110427.17,0
TXN-000755,127,Transferencia,147013.12,7,Sábado,0,1657,79890.16,0
TXN-001738,56,Transferencia,81719.85,12,Jueves,0,1166,117717.48,0
TXN-002972,51,Transferencia,77567.06,14,Jueves,1,739,130762.35,0
TXN-004980,51,Depósito,155957.52,14,Viernes,0,739,129568.94,0
TXN-002921,93,Transferencia,12542.37,11,Martes,0,259,59881.44,0
TXN-000312,147,Pago de servicio,30043.15,18,Sábado,0,881,98442.44,0
TXN-000549,4,Pago de servicio,91224.37,11,Lunes,0,1426,90865.95,0
TXN-004053,29,Transferencia,54797.86,15,Domingo,0,1081,84789.11,0
TXN-004762,109,Retiro,77598.03,13,Jueves,0,1716,115329.18,0
TXN-001990,100,Transferencia,42740.82,20,Domingo,0,1099,115977.86,0
TXN-000307,122,Retiro,48642.42,13,Martes,0,867,123423.76,0
TXN-002336,74,Transferencia,404479.37,4,Viernes,0,502,239467.76,0
TXN-000695,45,Pago de servicio,175760.31,23,Viernes,0,1042,112131.21,0
TXN-002357,114,Transferencia,223905.98,13,Martes,0,567,217431.43,0
TXN-001928,138,Pago de servicio,77102.67,15,Sábado,0,503,160377.79,0
TXN-000685,21,Pago de servicio,142806.82,15,Miércoles,1,1515,133018.16,0
TXN-000750,24,Transferencia,80952.62,10,Lunes,0,821,94461.31,0
TXN-004009,53,Transferencia,39807.15,9,Martes,0,1287,46968.28,0
TXN-001267,97,Transferencia,100069.05,9,Jueves,0,1049,84814.34,0
TXN-003286,48,Pago de servicio,162711.45,13,Martes,0,1401,151551.6,0
TXN-003530,64,Retiro,23458.63,12,Lunes,0,1469,83661.67,0
TXN-004424,64,Retiro,36062.52,11,Miércoles,0,1469,65922.13,0
TXN-003985,30,Depósito,52597.89,9,Viernes,0,230,63998.01,0
TXN-003084,29,Retiro,50473.57,16,Martes,0,1081,91424.88,0
TXN-003062,109,Pago de servicio,55130.24,13,Miércoles,0,1716,128217.14,0
TXN-003026,87,Transferencia,15047.78,14,Martes,0,1734,15405.78,0
TXN-000971,146,Transferencia,92055.97,13,Jueves,0,287,141050.26,0
TXN-000014,24,Transferencia,71037.37,10,Lunes,0,821,91651.5,0
TXN-000874,106,Pago de servicio,38648.27,10,Domingo,1,157,37901.26,0
TXN-000809,83,Retiro,87952.94,18,Sábado,0,1473,56074.69,0
TXN-003199,51,Pago de servicio,128884.89,12,Lunes,1,739,105175.4,0
TXN-000515,150,Pago de servicio,1027949.15,19,Lunes,0,1666,115884.34,1
TXN-004473,117,Transferencia,163994.11,5,Lunes,0,541,220971.68,0
TXN-000410,60,Transferencia,154506.13,18,Viernes,0,142,121920.1,0
TXN-003409,32,Transferencia,36499.17,21,Lunes,0,1781,169692.84,0
TXN-004343,86,Transferencia,80379.8,21,Jueves,0,367,72978.39,0
TXN-000208,72,Pago de servicio,41774.61,12,Viernes,0,518,52334.18,0
TXN-003692,140,Pago de servicio,11872.14,18,Martes,0,386,50440.86,0
TXN-000459,6,Pago de servicio,136032.57,5,Lunes,1,373,178209.65,0
TXN-003472,100,Retiro,164510.95,18,Martes,0,1099,134971.71,0
TXN-002431,11,Transferencia,74568.05,19,Lunes,0,592,72992.06,0
TXN-003658,130,Pago de servicio,67373.06,18,Jueves,0,663,169275.45,0
TXN-000111,40,Transferencia,53755.83,9,Jueves,0,1050,78676.23,0
TXN-004590,105,Transferencia,34666.16,12,Viernes,0,1214,54827.58,0
TXN-004045,58,Depósito,124114.18,13,Domingo,0,1439,102510.7,0
TXN-001884,102,Pago de servicio,136759.22,11,Jueves,0,1402,142326.89,0
TXN-001714,117,Pago de servicio,217077.94,9,Lunes,0,541,202268.26,0
TXN-003959,18,Depósito,222875.63,5,Jueves,0,1615,123275.26,0
TXN-003400,128,Pago de servicio,79310.85,16,Martes,0,1399,81269.58,0
TXN-000553,111,Pago de servicio,210505.26,9,Jueves,0,1157,160306.97,0
TXN-001440,58,Transferencia,74820.73,16,Sábado,0,1439,88640.5,0
TXN-002271,29,Transferencia,138190.35,16,Martes,0,1081,97702.47,0
TXN-003145,76,Retiro,18227.46,14,Martes,0,173,36158.44,0
TXN-002822,37,Pago de servicio,49248.63,13,Viernes,0,236,98967.26,0
TXN-004782,107,Depósito,36121.36,15,Jueves,0,599,49419.03,0
TXN-001926,136,Pago de servicio,150674.07,19,Domingo,0,1273,98923.61,0
TXN-000635,21,Pago de servicio,118585.73,17,Sábado,0,1515,138902.75,0
TXN-004806,114,Pago de servicio,181336.51,12,Lunes,0,567,215268.95,0
TXN-000317,105,Transferencia,39253.88,9,Jueves,1,1214,65212.14,0
TXN-004218,86,Transferencia,56011.79,17,Viernes,0,367,65472.34,0
TXN-004700,42,Pago de servicio,136124.43,19,Jueves,0,1708,112089.11,0
TXN-001329,2,Pago de servicio,48317.1,18,Martes,0,1074,100856.41,0
TXN-000428,31,Transferencia,60288.48,9,Jueves,0,436,38539.08,0
TXN-004375,150,Transferencia,81939.39,14,Jueves,0,1666,97045.74,0
TXN-000106,141,Depósito,256885.17,11,Miércoles,0,1153,269768.43,0
TXN-003042,101,Pago de servicio,111065.53,15,Viernes,0,1090,81445.27,0
TXN-000143,16,Depósito,81741.01,19,Jueves,0,1508,88447.89,0
TXN-002170,110,Transferencia,329038.68,5,Jueves,1,1692,56767.88,1
TXN-003459,132,Pago de servicio,84239.46,13,Miércoles,0,517,73892.47,0
TXN-000090,63,Pago de servicio,80631.74,20,Lunes,0,759,70123.64,0
TXN-002919,23,Pago de servicio,100966.04,18,Lunes,0,367,104473.46,0
TXN-003238,98,Retiro,515425.59,15,Miércoles,0,845,488738.08,0
TXN-002242,110,Pago de servicio,49374.08,7,Martes,0,1692,62149.32,0
TXN-003175,104,Transferencia,164535.55,2,Domingo,0,1169,93004.4,0
TXN-003413,96,Depósito,273457.12,18,Jueves,0,1662,157699.95,0
TXN-002164,142,Retiro,45839.64,12,Lunes,0,1233,41958.95,0
TXN-002637,31,Transferencia,2245.51,13,Lunes,0,436,41673.0,0
TXN-001950,144,Pago de servicio,16834.58,7,Miércoles,0,1045,43984.94,0
TXN-001769,33,Transferencia,216512.96,13,Jueves,0,1600,154684.09,0
TXN-004291,64,Transferencia,138386.97,11,Jueves,0,1469,73529.04,0
TXN-002273,17,Transferencia,267247.74,7,Viernes,0,235,218157.99,0
TXN-000002,115,Pago de servicio,138619.45,14,Jueves,0,857,114955.82,0
TXN-003283,41,Transferencia,71765.94,8,Martes,0,260,190403.6,0
TXN-004958,107,Transferencia,30477.13,14,Jueves,0,599,41061.13,0
TXN-001952,117,Retiro,232532.67,6,Jueves,0,541,245308.66,0
TXN-000936,49,Transferencia,186214.62,8,Viernes,0,1430,149291.38,0
TXN-004297,83,Depósito,75828.61,14,Miércoles,0,1473,56105.41,0
TXN-002721,5,Transferencia,404570.46,12,Viernes,0,1362,226206.29,0
TXN-004448,95,Transferencia,76138.07,5,Lunes,0,1330,102748.75,0
TXN-001110,150,Transferencia,113854.82,16,Lunes,0,1666,102949.62,0
TXN-003961,137,Transferencia,261566.18,14,Domingo,0,941,125559.73,0
TXN-000592,95,Retiro,143942.04,9,Sábado,0,1330,130418.08,0
TXN-001696,76,Transferencia,1362.47,12,Domingo,0,173,37129.63,0
TXN-003451,41,Transferencia,268227.2,13,Viernes,0,260,157757.59,0
TXN-002937,17,Pago de servicio,161147.48,9,Lunes,1,235,170069.29,0
TXN-004205,88,Depósito,4890.55,9,Sábado,0,190,60659.93,0
TXN-003412,1,Transferencia,199524.46,15,Lunes,0,1125,131943.44,0
TXN-001577,92,Transferencia,318553.68,9,Domingo,0,499,207162.99,0
TXN-003955,26,Transferencia,54810.58,15,Viernes,0,1210,54320.71,0
TXN-000214,28,Transferencia,182198.08,9,Sábado,0,408,158352.64,0
TXN-000779,65,Pago de servicio,44715.1,14,Lunes,0,152,58464.71,0
TXN-001416,88,Retiro,71892.06,9,Miércoles,0,190,55303.13,0
TXN-003760,18,Transferencia,111885.85,7,Domingo,0,1615,128695.97,0
TXN-002044,15,Transferencia,51122.94,11,Jueves,0,121,67390.28,0
TXN-002849,142,Pago de servicio,48954.7,9,Viernes,1,1233,37095.57,0
TXN-004538,58,Retiro,57052.82,16,Miércoles,0,1439,95494.78,0
TXN-003506,102,Transferencia,90360.72,14,Viernes,0,1402,168452.42,0
TXN-003814,21,Transferencia,145113.64,14,Martes,0,1515,174016.07,0
TXN-001568,26,Pago de servicio,28412.74,15,Miércoles,0,1210,59645.19,0
TXN-000166,9,Transferencia,78001.08,14,Sábado,0,1529,105084.66,0
TXN-004715,70,Pago de servicio,78333.38,16,Viernes,0,984,71184.12,0
TXN-004273,94,Pago de servicio,34150.05,19,Viernes,0,592,56871.94,0
TXN-004927,136,Depósito,90744.22,20,Jueves,1,1273,105132.53,0
TXN-001344,144,Pago de servicio,46417.29,7,Miércoles,1,1045,40226.81,0
TXN-002014,29,Depósito,116876.8,11,Lunes,0,1081,92415.19,0
TXN-000274,52,Transferencia,120568.51,12,Jueves,0,1464,108785.9,0
TXN-000072,124,Pago de servicio,26360.04,14,Sábado,0,1106,36318.7,0
TXN-003888,100,Pago de servicio,216364.1,17,Domingo,0,1099,133033.43,0
TXN-001088,40,Transferencia,20488.73,8,Jueves,0,1050,75726.78,0
TXN-000395,141,Transferencia,399939.5,10,Jueves,1,1153,262257.1,0
TXN-000584,71,Transferencia,114102.3,9,Viernes,0,1201,135854.96,0
TXN-001368,116,Pago de servicio,78136.38,15,Sábado,0,932,99011.95,0
TXN-004988,105,Retiro,32606.75,14,Viernes,0,1214,63379.58,0
TXN-004089,114,Retiro,308666.29,12,Sábado,0,567,206787.91,0
TXN-002549,68,Depósito,92868.69,9,Jueves,0,1564,240405.08,0
TXN-001014,75,Pago de servicio,118345.7,14,Jueves,1,1664,122561.28,0
TXN-004898,143,Transferencia,70588.39,20,Jueves,0,1661,218348.18,0
TXN-003004,3,Pago de servicio,55951.0,18,Domingo,0,1512,75238.39,0
TXN-004789,2,Pago de servicio,100995.48,17,Domingo,0,1074,86533.7,0
TXN-004408,66,Retiro,118625.0,9,Sábado,0,796,109886.45,0
TXN-003533,18,Pago de servicio,114106.17,5,Miércoles,0,1615,133162.75,0
TXN-001764,71,Pago de servicio,170503.01,6,Martes,1,1201,174517.67,0
TXN-001876,49,Retiro,239018.55,8,Viernes,0,1430,143732.37,0
TXN-001260,23,Depósito,42407.58,15,Jueves,0,367,79839.97,0
TXN-004531,73,Transferencia,228373.97,2,Domingo,0,901,56691.65,1
TXN-002254,104,Pago de servicio,138907.54,6,Lunes,0,1169,82418.25,0
TXN-002782,74,Pago de servicio,165272.85,6,Miércoles,0,502,226152.26,0
TXN-003593,84,Transferencia,147838.66,15,Sábado,0,133,100657.15,0
TXN-000527,88,Transferencia,65528.47,8,Sábado,1,190,63522.82,0
TXN-004264,62,Transferencia,101490.05,7,Miércoles,0,414,116457.15,0
TXN-002947,53,Transferencia,24916.96,11,Lunes,1,1287,44633.0,0
TXN-000378,150,Pago de servicio,106148.21,13,Jueves,0,1666,125110.5,0
TXN-001560,44,Transferencia,148520.59,10,Miércoles,1,1139,151028.64,0
TXN-003821,108,Pago de servicio,34011.31,10,Lunes,0,715,38473.99,0
TXN-001964,150,Transferencia,81177.21,16,Viernes,0,1666,109032.93,0
TXN-004733,129,Pago de servicio,93622.54,8,Miércoles,0,1694,150572.46,0
TXN-000349,83,Retiro,78866.78,11,Martes,0,1473,74263.62,0
TXN-002435,83,Retiro,81395.97,14,Miércoles,0,1473,69771.84,0
TXN-002247,35,Transferencia,174743.64,7,Sábado,0,1058,124423.25,0
TXN-004167,83,Transferencia,64745.2,12,Miércoles,0,1473,66564.87,0
TXN-001710,61,Transferencia,58722.74,15,Martes,0,1789,86560.83,0
TXN-001051,127,Depósito,156126.49,7,Jueves,0,1657,96894.84,0
TXN-000591,37,Pago de servicio,77737.93,15,Miércoles,0,236,86678.15,0
TXN-000520,25,Pago de servicio,49695.39,13,Miércoles,0,522,50324.53,0
TXN-004753,123,Transferencia,176765.59,12,Domingo,0,1022,114349.0,0
TXN-004309,68,Pago de servicio,201610.8,15,Viernes,0,1564,216546.5,0
TXN-002478,56,Pago de servicio,117345.18,9,Jueves,1,1166,129281.37,0
TXN-001084,149,Pago de servicio,26371.68,22,Viernes,1,720,46419.24,0
TXN-003589,91,Transferencia,97182.93,18,Viernes,0,984,49869.87,0
TXN-004779,13,Transferencia,51060.95,8,Miércoles,0,676,110402.39,0
TXN-004510,9,Transferencia,117908.99,13,Jueves,1,1529,110465.38,0
TXN-001295,65,Transferencia,36658.26,14,Viernes,0,152,65824.65,0
TXN-001810,31,Depósito,36846.96,14,Miércoles,0,436,39581.38,0
TXN-000792,133,Transferencia,134736.72,19,Domingo,0,733,117217.75,0
TXN-000793,97,Pago de servicio,97552.41,10,Lunes,0,1049,74085.0,0
TXN-004115,49,Retiro,134131.59,7,Miércoles,0,1430,170156.76,0
TXN-001856,122,Pago de servicio,1440245.27,19,Domingo,1,867,112566.15,1
TXN-004758,106,Transferencia,61730.22,7,Miércoles,1,157,44668.04,0
TXN-001981,122,Transferencia,123919.18,15,Miércoles,0,867,104862.05,0
TXN-003234,59,Transferencia,67523.26,10,Miércoles,0,1134,64221.03,0
TXN-003909,114,Depósito,363502.37,12,Martes,0,567,201531.84,0
TXN-004985,15,Transferencia,73882.76,11,Miércoles,0,121,73254.32,0
TXN-003329,67,Transferencia,16740.96,8,Lunes,0,227,96601.8,0
TXN-001531,41,Pago de servicio,68800.66,13,Martes,0,260,161723.88,0
TXN-001411,47,Pago de servicio,81704.92,22,Miércoles,0,1384,65686.35,0
TXN-004295,73,Transferencia,18909.97,9,Jueves,0,901,62243.59,0
TXN-004649,52,Transferencia,2102497.78,16,Jueves,0,1464,106602.57,1
TXN-000084,23,Transferencia,110777.44,15,Martes,0,367,96557.13,0
TXN-000869,84,Pago de servicio,117369.0,12,Viernes,1,133,106106.01,0
TXN-002351,146,Transferencia,188448.88,8,Lunes,0,287,124361.72,0
TXN-000021,69,Pago de servicio,52515.83,15,Martes,0,689,47257.63,0
TXN-003425,140,Pago de servicio,43870.41,22,Domingo,0,386,49107.25,0
TXN-002796,89,Transferencia,143825.32,7,Lunes,0,1557,87899.81,0
TXN-004573,34,Pago de servicio,499436.39,10,Jueves,1,1792,284227.59,0
TXN-001563,49,Pago de servicio,160430.96,7,Viernes,0,1430,171671.32,0
TXN-003094,125,Transferencia,280862.8,10,Miércoles,0,1403,218395.12,0
TXN-003156,32,Pago de servicio,365171.98,23,Jueves,0,1781,171482.86,0
TXN-000974,133,Transferencia,90493.67,21,Domingo,0,733,118748.99,0
TXN-001711,90,Transferencia,104911.38,13,Lunes,0,1188,79678.58,0
TXN-003202,87,Retiro,24189.26,21,Jueves,0,1734,16506.53,0
TXN-004372,147,Transferencia,64140.85,18,Sábado,0,881,110589.35,0
TXN-004820,85,Pago de servicio,109537.42,15,Martes,0,943,126831.78,0
TXN-001099,55,Transferencia,140571.66,15,Lunes,0,1286,95370.42,0
TXN-004162,54,Transferencia,119449.95,22,Martes,0,693,80537.85,0
TXN-002845,144,Transferencia,28363.69,8,Sábado,0,1045,40080.15,0
TXN-000887,62,Transferencia,653527.63,8,Jueves,1,414,124350.19,1
TXN-004932,32,Retiro,128311.96,20,Martes,1,1781,214933.6,0
TXN-003679,61,Pago de servicio,74495.11,14,Domingo,0,1789,107385.0,0
TXN-004581,36,Transferencia,86134.98,13,Martes,0,532,69856.46,0
TXN-003567,74,Transferencia,201369.74,3,Viernes,1,502,252496.29,0
TXN-004402,76,Transferencia,37674.17,14,Viernes,0,173,36187.72,0
TXN-000516,44,Retiro,178339.18,10,Jueves,1,1139,169622.92,0
TXN-004621,37,Transferencia,89575.8,13,Jueves,0,236,88943.67,0
TXN-000738,139,Transferencia,10710.35,7,Martes,0,1307,15084.83,0
TXN-001454,80,Pago de servicio,124241.81,10,Lunes,0,1712,152301.3,0
TXN-003972,115,Retiro,102553.2,21,Martes,0,857,131128.89,0
TXN-004701,36,Pago de servicio,33952.95,18,Viernes,0,532,65170.13,0
TXN-002507,149,Transferencia,52630.77,20,Domingo,0,720,53701.99,0
TXN-002995,98,Pago de servicio,811094.05,15,Miércoles,0,845,556152.62,0
TXN-002127,37,Depósito,59131.31,12,Domingo,0,236,91815.43,0
TXN-002927,104,Retiro,135398.98,7,Jueves,0,1169,86801.11,0
TXN-004746,96,Pago de servicio,139401.6,19,Domingo,0,1662,150788.9,0
TXN-000907,49,Transferencia,141160.95,8,Miércoles,1,1430,145772.3,0
TXN-003648,98,Transferencia,552392.69,21,Miércoles,0,845,521801.82,0
TXN-001031,145,Transferencia,39002.77,16,Viernes,1,365,49516.65,0
TXN-002508,35,Pago de servicio,66772.52,6,Lunes,0,1058,108952.87,0
TXN-002429,136,Transferencia,129625.19,20,Jueves,0,1273,106564.77,0
TXN-000948,92,Transferencia,129239.5,8,Martes,0,499,202027.99,0
TXN-003807,13,Transferencia,80948.92,12,Miércoles,0,676,92068.48,0
TXN-004755,92,Transferencia,190801.94,4,Jueves,0,499,200193.14,0
TXN-000716,45,Transferencia,123614.89,18,Domingo,1,1042,117947.54,0
TXN-004056,93,Pago de servicio,78268.36,11,Jueves,1,259,59524.45,0
TXN-000687,42,Transferencia,1249534.03,21,Domingo,0,1708,106176.19,1
TXN-000704,52,Pago de servicio,118190.06,10,Martes,0,1464,123898.29,0
TXN-003342,115,Transferencia,165167.52,18,Domingo,1,857,102062.25,0
TXN-002354,98,Transferencia,493546.88,20,Miércoles,0,845,556910.6,0
TXN-002258,37,Depósito,132559.29,16,Miércoles,0,236,83212.22,0
TXN-003552,118,Transferencia,56404.54,19,Martes,0,429,101331.15,0
TXN-000474,57,Pago de servicio,92072.97,18,Martes,0,1563,112332.98,0
TXN-000022,93,Retiro,30655.96,8,Miércoles,1,259,65720.71,0
TXN-002753,78,Transferencia,170254.85,8,Jueves,0,926,244725.96,0
TXN-000886,69,Transferencia,63680.0,18,Sábado,0,689,52802.4,0
TXN-002449,148,Transferencia,70271.69,16,Sábado,0,719,90063.91,0
TXN-000918,19,Transferencia,49182.1,13,Martes,0,595,45626.43,0
TXN-003758,55,Pago de servicio,53772.24,13,Jueves,0,1286,96915.97,0
TXN-003752,3,Transferencia,74176.95,14,Jueves,1,1512,74087.14,0
TXN-002240,96,Pago de servicio,242786.44,21,Miércoles,1,1662,140790.8,0
TXN-003845,149,Depósito,73248.06,19,Lunes,0,720,57586.94,0
TXN-003396,25,Retiro,26094.24,17,Jueves,0,522,43303.7,0
TXN-001266,83,Retiro,76065.63,15,Viernes,0,1473,75236.84,0
TXN-000484,68,Transferencia,287211.79,10,Lunes,0,1564,259475.24,0
TXN-004338,126,Transferencia,118525.57,11,Domingo,0,852,89822.78,0
TXN-002964,58,Transferencia,68114.57,12,Martes,0,1439,87448.88,0
TXN-001220,56,Transferencia,116473.7,10,Miércoles,0,1166,107549.81,0
TXN-000278,29,Pago de servicio,70965.85,16,Viernes,1,1081,87776.07,0
TXN-000989,53,Depósito,26555.64,6,Viernes,0,1287,37309.57,0
TXN-002085,80,Depósito,194036.29,10,Viernes,0,1712,180795.62,0
TXN-001246,70,Transferencia,78629.43,20,Miércoles,0,984,63327.8,0
TXN-002383,106,Pago de servicio,39007.33,8,Domingo,0,157,41188.65,0
TXN-000572,51,Transferencia,116659.32,11,Miércoles,0,739,103367.25,0
TXN-001436,62,Transferencia,119861.43,7,Domingo,0,414,136946.02,0
TXN-000994,114,Pago de servicio,200939.84,11,Domingo,0,567,231371.61,0
TXN-003931,120,Pago de servicio,83062.77,8,Lunes,0,1718,78295.24,0
TXN-003448,28,Retiro,132150.83,5,Jueves,1,408,188315.66,0
TXN-000586,54,Transferencia,65805.11,21,Miércoles,0,693,71826.42,0
TXN-003659,106,Pago de servicio,42138.34,7,Viernes,0,157,38565.13,0
TXN-002515,76,Transferencia,43823.0,15,Sábado,0,173,39952.96,0
TXN-001350,96,Pago de servicio,225339.9,23,Martes,0,1662,163384.95,0
TXN-001008,12,Transferencia,83187.41,16,Viernes,0,1620,98298.1,0
TXN-000675,100,Depósito,183355.41,21,Lunes,1,1099,120710.47,0
TXN-002413,127,Transferencia,74905.39,10,Lunes,0,1657,101095.94,0
TXN-002904,56,Pago de servicio,138889.92,10,Sábado,0,1166,136827.96,0
TXN-000448,84,Depósito,119359.43,14,Martes,1,133,109712.61,0
TXN-003835,36,Transferencia,36961.19,16,Domingo,0,532,68347.05,0
TXN-003759,23,Transferencia,113500.19,21,Miércoles,1,367,79202.79,0
TXN-003704,5,Depósito,315644.16,8,Jueves,0,1362,270561.52,0
TXN-000360,17,Pago de servicio,145164.76,8,Miércoles,0,235,209909.4,0
TXN-002065,35,Transferencia,159134.52,8,Martes,0,1058,130629.26,0
TXN-004450,95,Transferencia,77670.37,10,Lunes,0,1330,114068.37,0
TXN-003811,135,Transferencia,26312.48,11,Jueves,0,726,51410.25,0
TXN-001691,4,Transferencia,396470.43,1,Martes,0,1426,80562.32,1
TXN-004327,138,Transferencia,129370.6,14,Domingo,0,503,133636.48,0
TXN-001549,12,Transferencia,41841.4,17,Lunes,0,1620,93480.61,0
TXN-001248,6,Pago de servicio,110693.81,7,Jueves,0,373,158247.54,0
TXN-001986,14,Retiro,30348.15,11,Martes,0,870,125705.87,0
TXN-000295,16,Transferencia,56787.51,17,Martes,0,1508,72622.96,0
TXN-001548,108,Transferencia,36202.37,9,Viernes,0,715,32083.21,0
TXN-002013,97,Transferencia,92493.97,10,Martes,0,1049,82052.48,0
TXN-000589,106,Pago de servicio,32606.23,11,Viernes,1,157,34115.4,0
TXN-003330,82,Retiro,99883.48,13,Domingo,0,1726,133269.85,0
TXN-002404,113,Transferencia,52071.9,19,Viernes,1,1735,56155.89,0
TXN-002130,84,Retiro,114529.22,9,Jueves,0,133,110751.0,0
TXN-004389,104,Pago de servicio,81846.96,10,Viernes,1,1169,102895.63,0
TXN-002411,29,Depósito,79637.75,15,Domingo,0,1081,80052.93,0
TXN-002720,30,Depósito,84847.79,14,Domingo,0,230,65154.08,0
TXN-000426,89,Transferencia,97608.46,8,Miércoles,0,1557,109942.98,0
TXN-002583,29,Depósito,80527.04,16,Lunes,0,1081,85013.22,0
TXN-001055,57,Transferencia,79403.39,16,Martes,0,1563,93814.61,0
TXN-003967,25,Pago de servicio,41843.5,18,Sábado,0,522,47425.09,0
TXN-004563,63,Pago de servicio,206783.17,4,Martes,0,759,76355.49,1
TXN-000557,61,Retiro,123756.98,15,Sábado,0,1789,95694.95,0
TXN-004359,103,Transferencia,153228.46,9,Sábado,0,729,111539.31,0
TXN-003939,69,Transferencia,71155.64,21,Martes,1,689,53129.39,0
TXN-004713,117,Transferencia,197442.73,4,Lunes,0,541,257511.13,0
TXN-002470,56,Transferencia,115392.08,11,Jueves,0,1166,133843.54,0
TXN-004711,130,Transferencia,207789.45,16,Viernes,0,663,163724.31,0
TXN-000356,1,Retiro,114120.11,13,Domingo,0,1125,150259.3,0
TXN-001194,14,Transferencia,147807.83,12,Martes,0,870,138581.52,0
TXN-001717,76,Retiro,54887.06,14,Viernes,0,173,46090.77,0
TXN-003417,59,Pago de servicio,31631.85,12,Sábado,0,1134,58799.06,0
TXN-002605,148,Transferencia,111084.27,14,Viernes,0,719,79961.47,0
TXN-004130,57,Retiro,106505.84,13,Jueves,0,1563,90098.64,0
TXN-002829,119,Transferencia,120310.98,14,Domingo,0,883,97648.5,0
TXN-001705,67,Transferencia,71182.24,6,Martes,0,227,90798.85,0
TXN-002864,17,Pago de servicio,257392.64,11,Viernes,0,235,219017.9,0
TXN-002619,41,Transferencia,130636.64,12,Martes,0,260,187970.15,0
TXN-002401,147,Pago de servicio,82822.32,17,Lunes,1,881,96021.96,0
TXN-002140,73,Pago de servicio,1000.0,10,Miércoles,0,901,59495.96,0
TXN-003240,81,Transferencia,152002.88,12,Sábado,0,83,123135.71,0
TXN-002384,82,Transferencia,215657.81,12,Sábado,0,1726,104516.89,0
TXN-003219,120,Transferencia,72453.22,6,Miércoles,0,1718,88395.26,0
TXN-003936,134,Depósito,82205.6,10,Sábado,0,819,119753.35,0
TXN-001286,76,Transferencia,18038.24,11,Viernes,0,173,37663.57,0
TXN-003797,4,Transferencia,108043.38,14,Lunes,1,1426,80141.92,0
TXN-004895,17,Pago de servicio,98178.66,12,Viernes,0,235,182709.43,0
TXN-004469,53,Transferencia,48981.81,6,Domingo,0,1287,41704.99,0
TXN-002088,48,Transferencia,128153.7,12,Martes,0,1401,149532.82,0
TXN-001890,144,Transferencia,37866.16,6,Sábado,0,1045,44077.24,0
TXN-004623,74,Pago de servicio,206386.36,6,Domingo,0,502,267673.31,0
TXN-001592,55,Pago de servicio,136056.27,13,Jueves,0,1286,90024.45,0
TXN-001347,17,Transferencia,80604.0,7,Miércoles,0,235,180200.2,0
TXN-004432,124,Transferencia,40824.75,12,Lunes,0,1106,33464.38,0
TXN-002163,49,Transferencia,224019.84,4,Sábado,0,1430,150682.82,0
TXN-002397,150,Pago de servicio,28486.18,18,Jueves,0,1666,122317.61,0
TXN-004769,112,Transferencia,122444.48,10,Viernes,0,1446,96768.5,0
TXN-002272,129,Pago de servicio,72986.84,15,Viernes,0,1694,121984.86,0
TXN-004491,46,Transferencia,309686.78,14,Sábado,0,825,166486.4,0
TXN-003112,129,Transferencia,74107.82,10,Sábado,0,1694,142781.37,0
TXN-001138,131,Pago de servicio,59409.77,19,Martes,0,1171,64165.07,0
TXN-003896,143,Transferencia,291693.05,14,Viernes,1,1661,218721.87,0
TXN-000973,148,Transferencia,183348.47,10,Sábado,0,719,80921.66,0
TXN-000796,137,Transferencia,98373.48,15,Jueves,1,941,119457.38,0
TXN-003021,101,Pago de servicio,110833.55,13,Sábado,0,1090,78455.8,0
TXN-001712,96,Transferencia,75614.47,21,Sábado,0,1662,144236.11,0
TXN-003388,70,Pago de servicio,59210.76,16,Viernes,0,984,66128.37,0
TXN-000037,121,Retiro,158537.77,9,Lunes,1,1745,92453.74,0
TXN-000454,118,Retiro,702938.29,20,Domingo,1,429,89236.58,1
TXN-000914,118,Transferencia,86874.2,18,Miércoles,0,429,98805.12,0
TXN-004082,88,Depósito,59463.54,8,Lunes,0,190,67802.64,0
TXN-001200,112,Transferencia,431873.36,3,Miércoles,0,1446,88947.44,1
TXN-001275,62,Pago de servicio,133407.61,5,Domingo,0,414,115331.69,0
TXN-002376,68,Depósito,94108.43,12,Miércoles,0,1564,218484.94,0
TXN-000038,87,Pago de servicio,150980.15,19,Viernes,1,1734,19275.83,1
TXN-000975,83,Pago de servicio,63250.88,10,Sábado,0,1473,73668.27,0
TXN-003196,103,Transferencia,94959.64,9,Sábado,1,729,141574.16,0
TXN-000984,136,Transferencia,85209.39,19,Lunes,0,1273,126336.25,0
TXN-003905,90,Depósito,133191.78,15,Sábado,0,1188,81949.59,0
TXN-004070,122,Pago de servicio,85521.58,17,Jueves,0,867,121652.1,0
TXN-001419,21,Retiro,81552.78,15,Sábado,0,1515,153284.73,0
TXN-003333,35,Retiro,148506.35,6,Domingo,0,1058,106950.95,0
TXN-001561,41,Transferencia,120883.84,14,Martes,0,260,167484.74,0
TXN-000040,69,Pago de servicio,45190.49,20,Miércoles,0,689,49256.91,0
TXN-001487,57,Transferencia,81255.29,17,Sábado,0,1563,84024.96,0
TXN-003884,53,Pago de servicio,46080.87,7,Lunes,0,1287,43916.46,0
TXN-000170,6,Depósito,148325.8,10,Lunes,0,373,165560.81,0
TXN-001356,145,Transferencia,52532.01,16,Sábado,0,365,49345.54,0
TXN-002786,99,Transferencia,67490.67,18,Jueves,0,187,58671.47,0
TXN-003633,117,Transferencia,213786.17,5,Miércoles,0,541,238631.34,0
TXN-004749,138,Transferencia,160345.34,15,Lunes,0,503,171684.09,0
TXN-004005,105,Transferencia,33470.51,13,Martes,0,1214,54924.45,0
TXN-002683,82,Transferencia,101964.01,16,Lunes,1,1726,103325.4,0
TXN-004705,85,Depósito,114040.63,18,Lunes,0,943,130166.69,0
TXN-004026,7,Pago de servicio,82056.36,18,Viernes,0,306,68693.79,0
TXN-001641,98,Pago de servicio,344283.59,21,Domingo,0,845,526779.42,0
TXN-001291,109,Transferencia,126768.69,14,Martes,0,1716,112628.07,0
TXN-001381,35,Transferencia,130978.77,6,Domingo,1,1058,129853.57,0
TXN-001934,99,Retiro,50620.15,16,Lunes,1,187,55607.08,0
TXN-000580,3,Transferencia,99813.62,16,Lunes,0,1512,94355.24,0
TXN-004221,93,Pago de servicio,35887.57,12,Miércoles,0,259,62926.18,0
TXN-003161,147,Depósito,127078.16,18,Viernes,0,881,100975.42,0
TXN-002031,51,Retiro,142177.01,13,Lunes,0,739,110725.55,0
TXN-000893,135,Pago de servicio,51164.3,13,Lunes,0,726,51540.37,0
TXN-003952,111,Retiro,255944.6,6,Lunes,0,1157,171629.62,0
TXN-000781,99,Pago de servicio,37761.9,16,Martes,0,187,47032.53,0
TXN-000160,61,Pago de servicio,134296.47,9,Lunes,1,1789,107795.96,0
TXN-000003,32,Depósito,191819.67,18,Viernes,0,1781,196332.27,0
TXN-002264,103,Transferencia,193553.53,7,Martes,0,729,143558.33,0
TXN-003217,94,Transferencia,78512.56,15,Martes,0,592,54520.76,0
TXN-002110,46,Transferencia,122693.35,11,Martes,0,825,173994.97,0
TXN-000850,82,Pago de servicio,148065.42,15,Jueves,0,1726,123193.62,0
TXN-002738,75,Transferencia,107148.06,10,Lunes,1,1664,97966.4,0
TXN-002467,133,Transferencia,116059.63,19,Miércoles,0,733,94900.76,0
TXN-003651,45,Transferencia,54815.65,20,Miércoles,1,1042,125469.46,0
TXN-001597,119,Transferencia,120983.4,14,Miércoles,0,883,89227.18,0
TXN-001777,35,Pago de servicio,94965.22,4,Miércoles,0,1058,105071.01,0
TXN-001914,90,Transferencia,65963.86,16,Martes,1,1188,71412.47,0
TXN-001044,87,Pago de servicio,19162.02,16,Lunes,0,1734,15104.47,0
TXN-004714,113,Pago de servicio,57311.38,17,Sábado,0,1735,52042.16,0
TXN-001545,7,Pago de servicio,85714.82,17,Lunes,0,306,65051.3,0
TXN-002737,16,Pago de servicio,83217.99,19,Miércoles,0,1508,88984.0,0
TXN-003707,79,Transferencia,78690.56,13,Viernes,0,1286,114496.58,0
TXN-004618,101,Pago de servicio,77731.1,14,Jueves,0,1090,92938.66,0
TXN-000054,50,Depósito,83489.8,14,Jueves,0,662,82751.01,0
TXN-001797,137,Pago de servicio,163303.5,21,Jueves,0,941,132882.32,0
TXN-001912,72,Transferencia,104830.39,3,Viernes,0,518,56386.12,1
TXN-002307,69,Retiro,72594.73,19,Lunes,0,689,62278.89,0
TXN-002554,96,Retiro,178614.43,22,Viernes,0,1662,154655.27,0
TXN-002801,115,Pago de servicio,87406.28,18,Miércoles,0,857,108138.88,0
TXN-004087,35,Pago de servicio,130447.23,5,Miércoles,0,1058,105472.21,0
TXN-004128,81,Transferencia,153059.0,12,Lunes,0,83,124315.63,0
TXN-000825,145,Transferencia,44162.49,18,Viernes,0,365,50593.55,0
TXN-004734,84,Depósito,113478.5,9,Lunes,0,133,108720.44,0
TXN-003179,36,Transferencia,71340.86,14,Lunes,0,532,76023.02,0
TXN-003402,123,Retiro,155187.68,7,Miércoles,0,1022,111434.16,0
TXN-001390,5,Transferencia,209093.01,12,Domingo,0,1362,285956.19,0
TXN-003565,63,Transferencia,57926.59,17,Miércoles,0,759,71991.17,0
TXN-004877,10,Pago de servicio,75180.24,20,Lunes,0,1005,79164.45,0
TXN-000885,2,Transferencia,124720.55,18,Martes,0,1074,93943.14,0
TXN-003806,99,Depósito,32730.49,20,Viernes,0,187,53831.4,0
TXN-001608,140,Pago de servicio,27298.81,18,Martes,0,386,60611.59,0
TXN-001595,41,Transferencia,201278.03,16,Jueves,0,260,182630.61,0
TXN-000772,70,Transferencia,93065.22,16,Lunes,0,984,70795.52,0
TXN-002612,94,Transferencia,55415.68,20,Martes,0,592,59246.92,0
TXN-004662,40,Transferencia,120452.33,13,Viernes,0,1050,82275.93,0
TXN-002274,40,Transferencia,150598.87,8,Sábado,0,1050,78911.06,0
TXN-001869,130,Retiro,174826.83,15,Jueves,0,663,187585.16,0
TXN-001086,85,Retiro,71375.16,17,Lunes,1,943,121677.55,0
TXN-000011,14,Transferencia,193707.2,12,Martes,0,870,130419.89,0
TXN-003612,15,Pago de servicio,104006.93,10,Domingo,0,121,68522.83,0
TXN-001326,86,Transferencia,612287.62,19,Viernes,1,367,62970.31,1
TXN-003391,132,Pago de servicio,79755.02,12,Domingo,1,517,62213.16,0
TXN-001464,100,Pago de servicio,95226.36,15,Domingo,1,1099,132260.34,0
TXN-000807,63,Transferencia,51747.19,18,Jueves,0,759,73205.39,0
TXN-004261,90,Depósito,76307.29,13,Martes,1,1188,70454.5,0
TXN-003986,61,Transferencia,41951.89,14,Miércoles,1,1789,89723.38,0
TXN-003772,140,Depósito,102136.63,20,Miércoles,0,386,53090.56,0
TXN-002109,13,Pago de servicio,156840.73,14,Martes,0,676,93471.31,0
TXN-004236,78,Pago de servicio,231963.13,8,Miércoles,0,926,230028.73,0
TXN-004957,105,Depósito,48744.71,13,Viernes,0,1214,55027.12,0
TXN-002235,44,Pago de servicio,221309.0,8,Martes,1,1139,169112.4,0
TXN-003212,122,Retiro,108913.22,17,Miércoles,0,867,119515.63,0
TXN-000964,118,Transferencia,113839.99,19,Lunes,0,429,113179.43,0
TXN-003416,12,Pago de servicio,55445.3,23,Jueves,0,1620,95857.09,0
TXN-003754,97,Retiro,102267.59,10,Lunes,1,1049,84694.45,0
TXN-000399,108,Pago de servicio,26204.25,6,Viernes,0,715,39612.06,0
TXN-002633,137,Retiro,106361.74,16,Martes,0,941,145253.9,0
TXN-004852,124,Transferencia,4141.67,13,Viernes,0,1106,35997.11,0
TXN-002997,30,Transferencia,83119.02,11,Martes,0,230,61038.5,0
TXN-000705,144,Depósito,40721.05,9,Jueves,0,1045,44117.41,0
TXN-000432,93,Pago de servicio,57626.14,11,Jueves,0,259,50380.77,0
TXN-000293,50,Transferencia,85158.38,16,Viernes,0,662,89970.81,0
TXN-004868,43,Transferencia,48597.13,18,Jueves,0,1752,68633.45,0
TXN-000146,149,Retiro,48180.47,19,Lunes,0,720,58979.39,0
TXN-004394,103,Transferencia,91954.8,7,Jueves,0,729,129052.17,0
TXN-002034,37,Pago de servicio,102610.22,17,Viernes,0,236,84763.44,0
TXN-004284,54,Pago de servicio,237538.45,2,Domingo,0,693,71135.08,1
TXN-001166,28,Pago de servicio,114961.8,2,Viernes,0,408,167434.87,0
TXN-003501,120,Transferencia,73418.72,9,Sábado,0,1718,78282.2,0
TXN-002051,131,Transferencia,89080.38,17,Jueves,1,1171,71710.32,0
TXN-002625,23,Pago de servicio,877359.95,12,Jueves,1,367,100585.1,1
TXN-004379,68,Retiro,185814.69,9,Lunes,0,1564,257835.17,0
TXN-000340,150,Depósito,82616.08,17,Lunes,0,1666,103602.14,0
TXN-003880,89,Depósito,100878.29,11,Lunes,0,1557,86683.66,0
TXN-004633,10,Pago de servicio,98659.06,12,Jueves,0,1005,73805.5,0
TXN-002974,71,Transferencia,22248.84,9,Miércoles,0,1201,132715.41,0
TXN-000266,61,Transferencia,56442.57,10,Jueves,0,1789,103277.08,0
TXN-002425,115,Pago de servicio,116569.13,21,Domingo,0,857,104830.53,0
TXN-001263,80,Pago de servicio,199660.8,10,Jueves,0,1712,150371.68,0
TXN-001772,26,Pago de servicio,90542.28,14,Miércoles,0,1210,63589.48,0
TXN-003512,69,Pago de servicio,41006.31,20,Martes,0,689,60286.41,0
TXN-000272,46,Pago de servicio,183714.17,12,Sábado,0,825,164222.6,0
TXN-000697,98,Transferencia,425095.01,14,Miércoles,0,845,572365.29,0
TXN-000748,86,Pago de servicio,93139.03,22,Miércoles,0,367,59156.69,0
TXN-000245,21,Transferencia,145733.85,17,Martes,0,1515,153937.54,0
TXN-000318,70,Transferencia,73461.3,17,Martes,0,984,63619.62,0
TXN-000477,74,Transferencia,211897.36,5,Domingo,0,502,227320.38,0
TXN-002033,4,Pago de servicio,108684.09,13,Lunes,1,1426,87324.05,0
TXN-000958,86,Pago de servicio,57204.8,19,Domingo,0,367,65350.19,0
TXN-003817,84,Transferencia,85183.67,11,Viernes,0,133,120873.56,0
TXN-000814,80,Transferencia,76072.96,9,Sábado,1,1712,168567.77,0
TXN-004533,138,Transferencia,208912.86,15,Lunes,0,503,142981.33,0
TXN-001915,107,Transferencia,72992.38,11,Miércoles,0,599,44695.7,0
TXN-004603,119,Transferencia,199005.4,10,Jueves,0,883,101431.89,0
TXN-003488,119,Transferencia,71783.77,14,Martes,0,883,110218.07,0
TXN-001298,15,Retiro,84733.85,13,Jueves,0,121,59579.38,0
TXN-004031,81,Transferencia,133758.21,11,Miércoles,0,83,129215.21,0
TXN-001805,41,Pago de servicio,181108.84,15,Viernes,0,260,156212.13,0
TXN-000759,39,Depósito,36610.2,14,Viernes,0,1294,45977.25,0
TXN-000251,38,Pago de servicio,261300.25,11,Jueves,1,1607,229104.02,0
TXN-002462,70,Retiro,104889.6,17,Viernes,0,984,60951.9,0
TXN-000546,53,Transferencia,5746.82,5,Jueves,0,1287,41991.92,0
TXN-003242,71,Pago de servicio,255837.1,6,Lunes,0,1201,150384.51,0
TXN-000739,29,Transferencia,79360.43,14,Sábado,0,1081,97066.87,0
TXN-000311,104,Depósito,88659.48,8,Lunes,0,1169,105557.89,0
TXN-003781,58,Retiro,111258.97,11,Miércoles,0,1439,92219.96,0
TXN-002942,99,Transferencia,60720.01,19,Jueves,0,187,49182.24,0
TXN-001132,47,Transferencia,83660.19,22,Viernes,0,1384,72901.69,0
TXN-001450,137,Retiro,148307.18,18,Miércoles,1,941,144591.87,0
TXN-004920,12,Transferencia,126494.33,19,Sábado,1,1620,77949.47,0
TXN-000016,144,Pago de servicio,10733.96,5,Sábado,0,1045,39647.42,0
TXN-003233,35,Pago de servicio,77191.7,3,Miércoles,0,1058,124568.49,0
TXN-002770,2,Transferencia,32018.96,18,Sábado,0,1074,81590.03,0
TXN-003469,50,Retiro,152183.17,13,Jueves,0,662,88089.79,0
TXN-000921,91,Pago de servicio,53495.68,19,Domingo,0,984,47944.84,0
TXN-003030,51,Depósito,138134.25,9,Lunes,0,739,105190.01,0
TXN-001373,81,Retiro,259214.14,15,Jueves,0,83,130068.58,0
TXN-003588,37,Transferencia,137598.62,16,Lunes,0,236,95101.43,0
TXN-002545,7,Transferencia,126451.71,19,Sábado,0,306,64844.7,0
TXN-003599,134,Depósito,133676.86,10,Martes,0,819,157397.6,0
TXN-000039,122,Transferencia,150245.98,16,Martes,1,867,95238.76,0
TXN-000364,140,Retiro,53271.01,20,Lunes,0,386,51747.94,0
TXN-004102,30,Pago de servicio,63248.45,15,Jueves,0,230,70200.77,0
TXN-000183,48,Retiro,123012.17,16,Jueves,0,1401,120605.23,0
TXN-003034,95,Transferencia,123508.72,6,Jueves,0,1330,100835.3,0
TXN-002984,96,Pago de servicio,210657.49,22,Martes,0,1662,174283.95,0
TXN-001195,74,Transferencia,294932.4,3,Martes,0,502,219062.8,0
TXN-002853,125,Transferencia,292501.04,6,Lunes,0,1403,207598.76,0
TXN-004543,27,Pago de servicio,155962.35,11,Miércoles,0,448,151930.95,0
TXN-001122,31,Pago de servicio,18874.84,10,Domingo,0,436,43225.46,0
TXN-002236,11,Depósito,102780.71,20,Jueves,0,592,90683.95,0
TXN-002668,100,Transferencia,109014.54,18,Miércoles,1,1099,116227.53,0
TXN-003700,15,Depósito,53959.81,7,Martes,0,121,66936.22,0
TXN-003224,79,Pago de servicio,124892.37,13,Viernes,0,1286,98313.38,0
TXN-001183,117,Pago de servicio,93223.57,10,Viernes,0,541,264331.51,0
TXN-004185,5,Transferencia,273925.67,11,Domingo,0,1362,250969.91,0
TXN-004294,6,Transferencia,84773.78,9,Lunes,0,373,170306.28,0
TXN-000615,141,Transferencia,110221.23,9,Sábado,0,1153,226348.53,0
TXN-004909,67,Transferencia,98129.63,5,Miércoles,1,227,86252.05,0
TXN-001467,61,Retiro,62885.95,12,Viernes,0,1789,98993.87,0
TXN-000402,60,Retiro,38449.05,18,Lunes,0,142,135507.93,0
TXN-003043,144,Retiro,28154.73,5,Lunes,0,1045,36130.77,0
TXN-000935,19,Retiro,33632.2,9,Jueves,0,595,40557.68,0
TXN-002420,82,Transferencia,155882.39,14,Lunes,0,1726,121916.53,0
TXN-004861,150,Pago de servicio,80406.47,23,Martes,0,1666,124587.08,0
TXN-004911,4,Retiro,62095.38,11,Lunes,0,1426,90855.36,0
TXN-002642,12,Pago de servicio,82565.96,16,Lunes,0,1620,101084.28,0
TXN-004018,112,Transferencia,70906.49,7,Miércoles,0,1446,105355.68,0
TXN-000727,21,Transferencia,54217.78,13,Lunes,0,1515,142372.39,0
TXN-000827,105,Pago de servicio,84997.33,13,Domingo,0,1214,58304.63,0
TXN-001522,115,Pago de servicio,124938.68,20,Viernes,0,857,130347.93,0
TXN-004857,142,Depósito,45658.12,7,Martes,0,1233,43359.74,0
TXN-002931,15,Pago de servicio,58030.74,9,Domingo,0,121,76187.02,0
TXN-000137,113,Pago de servicio,65478.83,15,Jueves,0,1735,49061.76,0
TXN-003591,47,Transferencia,86154.77,21,Domingo,0,1384,78108.29,0
TXN-000629,78,Pago de servicio,259961.05,5,Domingo,0,926,234549.57,0
TXN-000335,52,Pago de servicio,101667.35,14,Sábado,0,1464,101598.36,0
TXN-000391,104,Depósito,136522.36,9,Sábado,0,1169,101899.82,0
TXN-004388,93,Pago de servicio,66425.16,13,Viernes,0,259,51082.03,0
TXN-004905,38,Pago de servicio,296810.98,14,Lunes,0,1607,256930.24,0
TXN-003833,131,Transferencia,84355.87,21,Jueves,0,1171,67021.3,0
TXN-001818,75,Pago de servicio,147970.91,12,Domingo,0,1664,111655.43,0
TXN-000401,36,Transferencia,64361.32,16,Martes,1,532,73792.12,0
TXN-000711,3,Retiro,102925.43,16,Martes,0,1512,83606.18,0
TXN-001040,116,Pago de servicio,119465.2,19,Martes,0,932,123180.62,0
TXN-003990,98,Transferencia,624472.67,23,Viernes,1,845,552624.87,0
TXN-003360,81,Transferencia,234211.87,13,Jueves,0,83,137181.57,0
TXN-000047,56,Depósito,64399.22,12,Martes,0,1166,128809.05,0
TXN-001562,30,Transferencia,58540.48,11,Sábado,0,230,66245.71,0
TXN-004800,59,Pago de servicio,80285.61,14,Miércoles,1,1134,70085.75,0
TXN-003643,133,Pago de servicio,51201.27,18,Miércoles,0,733,113403.0,0
TXN-003727,137,Retiro,86097.37,15,Viernes,0,941,125920.79,0
TXN-004983,67,Transferencia,75683.19,5,Jueves,1,227,80796.64,0
TXN-001113,95,Depósito,102021.85,8,Sábado,0,1330,115240.82,0
TXN-002514,89,Transferencia,72528.31,13,Lunes,0,1557,84062.62,0
TXN-003609,122,Pago de servicio,103619.72,21,Jueves,0,867,107211.16,0
TXN-001224,17,Transferencia,104368.71,6,Miércoles,0,235,192392.22,0
TXN-004061,126,Transferencia,96560.02,7,Jueves,0,852,98789.52,0
TXN-003024,72,Pago de servicio,60008.17,10,Jueves,0,518,61669.9,0
TXN-002422,106,Pago de servicio,37678.13,7,Domingo,1,157,36477.68,0
TXN-001509,50,Transferencia,45594.1,17,Viernes,0,662,88728.85,0
TXN-001751,143,Pago de servicio,163542.87,16,Martes,0,1661,232845.57,0
TXN-004838,40,Pago de servicio,67608.41,10,Martes,0,1050,93100.1,0
TXN-004097,95,Transferencia,142708.84,10,Jueves,1,1330,123759.62,0
TXN-001800,75,Transferencia,78948.84,16,Miércoles,0,1664,125920.05,0
TXN-000339,30,Pago de servicio,54887.46,10,Domingo,1,230,68626.81,0
TXN-000216,114,Pago de servicio,254881.25,11,Martes,0,567,195046.88,0
TXN-003664,70,Pago de servicio,91182.19,16,Lunes,0,984,70236.43,0
TXN-001342,111,Transferencia,151865.53,2,Miércoles,1,1157,210447.88,0
TXN-000012,132,Transferencia,29786.8,15,Miércoles,0,517,59139.42,0
TXN-001521,119,Transferencia,65064.37,17,Jueves,0,883,89702.33,0
TXN-003641,118,Transferencia,108890.27,19,Sábado,0,429,94079.21,0
TXN-003938,98,Transferencia,731522.45,16,Viernes,1,845,548208.66,0
TXN-004428,127,Pago de servicio,75386.2,10,Viernes,0,1657,84545.06,0
TXN-003005,146,Transferencia,158649.55,11,Sábado,1,287,134328.56,0
TXN-002865,140,Retiro,492102.09,23,Martes,1,386,49306.12,1
TXN-003116,99,Transferencia,70337.27,15,Viernes,0,187,54792.3,0
TXN-004841,57,Retiro,136818.32,18,Viernes,0,1563,95794.71,0
TXN-002323,86,Transferencia,44298.28,22,Viernes,1,367,62574.49,0
TXN-002572,46,Transferencia,160412.72,10,Lunes,0,825,183878.31,0
TXN-002914,24,Depósito,33640.54,12,Jueves,0,821,90335.64,0
TXN-000102,106,Pago de servicio,47273.9,10,Jueves,0,157,45610.58,0
TXN-003550,64,Pago de servicio,69379.11,13,Viernes,1,1469,85715.71,0
TXN-001459,25,Transferencia,55794.9,17,Sábado,0,522,49831.48,0
TXN-000172,59,Pago de servicio,41597.08,18,Domingo,0,1134,66182.79,0
TXN-000108,129,Pago de servicio,115422.73,10,Martes,0,1694,134668.46,0
TXN-004197,42,Transferencia,40524.29,19,Miércoles,0,1708,105423.62,0
TXN-003570,39,Pago de servicio,44070.65,9,Martes,0,1294,38997.31,0
TXN-004992,112,Transferencia,140219.35,7,Miércoles,0,1446,116644.59,0
TXN-004296,142,Transferencia,70984.83,7,Domingo,0,1233,41880.73,0
TXN-004064,120,Transferencia,89612.97,7,Jueves,1,1718,82713.04,0
TXN-003862,140,Pago de servicio,24022.92,21,Jueves,0,386,49293.05,0
TXN-004123,137,Transferencia,128905.47,20,Miércoles,1,941,138505.45,0
TXN-004630,4,Retiro,39713.84,14,Sábado,0,1426,79069.42,0
TXN-000061,33,Retiro,127302.32,15,Sábado,1,1600,154644.41,0
TXN-001241,24,Retiro,53457.32,11,Viernes,0,821,70162.88,0
TXN-004638,46,Pago de servicio,239050.14,12,Domingo,0,825,154169.59,0
TXN-001041,5,Pago de servicio,241414.89,13,Sábado,0,1362,276191.27,0
TXN-004188,8,Transferencia,147724.49,8,Viernes,1,489,136769.53,0
TXN-002761,92,Transferencia,246214.89,7,Jueves,0,499,212345.92,0
TXN-002121,124,Retiro,28521.71,15,Viernes,0,1106,30197.51,0
TXN-001525,89,Depósito,75447.02,10,Lunes,1,1557,91355.39,0
TXN-003522,13,Pago de servicio,130401.72,6,Jueves,0,676,107846.33,0
TXN-000154,115,Pago de servicio,114976.15,16,Jueves,0,857,124879.51,0
TXN-002249,19,Transferencia,59246.13,10,Martes,0,595,50732.74,0
TXN-000482,88,Transferencia,82247.6,5,Lunes,0,190,66542.87,0
TXN-004234,19,Retiro,8615.21,10,Lunes,0,595,50424.94,0
TXN-004306,136,Transferencia,87745.82,19,Miércoles,0,1273,96270.38,0
TXN-003579,30,Transferencia,40915.59,12,Martes,0,230,74407.96,0
TXN-004126,13,Transferencia,119601.06,14,Domingo,0,676,89220.71,0
TXN-003563,85,Transferencia,43661.52,19,Lunes,0,943,109905.9,0
TXN-003316,43,Pago de servicio,49058.08,12,Martes,0,1752,55183.97,0
TXN-001763,140,Transferencia,80368.38,18,Jueves,0,386,47323.94,0
TXN-003539,34,Pago de servicio,215173.09,6,Viernes,0,1792,295119.96,0
TXN-004804,147,Retiro,69077.68,15,Domingo,0,881,107918.74,0
TXN-000751,94,Transferencia,88667.23,18,Viernes,0,592,62664.88,0
TXN-003620,28,Transferencia,198382.81,4,Martes,1,408,193294.05,0
TXN-001786,71,Transferencia,212619.2,8,Martes,0,1201,158721.49,0
TXN-004271,84,Transferencia,78634.94,13,Sábado,1,133,104345.98,0
TXN-003384,65,Pago de servicio,49366.65,16,Martes,1,152,60854.52,0
TXN-004349,98,Pago de servicio,467582.28,16,Lunes,0,845,559374.82,0
TXN-000406,105,Pago de servicio,50547.77,12,Viernes,0,1214,59734.58,0
TXN-000758,45,Depósito,92976.74,20,Jueves,0,1042,116746.42,0
TXN-002712,64,Transferencia,22725.55,8,Miércoles,0,1469,68205.74,0
TXN-002671,77,Retiro,128334.55,17,Lunes,0,910,117476.43,0
TXN-003984,115,Retiro,57819.14,17,Domingo,0,857,131769.36,0
TXN-000098,7,Retiro,58668.08,17,Martes,1,306,72401.44,0
TXN-001334,106,Pago de servicio,52258.43,12,Miércoles,0,157,43081.36,0
TXN-004452,16,Retiro,113061.46,16,Jueves,0,1508,72162.04,0
TXN-002792,130,Depósito,158283.31,15,Sábado,0,663,145450.2,0
TXN-002855,92,Transferencia,79598.75,6,Jueves,0,499,175227.48,0
TXN-000187,32,Pago de servicio,190512.7,19,Domingo,0,1781,163733.63,0
TXN-004004,33,Transferencia,183152.79,10,Jueves,0,1600,195465.86,0
TXN-002724,49,Transferencia,98363.43,7,Martes,0,1430,133547.72,0
TXN-003584,39,Pago de servicio,63103.69,15,Sábado,0,1294,38875.04,0
TXN-002059,23,Transferencia,107206.89,18,Jueves,1,367,100933.51,0
TXN-001320,143,Transferencia,324466.91,15,Miércoles,0,1661,230634.42,0
TXN-000149,89,Transferencia,635089.17,9,Jueves,1,1557,103323.54,1
TXN-000029,136,Transferencia,30526.36,17,Lunes,0,1273,127548.36,0
TXN-004141,56,Retiro,114201.09,10,Martes,0,1166,124426.4,0
TXN-004010,53,Transferencia,57035.12,9,Lunes,0,1287,36856.3,0
TXN-003364,1,Transferencia,184826.33,20,Jueves,0,1125,124954.2,0
TXN-000693,144,Depósito,46418.69,4,Miércoles,0,1045,47377.56,0
TXN-002867,79,Pago de servicio,61720.24,15,Martes,0,1286,120146.91,0
TXN-003777,122,Pago de servicio,687561.11,17,Martes,1,867,92298.86,1
TXN-001387,83,Transferencia,40874.41,12,Sábado,0,1473,62334.08,0
TXN-001846,7,Pago de servicio,98008.9,18,Domingo,0,306,65753.71,0
TXN-004731,42,Retiro,107185.97,19,Domingo,0,1708,108273.42,0
TXN-000130,117,Transferencia,239690.5,6,Sábado,1,541,220109.27,0
TXN-001600,47,Transferencia,18940.22,18,Domingo,0,1384,74859.3,0
TXN-003630,126,Retiro,78636.12,10,Miércoles,0,852,87175.46,0
TXN-004504,78,Pago de servicio,203799.82,8,Jueves,0,926,238587.51,0
TXN-000702,66,Pago de servicio,114946.49,6,Jueves,0,796,121735.13,0
TXN-003983,110,Retiro,67778.97,4,Jueves,0,1692,56460.81,0
TXN-003029,84,Retiro,65153.93,9,Viernes,0,133,114959.51,0
TXN-002970,9,Transferencia,110463.68,13,Viernes,0,1529,100617.69,0
TXN-004357,21,Depósito,41901.04,15,Jueves,0,1515,141041.06,0
TXN-001709,88,Retiro,91489.2,9,Miércoles,1,190,64140.93,0
TXN-002954,79,Pago de servicio,159264.11,17,Miércoles,0,1286,117875.62,0
TXN-000455,13,Retiro,65364.44,13,Viernes,0,676,100488.39,0
TXN-002869,10,Retiro,36549.72,19,Domingo,0,1005,67982.29,0
TXN-002041,36,Pago de servicio,95188.21,16,Domingo,1,532,60427.37,0
TXN-001773,112,Transferencia,79198.97,8,Martes,0,1446,101940.95,0
TXN-002316,4,Pago de servicio,62235.39,13,Lunes,0,1426,95527.44,0
TXN-000610,28,Transferencia,213878.51,7,Martes,0,408,189083.8,0
TXN-000168,16,Transferencia,89132.99,20,Sábado,0,1508,72562.91,0
TXN-000731,10,Transferencia,61783.12,18,Jueves,0,1005,71110.77,0
TXN-004249,110,Pago de servicio,61802.54,4,Jueves,0,1692,68598.29,0
TXN-003359,90,Transferencia,7764.57,12,Martes,0,1188,90095.08,0
TXN-002075,52,Pago de servicio,11061.69,11,Miércoles,1,1464,105682.13,0
TXN-004040,125,Transferencia,171053.69,11,Jueves,0,1403,215720.34,0
TXN-003701,142,Transferencia,39708.86,8,Lunes,0,1233,36514.06,0
TXN-001623,49,Pago de servicio,142517.4,7,Jueves,1,1430,171700.72,0
TXN-000588,132,Transferencia,41037.51,14,Miércoles,1,517,73877.37,0
TXN-001402,73,Pago de servicio,77076.01,5,Martes,0,901,56934.89,0
TXN-003046,36,Pago de servicio,105037.82,20,Jueves,0,532,72202.34,0
TXN-003225,84,Pago de servicio,171906.95,9,Martes,0,133,100004.54,0
TXN-001701,56,Transferencia,144938.39,5,Jueves,0,1166,131790.61,0
TXN-003089,83,Retiro,168702.17,3,Martes,0,1473,74200.14,1
TXN-004391,79,Transferencia,66667.05,12,Jueves,0,1286,127380.81,0
TXN-002982,142,Transferencia,45692.63,10,Martes,0,1233,44632.15,0
TXN-000041,119,Pago de servicio,35877.94,14,Domingo,0,883,115109.84,0
TXN-001380,138,Retiro,112843.62,15,Miércoles,0,503,163490.86,0
TXN-002090,44,Pago de servicio,169366.13,10,Miércoles,0,1139,144473.83,0
TXN-002176,93,Transferencia,51915.34,11,Jueves,0,259,57930.59,0
TXN-003218,5,Transferencia,135461.6,14,Lunes,0,1362,272989.13,0
TXN-002886,11,Retiro,85703.54,21,Lunes,0,592,91029.57,0
TXN-000075,145,Transferencia,39926.05,14,Viernes,0,365,51400.16,0
TXN-003910,78,Transferencia,288225.82,10,Sábado,0,926,208823.92,0
TXN-004965,67,Transferencia,118230.5,6,Martes,0,227,100037.46,0
TXN-002658,65,Retiro,46856.7,10,Miércoles,0,152,68994.19,0
TXN-003181,148,Pago de servicio,67451.76,12,Lunes,0,719,80426.37,0
TXN-002077,43,Pago de servicio,71131.81,12,Martes,0,1752,52597.04,0
TXN-000442,107,Retiro,33114.93,11,Domingo,1,599,50083.67,0
TXN-004052,93,Transferencia,1000.0,11,Miércoles,0,259,61127.83,0
TXN-002052,110,Pago de servicio,44513.37,12,Martes,0,1692,60962.43,0
TXN-002542,91,Transferencia,71898.32,18,Miércoles,1,984,57471.74,0
TXN-003307,114,Transferencia,230737.13,12,Miércoles,0,567,236491.89,0
TXN-001302,136,Pago de servicio,92136.99,20,Domingo,0,1273,106899.48,0
TXN-001782,108,Depósito,27492.53,10,Viernes,1,715,34666.83,0
TXN-004815,63,Transferencia,91737.57,16,Sábado,0,759,59547.66,0
TXN-003431,99,Transferencia,47025.42,15,Lunes,0,187,57295.41,0
TXN-001305,111,Pago de servicio,325844.36,5,Lunes,0,1157,206816.28,0
TXN-000237,61,Retiro,33874.63,15,Jueves,0,1789,105867.87,0
TXN-002600,18,Transferencia,118925.89,5,Lunes,0,1615,111412.64,0
TXN-000521,121,Retiro,139531.55,9,Martes,0,1745,95971.53,0
TXN-002574,21,Pago de servicio,216377.99,13,Jueves,0,1515,168824.45,0
TXN-003281,131,Transferencia,101447.27,23,Viernes,0,1171,80157.43,0
TXN-003187,131,Retiro,96702.63,19,Domingo,0,1171,74261.63,0
TXN-002769,39,Retiro,12563.2,8,Miércoles,0,1294,42026.36,0
TXN-000736,92,Transferencia,117846.81,10,Lunes,0,499,163282.65,0
TXN-004704,21,Pago de servicio,145037.16,12,Sábado,0,1515,174683.22,0
TXN-004930,51,Transferencia,179951.29,15,Sábado,0,739,114605.45,0
TXN-002107,43,Retiro,79571.57,10,Lunes,0,1752,57726.56,0
TXN-002680,109,Transferencia,146761.68,11,Viernes,0,1716,103474.9,0
TXN-003230,136,Pago de servicio,160916.86,20,Viernes,0,1273,126192.77,0
TXN-002762,83,Transferencia,79916.5,16,Lunes,0,1473,70326.1,0
TXN-000593,90,Transferencia,52869.18,11,Viernes,0,1188,76806.01,0
TXN-001304,6,Transferencia,152903.99,9,Viernes,1,373,173187.2,0
TXN-001388,20,Pago de servicio,184684.45,18,Miércoles,0,1530,196098.65,0
TXN-004696,95,Pago de servicio,128241.97,5,Domingo,0,1330,129522.37,0
TXN-004527,75,Retiro,152760.07,17,Sábado,0,1664,121600.79,0
TXN-003948,120,Retiro,79172.64,10,Lunes,0,1718,86814.06,0
TXN-001891,36,Retiro,51120.76,14,Martes,0,532,61783.82,0
TXN-002988,7,Transferencia,70927.36,17,Lunes,1,306,75257.09,0
TXN-004925,19,Transferencia,51460.27,14,Jueves,0,595,53094.5,0
TXN-003298,126,Pago de servicio,79404.12,10,Martes,0,852,76819.59,0
TXN-000905,20,Transferencia,268224.32,15,Miércoles,0,1530,183873.42,0
TXN-004610,104,Depósito,74208.86,7,Miércoles,0,1169,93096.68,0
TXN-001280,147,Pago de servicio,108598.37,16,Jueves,0,881,91758.58,0
TXN-000934,45,Retiro,13531.28,22,Lunes,0,1042,104928.46,0
TXN-004900,18,Pago de servicio,119131.71,5,Jueves,0,1615,133116.29,0
TXN-002309,84,Pago de servicio,65897.52,12,Miércoles,0,133,117093.43,0
TXN-001556,76,Pago de servicio,57324.44,11,Viernes,0,173,47357.45,0
TXN-004534,63,Retiro,48627.58,17,Martes,1,759,62297.19,0
TXN-003191,15,Retiro,80695.25,11,Miércoles,0,121,67628.41,0
TXN-004442,117,Transferencia,109771.41,2,Martes,0,541,257953.86,0
TXN-000707,19,Transferencia,41055.1,9,Sábado,0,595,44648.19,0
TXN-004691,79,Pago de servicio,35751.53,15,Lunes,0,1286,132199.52,0
TXN-003071,100,Pago de servicio,117975.69,16,Miércoles,0,1099,149737.44,0
TXN-000746,48,Pago de servicio,193074.32,17,Domingo,0,1401,154423.93,0
TXN-003595,24,Depósito,146997.66,11,Miércoles,0,821,81628.16,0
TXN-001940,119,Depósito,46649.11,8,Sábado,0,883,105676.2,0
TXN-004401,72,Depósito,63914.93,12,Jueves,0,518,52774.04,0
TXN-002863,62,Transferencia,122239.31,1,Jueves,0,414,104573.36,0
TXN-003997,123,Transferencia,102476.12,15,Domingo,0,1022,130963.39,0
TXN-000514,146,Retiro,84964.07,15,Martes,0,287,141826.07,0
TXN-000082,88,Transferencia,81056.21,12,Martes,1,190,53000.21,0
TXN-004977,19,Pago de servicio,28680.63,13,Miércoles,0,595,46370.03,0
TXN-001309,57,Pago de servicio,115837.41,17,Domingo,0,1563,105212.23,0
TXN-004615,69,Transferencia,55616.53,17,Viernes,0,689,57498.77,0
TXN-000915,122,Pago de servicio,1945289.04,16,Domingo,0,867,102947.57,1
TXN-003453,74,Retiro,278452.06,4,Miércoles,1,502,254592.93,0
TXN-003696,48,Pago de servicio,70431.8,15,Viernes,0,1401,136483.47,0
TXN-004805,88,Retiro,100802.3,12,Jueves,1,190,55350.13,0
TXN-003157,56,Depósito,125817.82,9,Martes,0,1166,139182.1,0
TXN-002199,115,Depósito,74579.57,16,Miércoles,1,857,109759.47,0
TXN-004233,4,Depósito,36654.55,15,Sábado,0,1426,90258.06,0
TXN-000775,25,Retiro,63361.46,20,Martes,0,522,44387.51,0
TXN-000330,61,Retiro,98178.0,13,Domingo,0,1789,97296.7,0
TXN-002055,4,Depósito,113436.07,11,Lunes,0,1426,81648.52,0
TXN-002002,31,Transferencia,49328.79,16,Lunes,0,436,45261.86,0
TXN-000944,150,Pago de servicio,95826.91,12,Viernes,0,1666,116265.97,0
TXN-000823,123,Transferencia,127825.77,11,Miércoles,0,1022,124317.23,0
TXN-004528,14,Pago de servicio,66896.22,11,Jueves,0,870,133834.42,0
TXN-000910,48,Depósito,99428.4,17,Lunes,0,1401,143155.78,0
TXN-002517,132,Depósito,81243.92,14,Martes,0,517,66865.33,0
TXN-000182,3,Transferencia,105312.16,17,Sábado,0,1512,80454.66,0
TXN-000165,69,Transferencia,32941.93,17,Miércoles,0,689,49941.54,0
TXN-001524,110,Transferencia,47952.24,9,Miércoles,0,1692,68157.14,0
TXN-000452,102,Depósito,170990.75,13,Domingo,0,1402,145703.49,0
TXN-002539,136,Depósito,757039.3,1,Lunes,0,1273,127459.17,1
TXN-004138,41,Transferencia,122976.98,16,Miércoles,0,260,169916.84,0
TXN-004776,65,Depósito,88281.46,14,Jueves,0,152,54030.38,0
TXN-001312,83,Retiro,104438.94,4,Miércoles,0,1473,61065.12,1
TXN-003150,69,Transferencia,53081.22,16,Lunes,0,689,50679.5,0
TXN-001112,94,Transferencia,31439.76,15,Martes,0,592,57907.33,0
TXN-004548,62,Retiro,119975.33,11,Miércoles,0,414,120087.8,0
TXN-004086,35,Pago de servicio,100935.08,4,Martes,0,1058,135664.2,0
TXN-003490,110,Retiro,57308.47,5,Jueves,0,1692,59857.98,0
TXN-001288,72,Pago de servicio,89910.33,11,Viernes,0,518,62717.72,0
TXN-004178,1,Pago de servicio,114633.19,18,Lunes,0,1125,134713.97,0
TXN-004646,6,Transferencia,171235.53,8,Martes,0,373,142509.44,0
TXN-003681,134,Transferencia,126975.13,11,Lunes,0,819,124654.27,0
TXN-004512,93,Transferencia,29587.18,12,Martes,0,259,55390.28,0
TXN-004169,112,Retiro,105101.65,5,Lunes,0,1446,86595.72,0
TXN-003301,42,Pago de servicio,40226.94,19,Lunes,0,1708,100110.35,0
TXN-003311,51,Depósito,108100.62,9,Jueves,0,739,126913.64,0
TXN-004557,53,Retiro,34564.34,12,Miércoles,1,1287,37571.57,0
TXN-003126,70,Transferencia,90096.28,15,Domingo,0,984,71510.27,0
TXN-000328,128,Pago de servicio,61120.03,14,Jueves,0,1399,83164.57,0
TXN-001791,55,Pago de servicio,88829.02,12,Jueves,0,1286,87861.23,0
TXN-002491,30,Transferencia,52766.72,17,Jueves,0,230,65436.41,0
TXN-002007,14,Transferencia,189228.01,12,Sábado,0,870,108611.55,0
TXN-002008,111,Transferencia,259577.91,6,Martes,0,1157,183829.32,0
TXN-001859,114,Pago de servicio,286315.79,12,Domingo,1,567,246606.73,0
TXN-004686,43,Transferencia,75234.25,11,Lunes,1,1752,63395.4,0
TXN-000313,114,Retiro,250619.19,11,Lunes,0,567,199468.98,0
TXN-000833,57,Transferencia,31145.92,17,Jueves,0,1563,88985.68,0
TXN-003080,90,Transferencia,20805.08,17,Viernes,0,1188,72637.69,0
TXN-004718,8,Retiro,199512.88,7,Viernes,0,489,119493.72,0
TXN-003463,107,Transferencia,40892.0,12,Viernes,0,599,42109.98,0
TXN-001202,64,Pago de servicio,62744.46,11,Lunes,0,1469,66513.33,0
TXN-004392,149,Depósito,47829.49,18,Lunes,0,720,57427.93,0
TXN-003548,111,Transferencia,114522.32,4,Viernes,0,1157,190204.51,0
TXN-004923,128,Retiro,104151.58,12,Sábado,0,1399,71001.16,0
TXN-002135,11,Pago de servicio,24183.84,23,Martes,0,592,84975.99,0
TXN-003452,102,Transferencia,102412.19,13,Viernes,0,1402,169268.8,0
TXN-002210,68,Pago de servicio,137661.36,10,Martes,0,1564,214608.96,0
TXN-001902,85,Depósito,58732.47,16,Martes,0,943,100598.04,0
TXN-001482,58,Transferencia,57050.13,13,Viernes,0,1439,89533.18,0
TXN-000778,13,Transferencia,104821.4,13,Domingo,0,676,94814.94,0
TXN-000800,9,Retiro,110538.3,12,Sábado,0,1529,92568.97,0
TXN-003715,121,Transferencia,680350.46,6,Viernes,1,1745,102090.83,1
TXN-003943,14,Pago de servicio,168138.85,10,Lunes,0,870,111797.48,0
TXN-000055,128,Pago de servicio,24045.1,14,Jueves,0,1399,68204.9,0
TXN-002973,10,Pago de servicio,122975.47,18,Viernes,0,1005,70461.28,0
TXN-003336,150,Retiro,93080.49,19,Viernes,1,1666,110348.71,0
TXN-001921,18,Retiro,143220.06,5,Lunes,0,1615,113033.0,0
TXN-003716,93,Retiro,57908.81,15,Viernes,1,259,53458.04,0
TXN-004647,49,Pago de servicio,122999.39,9,Miércoles,0,1430,163175.39,0
TXN-000947,142,Transferencia,33610.14,8,Lunes,0,1233,44660.42,0
TXN-001702,147,Retiro,83855.15,14,Viernes,0,881,90487.63,0
TXN-003294,108,Retiro,23015.31,10,Jueves,0,715,34511.49,0
TXN-002162,15,Retiro,59839.64,13,Sábado,1,121,73032.45,0
TXN-001137,145,Transferencia,71996.88,14,Lunes,0,365,56805.26,0
TXN-000988,126,Depósito,82499.37,7,Miércoles,0,852,85438.2,0
TXN-002550,66,Pago de servicio,137714.37,7,Viernes,0,796,110005.14,0
TXN-000194,136,Pago de servicio,95367.94,15,Lunes,1,1273,129637.27,0
TXN-003058,24,Transferencia,82848.96,11,Martes,0,821,83768.63,0
TXN-003247,138,Transferencia,276633.03,14,Sábado,0,503,144412.95,0
TXN-001395,81,Pago de servicio,132944.65,14,Sábado,0,83,153152.58,0
TXN-002638,85,Pago de servicio,142294.66,19,Viernes,0,943,119258.56,0
TXN-000769,83,Retiro,39144.68,15,Miércoles,1,1473,66843.3,0
TXN-004703,10,Transferencia,71345.13,18,Viernes,1,1005,72084.52,0
TXN-003091,130,Pago de servicio,73767.05,14,Viernes,0,663,158405.71,0
TXN-003496,31,Transferencia,52717.38,13,Viernes,0,436,36596.37,0
TXN-003216,109,Transferencia,73043.26,8,Martes,1,1716,110974.22,0
TXN-000286,103,Pago de servicio,115516.72,8,Lunes,0,729,141264.6,0
TXN-004939,94,Retiro,37343.91,17,Viernes,0,592,60346.04,0
TXN-000429,79,Transferencia,34239.87,19,Sábado,0,1286,119789.66,0
TXN-004449,12,Depósito,116182.05,21,Martes,0,1620,89267.15,0
TXN-002333,133,Pago de servicio,60396.64,17,Miércoles,0,733,106463.09,0
TXN-002718,36,Depósito,68092.99,14,Martes,0,532,71721.31,0
TXN-002080,112,Depósito,94776.52,6,Martes,0,1446,93982.58,0
TXN-003390,58,Pago de servicio,73838.39,11,Domingo,1,1439,87312.37,0
TXN-000723,83,Transferencia,49473.89,16,Viernes,0,1473,59901.12,0
TXN-000952,96,Retiro,274704.16,18,Lunes,0,1662,158267.36,0
TXN-004384,59,Retiro,59297.55,11,Sábado,0,1134,60424.48,0
TXN-004367,66,Transferencia,108568.27,9,Jueves,1,796,121904.56,0
TXN-002263,33,Transferencia,127598.59,13,Domingo,0,1600,148801.29,0
TXN-000990,111,Transferencia,282818.85,6,Domingo,0,1157,198354.95,0
TXN-003213,21,Transferencia,101688.75,14,Martes,0,1515,135230.42,0
TXN-001760,76,Transferencia,35479.39,15,Domingo,0,173,39354.91,0
TXN-004580,10,Transferencia,79109.92,18,Lunes,0,1005,72724.71,0
TXN-000327,122,Retiro,25099.12,16,Domingo,0,867,97830.21,0
TXN-002609,116,Pago de servicio,172338.82,15,Sábado,0,932,123996.79,0
TXN-001384,147,Transferencia,71681.16,19,Martes,0,881,114284.82,0
TXN-001725,149,Transferencia,50768.33,18,Viernes,0,720,54463.93,0
TXN-001087,97,Retiro,124981.06,8,Martes,1,1049,80084.98,0
TXN-002524,3,Transferencia,99394.76,15,Jueves,0,1512,94080.12,0
TXN-000342,136,Pago de servicio,91975.81,22,Martes,1,1273,124961.7,0
TXN-003702,13,Pago de servicio,85080.65,11,Martes,0,676,83125.52,0
TXN-000148,66,Pago de servicio,89824.47,7,Jueves,0,796,93631.75,0
TXN-000689,9,Pago de servicio,82996.77,20,Jueves,0,1529,95526.57,0
TXN-003433,63,Depósito,47381.41,20,Miércoles,0,759,72389.17,0
TXN-001108,7,Transferencia,89179.16,15,Domingo,0,306,83925.93,0
TXN-000849,136,Transferencia,25238.66,16,Lunes,0,1273,129172.58,0
TXN-000967,121,Depósito,54693.14,4,Lunes,0,1745,112444.95,0
TXN-004728,119,Depósito,113938.63,15,Martes,0,883,110434.85,0
TXN-001493,54,Depósito,69398.98,19,Jueves,0,693,72235.54,0
TXN-003954,143,Transferencia,304543.22,12,Domingo,0,1661,246990.91,0
TXN-002204,110,Transferencia,67768.74,11,Viernes,1,1692,61044.93,0
TXN-002714,96,Pago de servicio,224494.96,18,Jueves,0,1662,165120.06,0
TXN-000662,88,Transferencia,61081.96,6,Martes,1,190,63399.68,0
TXN-001003,88,Transferencia,33570.31,10,Miércoles,0,190,52013.09,0
TXN-000063,79,Retiro,1046492.06,15,Domingo,0,1286,122232.67,1
TXN-000285,93,Depósito,46287.96,13,Martes,1,259,49957.42,0
TXN-002225,61,Depósito,112508.65,12,Viernes,1,1789,83315.72,0
TXN-004707,71,Retiro,187723.44,9,Martes,0,1201,137234.17,0
TXN-001880,15,Pago de servicio,99944.98,6,Miércoles,0,121,64487.83,0
TXN-003573,146,Retiro,89010.4,9,Lunes,1,287,127025.21,0
TXN-004858,125,Transferencia,86149.76,10,Viernes,0,1403,219879.32,0
TXN-001204,45,Pago de servicio,110458.28,17,Lunes,0,1042,125424.92,0
TXN-001991,129,Pago de servicio,71598.73,12,Lunes,0,1694,130194.16,0
TXN-000025,131,Depósito,850362.31,20,Miércoles,0,1171,79150.41,1
TXN-004853,85,Transferencia,129665.79,18,Domingo,0,943,104836.44,0
TXN-004103,150,Pago de servicio,101772.43,16,Sábado,0,1666,118732.32,0
TXN-004168,37,Pago de servicio,65554.19,15,Sábado,0,236,94447.93,0
TXN-000763,138,Transferencia,156861.56,18,Miércoles,0,503,154456.66,0
TXN-000876,80,Depósito,193127.31,12,Domingo,0,1712,179907.78,0
TXN-004743,58,Retiro,125519.4,10,Miércoles,0,1439,89825.78,0
TXN-000939,46,Pago de servicio,3356018.93,14,Lunes,0,825,191007.57,1
TXN-002688,49,Transferencia,209207.65,5,Viernes,0,1430,154281.11,0
TXN-003601,103,Retiro,159287.7,9,Viernes,0,729,134512.97,0
TXN-002395,48,Retiro,1000.0,18,Viernes,0,1401,126364.44,0
TXN-004568,94,Transferencia,73291.13,21,Sábado,0,592,56876.19,0
TXN-004981,79,Pago de servicio,97900.45,15,Miércoles,0,1286,119648.9,0
TXN-004125,120,Transferencia,63839.17,9,Martes,0,1718,81919.31,0
TXN-004565,15,Retiro,78550.15,10,Miércoles,0,121,64240.03,0
TXN-000386,127,Transferencia,62022.61,8,Sábado,0,1657,85867.31,0
TXN-003878,11,Transferencia,63066.42,20,Viernes,0,592,77030.5,0
TXN-004371,11,Pago de servicio,56975.85,20,Sábado,0,592,74299.01,0
TXN-004570,77,Pago de servicio,135220.89,14,Lunes,0,910,114179.92,0
TXN-000537,103,Transferencia,205005.21,6,Martes,0,729,125199.41,0
TXN-002292,33,Retiro,262931.57,17,Miércoles,0,1600,180067.47,0
TXN-004666,82,Transferencia,161736.88,14,Domingo,0,1726,126964.16,0
TXN-003875,84,Transferencia,114285.62,8,Miércoles,1,133,100423.8,0
TXN-000937,60,Pago de servicio,100201.03,19,Martes,0,142,113675.61,0
TXN-003738,14,Depósito,201473.71,10,Lunes,0,870,118204.46,0
TXN-004729,107,Transferencia,46337.54,11,Viernes,0,599,45735.61,0
TXN-002361,55,Transferencia,88171.22,15,Martes,0,1286,77759.43,0
TXN-003508,135,Pago de servicio,1000.0,13,Sábado,0,726,47806.77,0
TXN-000202,1,Depósito,110768.33,14,Jueves,0,1125,144204.85,0
TXN-003209,11,Pago de servicio,102656.97,19,Viernes,0,592,89778.04,0
TXN-001333,96,Pago de servicio,118504.73,22,Jueves,0,1662,164508.99,0
TXN-003017,23,Pago de servicio,156870.75,19,Miércoles,0,367,95729.37,0
TXN-003503,130,Pago de servicio,138622.61,15,Miércoles,1,663,184305.81,0
TXN-002709,120,Retiro,107111.92,9,Sábado,0,1718,87120.8,0
TXN-004022,36,Pago de servicio,76417.96,13,Sábado,0,532,68643.77,0
TXN-001855,142,Pago de servicio,43670.05,5,Domingo,1,1233,36572.36,0
TXN-004470,134,Retiro,150280.63,11,Lunes,1,819,131161.55,0
TXN-002873,83,Retiro,24841.76,16,Jueves,0,1473,58761.99,0
TXN-003031,13,Transferencia,70156.52,10,Miércoles,0,676,86862.43,0
TXN-001206,127,Transferencia,49698.22,9,Martes,0,1657,83201.89,0
TXN-001646,40,Transferencia,76351.48,8,Lunes,0,1050,85869.52,0
TXN-003418,144,Pago de servicio,41001.21,1,Miércoles,0,1045,47424.87,0
TXN-003477,65,Retiro,17561.84,11,Jueves,1,152,54753.05,0
TXN-002862,24,Transferencia,49476.18,10,Lunes,0,821,75273.41,0
TXN-001793,26,Depósito,62185.46,15,Martes,0,1210,64285.57,0
TXN-003798,10,Retiro,100553.4,18,Lunes,1,1005,84687.7,0
TXN-003369,144,Retiro,63222.69,7,Lunes,0,1045,36008.1,0
TXN-003368,84,Pago de servicio,154743.13,10,Lunes,0,133,123788.48,0
TXN-003534,12,Pago de servicio,39529.08,15,Viernes,0,1620,81461.66,0
TXN-003450,91,Transferencia,16604.57,19,Lunes,1,984,50015.93,0
TXN-000604,125,Retiro,180940.49,11,Jueves,0,1403,211136.77,0
TXN-003057,89,Transferencia,593190.67,10,Miércoles,1,1557,89859.08,1
TXN-004532,51,Transferencia,204323.13,13,Sábado,1,739,111136.97,0
TXN-000127,82,Transferencia,126430.91,13,Viernes,0,1726,127217.31,0
TXN-003877,48,Transferencia,112833.58,13,Sábado,0,1401,120425.41,0
TXN-002936,130,Pago de servicio,132811.82,16,Viernes,0,663,161924.9,0
TXN-003532,4,Retiro,89128.95,10,Lunes,0,1426,87680.35,0
TXN-002731,49,Transferencia,177226.49,5,Domingo,0,1430,172827.53,0
TXN-000828,130,Retiro,135569.89,15,Lunes,0,663,161544.65,0
TXN-001640,94,Retiro,53204.26,15,Jueves,0,592,61328.33,0
TXN-000985,82,Retiro,108482.83,12,Martes,0,1726,122569.01,0
TXN-003282,137,Transferencia,46508.2,16,Lunes,1,941,119435.21,0
TXN-004972,113,Transferencia,71632.64,17,Lunes,0,1735,49687.72,0
TXN-002189,55,Pago de servicio,66225.86,11,Viernes,1,1286,89131.64,0
TXN-004613,5,Pago de servicio,274105.78,16,Viernes,1,1362,232436.36,0
TXN-002444,142,Pago de servicio,37010.6,5,Jueves,0,1233,45188.87,0
TXN-000363,146,Transferencia,166263.73,13,Miércoles,0,287,131189.95,0
TXN-002350,115,Retiro,175558.54,19,Lunes,0,857,132515.37,0
TXN-000346,33,Pago de servicio,134970.66,11,Jueves,0,1600,162873.33,0
TXN-000815,49,Pago de servicio,146970.71,4,Lunes,0,1430,150438.91,0
TXN-003206,117,Transferencia,171244.9,6,Domingo,0,541,241518.19,0
TXN-004161,106,Transferencia,4099.23,6,Viernes,0,157,42988.51,0
TXN-004796,38,Depósito,280136.55,14,Miércoles,0,1607,245433.39,0
TXN-003326,137,Depósito,122212.44,21,Domingo,0,941,138568.66,0
TXN-004107,38,Retiro,304849.38,15,Domingo,0,1607,289742.3,0
TXN-002117,137,Depósito,129318.6,18,Viernes,1,941,115744.26,0
TXN-001835,119,Pago de servicio,129517.04,12,Lunes,0,883,91800.93,0
TXN-000794,76,Transferencia,55765.87,12,Viernes,0,173,36864.06,0
TXN-004947,94,Pago de servicio,32103.08,18,Miércoles,0,592,54606.07,0
TXN-002675,121,Retiro,113543.02,6,Viernes,0,1745,104450.95,0
TXN-000095,24,Pago de servicio,96887.2,9,Viernes,0,821,91443.35,0
TXN-003757,140,Transferencia,62099.33,23,Viernes,0,386,54292.39,0
TXN-002892,145,Transferencia,31599.96,13,Jueves,0,365,46611.56,0
TXN-002372,74,Transferencia,183906.57,8,Domingo,0,502,244572.07,0
TXN-004150,37,Pago de servicio,152451.01,18,Miércoles,0,236,89258.62,0
TXN-004433,16,Transferencia,114998.79,15,Martes,0,1508,86207.19,0
TXN-003229,23,Pago de servicio,81441.98,21,Domingo,0,367,96625.34,0
TXN-002854,78,Transferencia,244131.98,7,Miércoles,0,926,206095.56,0
TXN-002913,21,Depósito,137036.79,15,Viernes,0,1515,167149.25,0
TXN-001866,117,Retiro,349955.18,4,Domingo,0,541,250655.06,0
TXN-001858,11,Pago de servicio,72995.33,19,Lunes,0,592,88977.52,0
TXN-002646,79,Transferencia,155772.51,14,Miércoles,0,1286,132517.67,0
TXN-002244,91,Pago de servicio,15398.57,18,Lunes,1,984,50814.59,0
TXN-002337,64,Transferencia,58755.09,14,Lunes,0,1469,66104.66,0
TXN-000951,61,Transferencia,126714.95,16,Jueves,0,1789,86219.83,0
TXN-003069,38,Transferencia,268185.66,15,Martes,0,1607,288690.8,0
TXN-001121,31,Pago de servicio,61192.69,12,Miércoles,0,436,43940.21,0
TXN-002598,88,Transferencia,49597.49,10,Miércoles,1,190,66621.56,0
TXN-002205,144,Transferencia,53490.93,8,Martes,0,1045,42345.89,0
TXN-000420,69,Transferencia,59669.57,19,Lunes,0,689,54297.11,0
TXN-000923,149,Pago de servicio,60296.0,18,Jueves,0,720,55863.52,0
TXN-001255,41,Retiro,261621.76,15,Viernes,0,260,152224.0,0
TXN-000478,60,Retiro,180847.67,13,Sábado,0,142,112956.24,0
TXN-002036,65,Pago de servicio,32432.11,19,Sábado,0,152,62907.54,0
TXN-001203,13,Pago de servicio,96055.26,11,Domingo,0,676,105553.78,0
TXN-002627,115,Pago de servicio,88109.41,18,Martes,0,857,104422.78,0
TXN-004819,52,Retiro,117624.06,14,Sábado,0,1464,112315.14,0
TXN-001971,29,Transferencia,92150.81,15,Sábado,0,1081,88669.42,0
TXN-003111,61,Transferencia,169870.76,11,Miércoles,0,1789,101257.29,0
TXN-004019,52,Depósito,119511.91,11,Lunes,0,1464,124575.35,0
TXN-002152,71,Pago de servicio,134439.11,8,Lunes,0,1201,152069.77,0
TXN-003688,102,Pago de servicio,162668.62,13,Jueves,0,1402,169509.87,0
TXN-001998,88,Retiro,38841.38,10,Lunes,0,190,65623.63,0
TXN-004034,40,Transferencia,78159.6,9,Martes,0,1050,81211.63,0
TXN-003055,76,Pago de servicio,58256.33,11,Martes,1,173,41056.14,0
TXN-001249,116,Depósito,68630.98,15,Jueves,0,932,109471.34,0
TXN-002193,82,Transferencia,55723.31,10,Martes,1,1726,106839.13,0
TXN-002713,134,Retiro,127893.61,13,Viernes,0,819,130515.56,0
TXN-000993,45,Transferencia,190978.19,21,Viernes,0,1042,132923.63,0
TXN-002191,61,Transferencia,43580.25,12,Jueves,1,1789,91120.25,0
TXN-003763,132,Depósito,95204.19,16,Domingo,0,517,74235.71,0
TXN-003598,149,Transferencia,776205.41,19,Lunes,0,720,49800.87,1
TXN-001319,82,Retiro,116238.33,10,Sábado,0,1726,120374.82,0
TXN-001864,129,Transferencia,82106.65,9,Sábado,0,1694,130297.92,0
TXN-002344,15,Retiro,50750.6,6,Miércoles,0,121,72211.56,0
TXN-002450,149,Pago de servicio,75582.81,20,Viernes,1,720,55122.97,0
TXN-002137,66,Transferencia,94523.66,6,Sábado,1,796,108884.9,0
TXN-001066,38,Retiro,337287.05,15,Sábado,0,1607,217587.98,0
TXN-004961,141,Retiro,261908.03,13,Jueves,0,1153,244996.02,0
TXN-002622,83,Transferencia,99268.56,14,Viernes,0,1473,68970.4,0
TXN-000078,7,Transferencia,69160.78,23,Jueves,0,306,67088.43,0
TXN-002899,20,Transferencia,206175.6,16,Miércoles,0,1530,171636.49,0
TXN-001315,145,Transferencia,51068.27,12,Jueves,0,365,58979.57,0
TXN-004373,137,Retiro,144746.16,18,Viernes,0,941,141815.95,0
TXN-000873,85,Depósito,117765.55,15,Lunes,1,943,116929.44,0
TXN-003851,19,Depósito,46029.15,14,Sábado,0,595,48228.74,0
TXN-004788,69,Transferencia,47765.33,16,Viernes,0,689,56724.9,0
TXN-002966,66,Depósito,84449.03,8,Sábado,1,796,108368.08,0
TXN-003392,84,Depósito,131020.08,9,Lunes,0,133,97974.26,0
TXN-002561,17,Transferencia,114194.29,6,Martes,1,235,168850.93,0
TXN-004897,39,Transferencia,40599.52,11,Lunes,1,1294,38469.8,0
TXN-002636,14,Retiro,114076.09,12,Lunes,0,870,138306.47,0
TXN-003531,59,Pago de servicio,31300.7,14,Domingo,0,1134,65967.44,0
TXN-000376,114,Pago de servicio,102953.67,10,Lunes,0,567,230507.49,0
TXN-001909,67,Pago de servicio,34471.54,6,Martes,0,227,85523.26,0
TXN-004333,136,Transferencia,109177.2,18,Lunes,0,1273,106571.86,0
TXN-004380,77,Transferencia,85738.13,21,Lunes,1,910,104637.65,0
TXN-004028,50,Pago de servicio,90173.14,13,Viernes,0,662,76063.27,0
TXN-001605,35,Retiro,108013.93,6,Sábado,0,1058,107895.72,0
TXN-001119,15,Transferencia,37303.6,10,Martes,0,121,78175.38,0
TXN-003678,126,Transferencia,101579.31,6,Martes,0,852,96564.93,0
TXN-003491,47,Transferencia,64287.41,19,Sábado,0,1384,78967.77,0
TXN-004865,82,Depósito,214181.19,13,Lunes,0,1726,121087.18,0
TXN-002959,136,Transferencia,180436.11,18,Lunes,0,1273,127945.32,0
TXN-001995,51,Transferencia,114951.55,14,Lunes,0,739,130151.37,0
TXN-004956,144,Retiro,54069.32,3,Viernes,1,1045,46935.31,0
TXN-004356,82,Transferencia,97786.78,15,Domingo,0,1726,103568.2,0
TXN-002377,57,Transferencia,76428.39,21,Jueves,0,1563,96209.03,0
TXN-001343,132,Transferencia,13630.27,16,Lunes,0,517,74977.7,0
TXN-000321,136,Transferencia,116731.47,19,Sábado,0,1273,107689.07,0
TXN-001620,88,Transferencia,57064.21,12,Domingo,0,190,60669.58,0
TXN-003714,23,Pago de servicio,21395.5,20,Martes,0,367,92330.14,0
TXN-002061,115,Transferencia,128021.2,22,Martes,0,857,128604.69,0
TXN-002220,73,Pago de servicio,34053.55,4,Martes,1,901,49574.29,0
TXN-001674,28,Depósito,190003.72,8,Miércoles,0,408,144085.87,0
TXN-000261,10,Transferencia,95996.46,16,Viernes,0,1005,72934.53,0
TXN-004418,3,Transferencia,59943.64,15,Viernes,0,1512,82871.07,0
TXN-002040,63,Retiro,44018.4,15,Sábado,0,759,59759.77,0
TXN-000902,83,Transferencia,88382.07,18,Jueves,0,1473,64476.7,0
TXN-003745,70,Depósito,75891.03,19,Lunes,0,984,61517.5,0
TXN-002027,55,Pago de servicio,85762.42,11,Domingo,0,1286,88826.76,0
TXN-001918,14,Transferencia,119669.84,9,Martes,0,870,113797.8,0
TXN-001829,65,Retiro,22998.32,11,Jueves,0,152,53620.49,0
TXN-001574,146,Depósito,105972.7,10,Domingo,0,287,123127.95,0
TXN-004395,136,Retiro,84503.82,15,Domingo,0,1273,105858.29,0
TXN-004209,29,Pago de servicio,88229.9,16,Sábado,0,1081,80077.25,0
TXN-000225,132,Transferencia,86929.29,15,Martes,0,517,64913.84,0
TXN-000724,55,Depósito,107179.3,11,Domingo,0,1286,93986.14,0
TXN-004486,71,Retiro,143154.54,13,Miércoles,0,1201,155936.35,0
TXN-001142,128,Transferencia,36218.13,12,Domingo,0,1399,76590.14,0
TXN-002763,83,Transferencia,39703.75,18,Jueves,0,1473,73197.83,0
TXN-000847,111,Retiro,143259.45,8,Sábado,0,1157,189824.23,0
TXN-002552,15,Pago de servicio,79074.14,8,Jueves,0,121,62996.02,0
TXN-002929,62,Depósito,864711.04,7,Lunes,0,414,105847.07,1
TXN-000118,32,Transferencia,150395.7,18,Sábado,0,1781,192015.66,0
TXN-000646,4,Pago de servicio,46818.86,16,Miércoles,1,1426,88314.25,0
TXN-000004,139,Transferencia,12491.38,6,Lunes,0,1307,15547.93,0
TXN-004171,56,Depósito,126124.4,11,Sábado,0,1166,109909.88,0
TXN-000468,142,Transferencia,46994.86,9,Miércoles,0,1233,45778.12,0
TXN-000006,68,Pago de servicio,126796.57,14,Viernes,0,1564,255274.63,0
TXN-000920,52,Pago de servicio,39284.46,16,Martes,0,1464,116426.06,0
TXN-002596,110,Retiro,85093.38,9,Viernes,0,1692,69318.7,0
TXN-001064,24,Transferencia,48744.91,11,Viernes,1,821,78640.96,0
TXN-002591,147,Pago de servicio,95345.73,17,Lunes,0,881,105051.56,0
TXN-000243,138,Depósito,101131.04,16,Martes,0,503,151470.06,0
TXN-001161,40,Transferencia,105580.01,7,Lunes,0,1050,94341.41,0
TXN-002871,139,Transferencia,20674.1,4,Viernes,0,1307,16005.92,0
TXN-003736,6,Transferencia,270890.91,10,Viernes,0,373,143610.16,0
TXN-002398,86,Transferencia,37287.37,23,Miércoles,1,367,58131.07,0
TXN-003518,83,Retiro,73635.06,14,Martes,1,1473,59009.4,0
TXN-003422,149,Depósito,42262.92,14,Miércoles,0,720,57040.17,0
TXN-002564,10,Retiro,37373.57,15,Viernes,0,1005,68483.98,0
TXN-001606,139,Retiro,10735.23,10,Jueves,0,1307,12032.88,0
TXN-004829,96,Transferencia,169459.16,22,Lunes,0,1662,160330.5,0
TXN-002325,145,Depósito,44061.01,12,Jueves,1,365,53810.28,0
TXN-002710,104,Transferencia,69020.65,5,Martes,0,1169,84719.78,0
TXN-004399,34,Retiro,388519.82,7,Lunes,0,1792,268615.22,0
TXN-001313,105,Transferencia,85016.51,13,Miércoles,0,1214,53685.9,0
TXN-003449,33,Retiro,149315.73,13,Domingo,0,1600,168414.48,0
TXN-003813,71,Transferencia,185656.74,10,Lunes,0,1201,153722.99,0
TXN-004656,74,Transferencia,264319.9,6,Miércoles,0,502,245420.46,0
TXN-002363,6,Transferencia,164404.2,12,Jueves,0,373,166582.84,0
TXN-001976,134,Retiro,110270.82,13,Lunes,1,819,140154.94,0
TXN-003515,18,Pago de servicio,105156.88,4,Miércoles,0,1615,110636.77,0
TXN-001762,129,Transferencia,133623.53,12,Miércoles,0,1694,115236.57,0
TXN-002740,70,Pago de servicio,99534.57,17,Martes,0,984,61763.94,0
TXN-004845,110,Retiro,50244.95,5,Jueves,0,1692,52986.66,0
TXN-002473,97,Pago de servicio,102331.13,9,Sábado,0,1049,82899.84,0
TXN-004008,122,Depósito,478261.03,2,Miércoles,0,867,98844.38,1
TXN-001494,114,Depósito,222241.09,12,Viernes,0,567,236656.91,0
TXN-004207,126,Transferencia,107820.37,12,Jueves,0,852,103376.99,0
TXN-002159,82,Transferencia,151158.29,13,Martes,0,1726,105266.37,0
TXN-001170,74,Transferencia,160077.87,4,Domingo,1,502,254203.82,0
TXN-004517,32,Pago de servicio,131408.92,18,Sábado,1,1781,207882.96,0
TXN-000233,95,Transferencia,103350.0,10,Lunes,0,1330,117063.12,0
TXN-000067,58,Transferencia,125294.28,11,Martes,1,1439,86338.83,0
TXN-001604,18,Depósito,107559.34,6,Miércoles,0,1615,108593.35,0
TXN-003284,8,Retiro,101986.47,8,Jueves,0,489,140031.61,0
TXN-003597,109,Pago de servicio,121951.37,14,Jueves,0,1716,106216.47,0
TXN-000126,142,Depósito,24820.89,7,Sábado,1,1233,45259.42,0
TXN-001297,64,Transferencia,26889.85,12,Martes,0,1469,79073.42,0
TXN-001977,126,Pago de servicio,114714.43,8,Domingo,0,852,100147.47,0
TXN-004518,8,Transferencia,47516.98,8,Viernes,0,489,119231.02,0
TXN-004482,133,Retiro,95611.76,19,Sábado,0,733,103234.71,0
TXN-002076,112,Pago de servicio,102433.45,7,Viernes,0,1446,115517.41,0
TXN-003087,38,Pago de servicio,252443.31,16,Lunes,0,1607,229469.1,0
TXN-004346,81,Retiro,94152.41,13,Jueves,0,83,149109.15,0
TXN-003346,12,Depósito,118320.69,21,Sábado,0,1620,85065.91,0
TXN-004465,125,Retiro,114441.54,10,Jueves,0,1403,189860.33,0
TXN-002798,103,Depósito,114693.79,9,Martes,1,729,126576.82,0
TXN-000919,146,Retiro,207009.32,13,Martes,0,287,136426.19,0
TXN-001647,88,Transferencia,71907.76,7,Sábado,0,190,59184.72,0
TXN-000365,57,Transferencia,110871.17,19,Miércoles,0,1563,99305.12,0
TXN-003288,28,Transferencia,259204.49,4,Lunes,0,408,155479.45,0
TXN-002126,113,Transferencia,32022.17,18,Sábado,1,1735,47876.49,0
TXN-004124,118,Pago de servicio,197474.2,19,Viernes,0,429,112869.32,0
TXN-000526,37,Retiro,103318.87,17,Domingo,0,236,92169.92,0
TXN-000056,29,Transferencia,105784.57,10,Miércoles,0,1081,79796.46,0
TXN-000639,111,Transferencia,146185.33,8,Viernes,0,1157,167475.54,0
TXN-000303,69,Pago de servicio,15388.73,19,Viernes,0,689,51089.82,0
TXN-002767,101,Pago de servicio,83350.54,16,Jueves,0,1090,79905.42,0
TXN-001277,109,Depósito,40352.63,10,Martes,0,1716,112207.42,0
TXN-002056,63,Pago de servicio,101617.83,19,Martes,0,759,64964.32,0
TXN-003645,77,Transferencia,136220.46,18,Viernes,0,910,117550.05,0
TXN-004144,92,Retiro,13503.0,3,Miércoles,0,499,203287.31,0
TXN-002879,113,Transferencia,73315.58,19,Martes,0,1735,57672.03,0
TXN-004203,73,Retiro,490051.81,9,Lunes,1,901,62333.92,1
TXN-002287,94,Transferencia,31321.63,18,Viernes,1,592,63959.39,0
TXN-002262,107,Transferencia,54362.4,11,Sábado,0,599,39143.86,0
TXN-002297,127,Depósito,96343.42,7,Viernes,0,1657,85910.91,0
TXN-001754,30,Transferencia,104798.18,11,Martes,0,230,71646.72,0
TXN-001969,55,Depósito,20254.56,13,Jueves,0,1286,95003.18,0
TXN-004352,130,Transferencia,181193.71,18,Domingo,0,663,172535.43,0
TXN-003118,33,Depósito,190030.97,10,Viernes,0,1600,186719.59,0
TXN-002394,64,Transferencia,112389.38,12,Miércoles,0,1469,85166.89,0
TXN-000524,54,Transferencia,55323.68,18,Viernes,0,693,67438.8,0
TXN-003901,145,Transferencia,101256.94,12,Martes,0,365,62462.34,0
TXN-003123,46,Pago de servicio,128994.04,10,Jueves,0,825,151892.1,0
TXN-004157,107,Transferencia,45165.6,13,Domingo,0,599,39534.54,0
TXN-001970,56,Transferencia,108359.15,12,Martes,0,1166,113160.4,0
TXN-000672,107,Transferencia,37780.76,15,Viernes,0,599,43314.83,0
TXN-004189,96,Transferencia,157273.32,20,Viernes,0,1662,146695.17,0
TXN-000667,136,Depósito,82338.06,15,Miércoles,0,1273,106276.42,0
TXN-004339,43,Retiro,75026.35,12,Domingo,0,1752,63790.66,0
TXN-001888,40,Transferencia,87427.96,9,Sábado,0,1050,82407.9,0
TXN-003267,148,Pago de servicio,66166.9,10,Viernes,0,719,79190.59,0
TXN-000281,54,Retiro,31587.93,17,Domingo,0,693,83972.22,0
TXN-001720,94,Pago de servicio,82234.17,20,Lunes,0,592,60847.11,0
TXN-002948,104,Transferencia,87990.79,8,Miércoles,0,1169,104006.32,0
TXN-000900,125,Pago de servicio,184704.54,7,Martes,0,1403,178729.27,0
TXN-004851,7,Transferencia,80130.34,17,Domingo,0,306,76976.75,0
TXN-000761,35,Retiro,191308.02,5,Lunes,0,1058,114236.24,0
TXN-001907,5,Depósito,169821.34,11,Martes,0,1362,251142.96,0
TXN-004043,29,Transferencia,72456.0,12,Lunes,0,1081,98672.77,0
TXN-003824,108,Pago de servicio,14757.23,8,Domingo,0,715,42306.54,0
TXN-004139,68,Pago de servicio,317743.08,15,Miércoles,1,1564,218642.91,0
TXN-003819,101,Transferencia,147629.08,17,Miércoles,0,1090,77827.39,0
TXN-004301,116,Pago de servicio,97865.28,16,Sábado,0,932,101571.26,0
TXN-002594,143,Pago de servicio,186635.31,16,Miércoles,1,1661,267562.44,0
TXN-004165,3,Transferencia,51179.1,16,Miércoles,1,1512,86132.86,0
TXN-003032,84,Transferencia,989176.08,11,Miércoles,0,133,122391.62,1
TXN-003580,72,Pago de servicio,52205.88,11,Domingo,0,518,55287.76,0
TXN-002833,126,Pago de servicio,105304.34,11,Domingo,0,852,100746.63,0
TXN-003473,116,Retiro,67215.42,15,Miércoles,1,932,101597.48,0
TXN-000138,56,Pago de servicio,137031.26,8,Miércoles,0,1166,117897.61,0
TXN-002181,79,Transferencia,145784.26,16,Domingo,0,1286,108067.55,0
TXN-002129,110,Retiro,70447.46,7,Viernes,0,1692,57827.6,0
TXN-003178,131,Transferencia,90735.01,18,Viernes,0,1171,73923.07,0
TXN-004368,63,Pago de servicio,72692.51,19,Lunes,0,759,72868.85,0
TXN-004262,119,Depósito,53458.16,12,Viernes,0,883,92480.0,0
TXN-004345,13,Pago de servicio,1346646.35,7,Jueves,0,676,107357.3,1
TXN-001332,39,Transferencia,51733.27,11,Lunes,1,1294,39208.55,0
TXN-002018,26,Transferencia,52881.17,17,Domingo,0,1210,50065.99,0
TXN-002483,146,Transferencia,144791.63,14,Martes,0,287,144184.66,0
TXN-001359,53,Pago de servicio,35407.83,10,Jueves,0,1287,42016.39,0
TXN-001330,111,Retiro,236467.48,5,Lunes,0,1157,181647.61,0
TXN-002151,39,Transferencia,16624.68,13,Miércoles,1,1294,37281.08,0
TXN-002123,141,Transferencia,397098.77,12,Jueves,1,1153,268021.09,0
TXN-003982,148,Retiro,61716.8,13,Jueves,0,719,83863.41,0
TXN-001253,137,Transferencia,159059.35,18,Jueves,1,941,131975.17,0
TXN-003279,48,Transferencia,124449.83,17,Domingo,0,1401,118765.14,0
TXN-003375,35,Transferencia,28534.71,5,Lunes,0,1058,105593.6,0
TXN-002815,55,Pago de servicio,90630.78,14,Jueves,0,1286,100788.91,0
TXN-001849,33,Pago de servicio,231276.88,13,Viernes,1,1600,193814.75,0
TXN-003038,21,Pago de servicio,138879.44,11,Viernes,0,1515,133643.38,0
TXN-000389,79,Pago de servicio,76308.84,15,Jueves,1,1286,101037.73,0
TXN-000236,122,Transferencia,118453.59,13,Domingo,0,867,99284.45,0
TXN-001078,23,Pago de servicio,86759.3,18,Lunes,0,367,86733.5,0
TXN-001985,58,Retiro,94481.03,9,Jueves,0,1439,96473.02,0
TXN-004364,34,Transferencia,313034.06,6,Sábado,0,1792,238997.4,0
TXN-003963,110,Depósito,63752.74,3,Miércoles,0,1692,68924.06,0
TXN-000771,5,Transferencia,230775.44,15,Sábado,1,1362,275302.58,0
TXN-002166,138,Retiro,156535.94,16,Domingo,0,503,140887.77,0
TXN-000674,89,Transferencia,156769.36,11,Domingo,1,1557,85182.14,0
TXN-000250,139,Retiro,10872.56,9,Sábado,0,1307,14646.96,0
TXN-001575,80,Transferencia,141283.73,6,Viernes,0,1712,154104.93,0
TXN-003420,123,Depósito,105796.65,13,Jueves,0,1022,128811.82,0
TXN-002082,30,Retiro,67718.61,13,Martes,1,230,61545.87,0
TXN-001824,53,Pago de servicio,43513.17,10,Martes,0,1287,43575.8,0
TXN-000717,57,Pago de servicio,119262.14,16,Jueves,0,1563,100095.82,0
TXN-004669,86,Transferencia,107126.97,21,Jueves,0,367,62305.02,0
TXN-002049,12,Pago de servicio,96303.06,16,Domingo,0,1620,102635.02,0
TXN-004179,96,Transferencia,94771.98,16,Viernes,0,1662,170066.29,0
TXN-002725,61,Retiro,76336.71,13,Miércoles,0,1789,95198.36,0
TXN-004522,96,Transferencia,68208.01,23,Sábado,0,1662,180211.33,0
TXN-001461,106,Retiro,37273.75,15,Martes,0,157,40922.71,0
TXN-001669,110,Retiro,107456.9,2,Domingo,0,1692,63094.59,0
TXN-002757,143,Transferencia,240107.35,16,Miércoles,0,1661,265148.26,0
TXN-002001,61,Depósito,98087.85,14,Viernes,0,1789,98143.81,0
TXN-000405,1,Transferencia,74893.78,15,Domingo,0,1125,124087.04,0
TXN-000385,101,Retiro,70859.55,13,Viernes,1,1090,83090.54,0
TXN-004536,62,Transferencia,127908.92,4,Viernes,0,414,106188.74,0
TXN-002153,136,Transferencia,38016.89,19,Jueves,0,1273,101099.98,0
TXN-001634,71,Transferencia,125110.67,8,Lunes,0,1201,160125.06,0
TXN-004587,12,Transferencia,83715.43,13,Martes,0,1620,90182.38,0
TXN-003926,20,Pago de servicio,112718.61,13,Lunes,0,1530,211284.39,0
TXN-004159,84,Pago de servicio,27207.93,7,Jueves,0,133,129816.42,0
TXN-000224,28,Pago de servicio,162553.25,4,Martes,0,408,169956.79,0
TXN-002194,73,Retiro,82693.11,5,Martes,1,901,64005.49,0
TXN-003137,1,Pago de servicio,221269.46,17,Viernes,0,1125,116229.97,0
TXN-001825,1,Pago de servicio,92750.28,12,Domingo,0,1125,150050.15,0
TXN-004601,114,Transferencia,206211.56,14,Martes,0,567,208147.29,0
TXN-000798,4,Transferencia,124535.83,12,Domingo,1,1426,85832.28,0
TXN-002872,70,Transferencia,54237.85,16,Martes,0,984,60019.99,0
TXN-000010,71,Retiro,132523.83,10,Domingo,0,1201,142628.97,0
TXN-001945,22,Pago de servicio,125725.09,10,Martes,0,1305,116499.92,0
TXN-001839,87,Transferencia,8634.47,18,Sábado,0,1734,16968.55,0
TXN-000256,56,Transferencia,150359.99,5,Lunes,0,1166,131619.18,0
TXN-004509,127,Transferencia,103169.42,7,Viernes,0,1657,104419.37,0
TXN-001582,46,Pago de servicio,106256.77,9,Domingo,1,825,179692.98,0
TXN-002957,50,Depósito,128337.5,18,Domingo,0,662,75566.55,0
TXN-000925,63,Pago de servicio,58905.57,18,Lunes,1,759,78089.21,0
TXN-004430,103,Transferencia,139362.69,9,Jueves,0,729,118463.23,0
TXN-002509,118,Depósito,87307.15,15,Jueves,0,429,98507.78,0
TXN-003776,95,Transferencia,136553.23,6,Domingo,0,1330,102845.72,0
TXN-004137,106,Pago de servicio,23140.46,5,Viernes,1,157,40454.21,0
TXN-002780,96,Retiro,69731.14,17,Martes,0,1662,155710.78,0
TXN-000540,88,Transferencia,80481.49,6,Lunes,0,190,62010.51,0
TXN-002746,109,Transferencia,54144.18,11,Sábado,1,1716,108129.55,0
TXN-004499,100,Pago de servicio,92107.99,17,Miércoles,0,1099,123896.94,0
TXN-004572,68,Pago de servicio,114019.5,10,Jueves,1,1564,244619.72,0
TXN-001146,95,Retiro,1000.0,10,Lunes,0,1330,110170.57,0
TXN-000668,32,Pago de servicio,255674.56,20,Lunes,0,1781,213065.25,0
TXN-003020,65,Transferencia,88120.69,11,Lunes,0,152,66428.34,0
TXN-000358,26,Depósito,22907.68,15,Viernes,0,1210,53883.02,0
TXN-002832,122,Pago de servicio,110250.41,13,Lunes,0,867,120812.97,0
TXN-002784,110,Pago de servicio,63265.23,9,Martes,0,1692,67837.71,0
TXN-001354,29,Retiro,81561.94,12,Miércoles,0,1081,86263.9,0
TXN-000471,118,Depósito,83438.77,19,Miércoles,0,429,87849.98,0
TXN-002704,122,Retiro,114711.81,13,Martes,0,867,118186.82,0
TXN-003331,46,Pago de servicio,125560.41,14,Sábado,0,825,172924.45,0
TXN-003638,136,Transferencia,98419.97,17,Martes,0,1273,118346.69,0
TXN-001397,67,Transferencia,125068.05,10,Martes,0,227,102448.01,0
TXN-003585,139,Pago de servicio,14242.03,3,Jueves,1,1307,14963.25,0
TXN-004487,135,Depósito,65460.73,10,Jueves,0,726,48656.78,0
TXN-003377,24,Pago de servicio,48676.3,11,Martes,0,821,79510.89,0
TXN-001257,21,Retiro,209113.35,12,Jueves,0,1515,166554.02,0
TXN-003513,61,Transferencia,124203.43,15,Lunes,1,1789,93159.33,0
TXN-001251,110,Pago de servicio,84108.25,11,Martes,0,1692,66740.46,0
TXN-004808,42,Transferencia,100800.2,17,Sábado,0,1708,89927.43,0
TXN-004299,146,Transferencia,99109.16,14,Lunes,0,287,147281.5,0
TXN-003285,66,Transferencia,150368.5,7,Jueves,0,796,105766.85,0
TXN-002934,149,Transferencia,44393.15,22,Martes,1,720,45735.84,0
TXN-004176,114,Transferencia,255450.25,13,Miércoles,0,567,226436.76,0
TXN-001853,50,Transferencia,98701.21,17,Viernes,0,662,96205.44,0
TXN-004870,50,Transferencia,59669.82,17,Lunes,0,662,90492.54,0
TXN-002106,58,Transferencia,101084.21,11,Viernes,1,1439,98957.98,0
TXN-000134,35,Transferencia,123297.91,5,Jueves,0,1058,124347.55,0
TXN-000929,93,Pago de servicio,47491.96,9,Miércoles,1,259,66174.6,0
TXN-000824,143,Pago de servicio,324174.44,14,Sábado,0,1661,205879.33,0
TXN-004544,99,Retiro,74305.3,19,Jueves,0,187,55869.81,0
TXN-001532,42,Retiro,136229.33,20,Viernes,0,1708,95536.21,0
TXN-001215,61,Transferencia,74993.03,14,Viernes,0,1789,104211.03,0
TXN-000505,18,Depósito,115161.25,6,Martes,0,1615,105259.06,0
TXN-004286,113,Transferencia,52167.61,23,Viernes,1,1735,55564.79,0
TXN-001997,98,Retiro,687550.23,14,Sábado,0,845,525902.47,0
TXN-003073,40,Transferencia,61363.35,12,Domingo,0,1050,82727.09,0
TXN-001959,129,Transferencia,154262.61,7,Miércoles,0,1694,149040.29,0
TXN-001385,76,Pago de servicio,39574.67,15,Domingo,0,173,41581.7,0
TXN-000895,85,Transferencia,51633.44,19,Jueves,0,943,129944.36,0
TXN-000456,23,Pago de servicio,68863.45,15,Miércoles,0,367,92285.07,0
TXN-004880,76,Transferencia,28054.25,14,Martes,0,173,43769.1,0
TXN-003710,15,Retiro,80012.29,9,Viernes,0,121,70013.19,0
TXN-004619,99,Depósito,58417.6,19,Domingo,0,187,54415.93,0
TXN-004269,136,Pago de servicio,131818.1,17,Miércoles,0,1273,118320.5,0
TXN-003523,88,Transferencia,51462.82,11,Viernes,0,190,54497.04,0
TXN-004135,56,Depósito,188933.07,4,Lunes,0,1166,119260.49,0
TXN-003603,52,Retiro,194654.88,13,Martes,0,1464,105076.18,0
TXN-000714,103,Depósito,174427.99,7,Domingo,0,729,130157.23,0
TXN-004187,112,Retiro,89358.13,5,Domingo,0,1446,90932.99,0
TXN-002215,125,Pago de servicio,223261.8,9,Jueves,0,1403,230533.42,0
TXN-002924,89,Retiro,84959.77,12,Martes,0,1557,97134.23,0
TXN-001811,104,Retiro,107656.77,6,Martes,0,1169,82565.62,0
TXN-003487,149,Transferencia,58630.28,18,Martes,1,720,46632.53,0
TXN-003142,61,Transferencia,99239.08,14,Viernes,1,1789,83984.09,0
TXN-001828,100,Pago de servicio,93510.72,19,Domingo,1,1099,120519.06,0
TXN-001156,36,Pago de servicio,66648.56,15,Jueves,0,532,74501.64,0
TXN-001325,27,Pago de servicio,163561.83,8,Martes,0,448,143641.44,0
TXN-004313,35,Depósito,44496.63,9,Lunes,0,1058,119951.8,0
TXN-000511,110,Transferencia,89211.42,6,Lunes,0,1692,63910.55,0
TXN-001681,41,Transferencia,212463.85,12,Martes,0,260,154231.22,0
TXN-000500,47,Retiro,101071.22,20,Viernes,1,1384,79144.48,0
TXN-004537,79,Depósito,159309.92,15,Lunes,1,1286,121652.91,0
TXN-001857,79,Retiro,110375.96,16,Domingo,0,1286,120598.95,0
TXN-001389,65,Transferencia,58171.58,13,Jueves,0,152,69151.78,0
TXN-003720,15,Depósito,107978.05,7,Viernes,0,121,78572.37,0
TXN-002387,140,Transferencia,29220.36,19,Viernes,0,386,51474.75,0
TXN-003237,37,Pago de servicio,94918.33,12,Domingo,0,236,94303.45,0
TXN-001541,131,Depósito,78046.09,20,Viernes,0,1171,79264.8,0
TXN-001218,45,Pago de servicio,403083.47,4,Domingo,0,1042,130357.88,1
TXN-002682,62,Transferencia,157608.68,5,Lunes,0,414,108743.61,0
TXN-002994,85,Retiro,85892.55,19,Jueves,0,943,134296.43,0
TXN-001192,101,Depósito,117719.43,16,Viernes,0,1090,95394.11,0
TXN-001543,74,Transferencia,253697.15,8,Miércoles,0,502,245909.93,0
TXN-003302,72,Pago de servicio,12851.52,14,Miércoles,0,518,53816.87,0
TXN-003325,115,Transferencia,158968.66,19,Miércoles,0,857,126324.65,0
TXN-002540,19,Transferencia,35307.38,11,Viernes,1,595,49400.86,0
TXN-000954,11,Depósito,114177.74,17,Domingo,0,592,84059.88,0
TXN-004331,67,Transferencia,102788.1,10,Jueves,0,227,100388.68,0
TXN-000733,118,Transferencia,125633.5,20,Lunes,0,429,103540.77,0
TXN-001157,131,Transferencia,81300.68,19,Sábado,0,1171,82291.83,0
TXN-003295,109,Transferencia,116986.9,13,Miércoles,0,1716,96805.39,0
TXN-002983,143,Pago de servicio,168035.87,18,Miércoles,0,1661,263148.21,0
TXN-002157,113,Transferencia,26669.16,19,Domingo,0,1735,53881.2,0
TXN-001063,9,Pago de servicio,54966.03,19,Miércoles,0,1529,86382.01,0
TXN-002617,88,Retiro,44087.78,8,Viernes,0,190,62764.44,0
TXN-001168,98,Pago de servicio,470533.42,14,Lunes,0,845,569174.17,0
TXN-003223,106,Retiro,50756.81,7,Jueves,0,157,36985.99,0
TXN-003637,139,Pago de servicio,18042.2,8,Miércoles,0,1307,14419.14,0
TXN-002939,77,Retiro,76025.08,18,Martes,0,910,97214.14,0
TXN-004492,104,Pago de servicio,82047.62,9,Viernes,0,1169,89439.36,0
TXN-003141,50,Transferencia,88659.96,15,Martes,0,662,81023.81,0
TXN-000144,87,Pago de servicio,20004.32,22,Jueves,0,1734,16880.22,0
TXN-003578,50,Transferencia,108310.38,16,Jueves,0,662,89846.34,0
TXN-002783,26,Transferencia,84894.77,12,Jueves,0,1210,59341.85,0
TXN-000718,6,Pago de servicio,121615.38,9,Lunes,0,373,165112.15,0
TXN-001820,47,Pago de servicio,21035.19,22,Viernes,0,1384,67352.96,0
TXN-002503,78,Transferencia,131327.5,6,Martes,1,926,209491.84,0
TXN-004361,93,Pago de servicio,80325.51,14,Martes,1,259,62298.06,0
TXN-004172,66,Retiro,135003.0,4,Jueves,0,796,112701.7,0
TXN-000396,52,Transferencia,161046.01,15,Domingo,0,1464,130386.52,0
TXN-004837,37,Transferencia,61945.74,11,Martes,1,236,86819.83,0
TXN-004493,67,Transferencia,98268.46,5,Lunes,0,227,97092.54,0
TXN-001366,105,Pago de servicio,65239.19,15,Miércoles,1,1214,56151.9,0
TXN-004559,83,Pago de servicio,57430.92,16,Lunes,0,1473,70031.4,0
TXN-000596,137,Depósito,80869.08,16,Viernes,0,941,115188.5,0
TXN-003953,27,Retiro,82502.12,7,Viernes,0,448,147244.48,0
TXN-002915,12,Transferencia,67366.18,15,Sábado,1,1620,102517.67,0
TXN-002327,65,Depósito,22154.31,16,Lunes,0,152,66775.2,0
TXN-003767,42,Depósito,51125.02,15,Martes,1,1708,110249.76,0
TXN-003441,23,Transferencia,123865.15,20,Miércoles,0,367,95841.47,0
TXN-003852,31,Transferencia,24506.19,15,Martes,0,436,44364.94,0
TXN-004133,68,Transferencia,321533.62,14,Jueves,0,1564,260598.68,0
TXN-004592,73,Pago de servicio,68620.94,8,Miércoles,0,901,59378.81,0
TXN-002144,74,Depósito,200146.14,7,Sábado,0,502,276187.04,0
TXN-001572,48,Transferencia,173557.97,15,Martes,0,1401,139042.47,0
TXN-004080,112,Pago de servicio,86777.98,8,Jueves,0,1446,89648.5,0
TXN-001123,86,Transferencia,64925.95,17,Sábado,0,367,67685.04,0
TXN-002787,145,Retiro,32043.94,16,Jueves,0,365,61730.88,0
TXN-002968,36,Transferencia,52421.92,16,Viernes,0,532,73865.57,0
TXN-002505,6,Transferencia,167383.21,5,Miércoles,0,373,133799.81,0
TXN-003466,106,Pago de servicio,53180.99,12,Miércoles,0,157,42032.04,0
TXN-000676,90,Transferencia,65799.85,14,Martes,0,1188,88100.3,0
TXN-002809,104,Transferencia,61424.76,6,Lunes,0,1169,90344.03,0
TXN-003349,80,Pago de servicio,105535.14,11,Domingo,0,1712,179495.17,0
TXN-000729,111,Pago de servicio,269844.98,5,Viernes,1,1157,208090.24,0
TXN-000413,63,Transferencia,66040.09,16,Domingo,0,759,74270.92,0
TXN-003147,10,Transferencia,63522.97,16,Sábado,0,1005,85136.49,0
TXN-001517,113,Transferencia,44697.32,19,Miércoles,0,1735,61771.24,0
TXN-000826,111,Transferencia,185514.32,7,Miércoles,0,1157,198196.14,0
TXN-003268,73,Pago de servicio,54674.88,9,Viernes,1,901,58411.93,0
TXN-003975,35,Retiro,118248.73,8,Jueves,0,1058,107461.11,0
TXN-000617,109,Depósito,59131.15,8,Martes,1,1716,128694.94,0
TXN-000115,52,Transferencia,79272.95,10,Sábado,0,1464,99672.48,0
TXN-000418,91,Transferencia,60663.98,18,Viernes,0,984,60797.13,0
TXN-003070,50,Transferencia,111827.02,17,Martes,0,662,76902.63,0
TXN-001626,123,Pago de servicio,187271.15,9,Viernes,0,1022,130487.87,0
TXN-004951,118,Depósito,73209.45,20,Jueves,0,429,89511.33,0
TXN-004186,94,Transferencia,49133.15,19,Lunes,0,592,52060.08,0
TXN-002897,41,Depósito,130474.38,12,Martes,0,260,172980.19,0
TXN-004672,83,Depósito,85989.08,11,Martes,0,1473,57480.04,0
TXN-002083,92,Pago de servicio,278857.15,13,Miércoles,0,499,174157.15,0
TXN-000754,112,Transferencia,102870.17,6,Jueves,0,1446,115919.8,0
TXN-002547,17,Pago de servicio,165042.6,9,Sábado,0,235,203552.75,0
TXN-003970,145,Pago de servicio,48111.44,12,Miércoles,0,365,62723.61,0
TXN-003374,96,Pago de servicio,131872.03,20,Miércoles,1,1662,163132.11,0
TXN-004108,91,Transferencia,81505.6,21,Martes,0,984,54793.51,0
TXN-002445,20,Pago de servicio,99670.53,14,Sábado,0,1530,172133.47,0
TXN-004381,123,Transferencia,183505.14,9,Miércoles,0,1022,105345.19,0
TXN-001067,47,Retiro,52362.3,17,Martes,0,1384,74607.89,0
TXN-003914,93,Pago de servicio,76177.76,8,Martes,0,259,51863.43,0
TXN-003499,142,Retiro,47486.45,10,Sábado,0,1233,38052.94,0
TXN-002739,105,Pago de servicio,91856.32,16,Sábado,0,1214,52206.24,0
TXN-004001,145,Retiro,47189.47,12,Miércoles,0,365,61881.13,0
TXN-001569,71,Transferencia,213417.31,12,Miércoles,0,1201,139770.11,0
TXN-002428,45,Depósito,135317.87,22,Sábado,0,1042,129232.62,0
TXN-003747,138,Pago de servicio,185460.45,16,Lunes,0,503,151325.15,0
TXN-004640,110,Pago de servicio,88403.3,5,Domingo,0,1692,55804.2,0
TXN-001688,66,Transferencia,130503.38,7,Domingo,0,796,102109.8,0
TXN-000852,29,Depósito,96095.07,17,Lunes,0,1081,99526.67,0
TXN-003547,23,Transferencia,142904.52,19,Jueves,1,367,101416.54,0
TXN-000896,83,Transferencia,87944.82,13,Lunes,0,1473,72554.16,0
TXN-004593,141,Pago de servicio,271463.7,10,Domingo,0,1153,286962.68,0
TXN-000336,42,Transferencia,102333.56,21,Miércoles,0,1708,105913.7,0
TXN-002840,74,Transferencia,159907.84,7,Jueves,1,502,237479.9,0
TXN-003088,81,Pago de servicio,677477.46,1,Sábado,1,83,128050.56,1
TXN-001349,134,Retiro,35502.37,13,Jueves,0,819,157051.21,0
TXN-001016,136,Pago de servicio,1969363.54,20,Martes,0,1273,103573.42,1
TXN-002817,68,Pago de servicio,275031.21,11,Lunes,0,1564,217238.7,0
TXN-001632,90,Transferencia,69302.25,16,Viernes,1,1188,68459.65,0
TXN-002490,145,Retiro,61415.93,9,Domingo,0,365,52751.77,0
TXN-003731,1,Transferencia,134300.58,15,Sábado,1,1125,126630.33,0
TXN-003252,81,Pago de servicio,145027.89,11,Jueves,0,83,153249.07,0
TXN-004635,149,Transferencia,67876.24,18,Viernes,0,720,48282.84,0
TXN-002071,71,Transferencia,181890.16,8,Miércoles,0,1201,131289.05,0
TXN-004453,144,Transferencia,28525.66,6,Viernes,0,1045,39173.26,0
TXN-004883,90,Transferencia,59075.29,13,Jueves,0,1188,74803.65,0
TXN-001636,119,Transferencia,1080237.28,10,Viernes,1,883,109850.85,1
TXN-002480,74,Transferencia,264550.49,7,Domingo,0,502,220796.91,0
TXN-002266,133,Depósito,99608.51,16,Miércoles,0,733,94397.43,0
TXN-002960,51,Depósito,128961.28,12,Viernes,0,739,121761.51,0
TXN-004732,3,Depósito,96199.58,16,Viernes,0,1512,91300.53,0
TXN-003060,30,Retiro,630393.25,14,Viernes,1,230,63255.43,1
TXN-002142,69,Transferencia,52078.27,21,Domingo,0,689,50778.43,0
TXN-003119,103,Transferencia,132037.61,8,Miércoles,0,729,149926.27,0
TXN-004726,70,Transferencia,61418.21,20,Jueves,1,984,73444.39,0
TXN-004046,93,Transferencia,57371.2,14,Lunes,1,259,55075.03,0
TXN-003357,121,Pago de servicio,116142.84,4,Martes,0,1745,114822.47,0
TXN-002745,91,Pago de servicio,59865.98,18,Lunes,0,984,60031.57,0
TXN-003507,5,Pago de servicio,203677.68,13,Viernes,0,1362,236489.15,0
TXN-001680,18,Retiro,92919.13,8,Jueves,0,1615,134728.09,0
TXN-004250,1,Transferencia,151737.02,11,Sábado,0,1125,141494.11,0
TXN-003148,115,Transferencia,135699.97,18,Domingo,1,857,126827.44,0
TXN-002295,95,Transferencia,204825.4,6,Martes,0,1330,111955.5,0
TXN-000581,58,Pago de servicio,108834.71,13,Miércoles,0,1439,103695.03,0
TXN-001471,88,Transferencia,77413.38,13,Domingo,0,190,63141.95,0
TXN-004071,28,Depósito,234080.16,5,Jueves,0,408,181671.21,0
TXN-003344,34,Retiro,351155.66,7,Viernes,1,1792,246345.91,0
TXN-004584,130,Pago de servicio,120433.7,16,Viernes,0,663,146662.08,0
TXN-003673,39,Transferencia,71096.23,15,Viernes,0,1294,42353.69,0
TXN-000560,98,Retiro,684148.15,18,Miércoles,0,845,450911.58,0
TXN-002850,98,Transferencia,561846.6,19,Martes,1,845,445527.55,0
TXN-000513,95,Retiro,74130.34,10,Viernes,0,1330,117326.13,0
TXN-001082,14,Depósito,108071.51,11,Martes,0,870,129746.69,0
TXN-001665,130,Pago de servicio,128989.51,15,Lunes,0,663,173347.47,0
TXN-001013,19,Pago de servicio,39960.51,8,Domingo,0,595,52086.33,0
TXN-001932,121,Transferencia,58081.16,6,Jueves,0,1745,116540.41,0
TXN-001151,79,Transferencia,108043.79,14,Domingo,0,1286,101117.77,0
TXN-002839,97,Transferencia,83200.17,9,Sábado,0,1049,82546.87,0
TXN-000117,90,Transferencia,115648.71,14,Miércoles,0,1188,76071.96,0
TXN-000741,23,Transferencia,49154.63,18,Jueves,0,367,102918.23,0
TXN-004807,8,Transferencia,157468.71,6,Domingo,0,489,140542.56,0
TXN-003676,76,Depósito,51775.32,14,Sábado,0,173,44788.54,0
TXN-000831,40,Transferencia,55476.17,10,Jueves,0,1050,91775.69,0
TXN-000120,84,Transferencia,141035.73,13,Viernes,0,133,97768.73,0
TXN-004854,80,Depósito,123060.81,3,Martes,0,1712,136187.9,0
TXN-004739,147,Retiro,64438.98,17,Miércoles,0,881,112593.25,0
TXN-000636,47,Transferencia,79840.36,18,Sábado,0,1384,71409.08,0
TXN-004466,58,Pago de servicio,54210.33,11,Viernes,0,1439,98395.32,0
TXN-004365,44,Pago de servicio,136231.7,10,Lunes,0,1139,145774.95,0
TXN-004143,55,Transferencia,51564.02,14,Domingo,0,1286,98841.22,0
TXN-000992,58,Transferencia,93837.92,13,Martes,0,1439,94764.97,0
TXN-000877,16,Transferencia,70874.3,15,Jueves,0,1508,93135.09,0
TXN-000005,102,Pago de servicio,132682.29,14,Domingo,1,1402,150193.84,0
TXN-003052,52,Depósito,154547.68,13,Domingo,0,1464,119429.66,0
TXN-003125,122,Transferencia,114561.93,13,Martes,0,867,99583.46,0
TXN-002661,111,Pago de servicio,220436.45,11,Domingo,0,1157,161685.1,0
TXN-002492,7,Retiro,51057.27,20,Domingo,0,306,69307.06,0
TXN-003855,121,Retiro,175926.01,7,Sábado,0,1745,117578.88,0
TXN-001716,82,Depósito,196074.71,14,Miércoles,0,1726,113348.47,0
TXN-001149,62,Transferencia,77886.02,11,Viernes,0,414,124077.97,0
TXN-003262,86,Pago de servicio,89504.97,19,Lunes,1,367,54897.4,0
TXN-000575,133,Transferencia,45159.51,20,Lunes,0,733,114351.42,0
TXN-003770,117,Pago de servicio,231709.01,9,Jueves,0,541,229084.66,0
TXN-003737,67,Transferencia,139554.12,9,Sábado,0,227,97771.44,0
TXN-004147,34,Transferencia,287373.33,7,Miércoles,1,1792,262106.59,0
TXN-000854,39,Transferencia,22976.25,13,Miércoles,0,1294,45092.66,0
TXN-001983,37,Retiro,83650.16,15,Jueves,1,236,85218.01,0
TXN-002775,56,Transferencia,134995.79,6,Martes,1,1166,117818.12,0
TXN-001167,61,Transferencia,120223.67,11,Martes,0,1789,86440.23,0
TXN-000972,50,Retiro,73905.56,17,Miércoles,0,662,85509.93,0
TXN-002702,23,Pago de servicio,45206.32,17,Martes,0,367,99037.48,0
TXN-004496,39,Pago de servicio,18882.44,8,Domingo,1,1294,46042.25,0
TXN-003848,82,Transferencia,44614.73,16,Miércoles,1,1726,129612.25,0
TXN-002369,106,Transferencia,63748.26,7,Jueves,0,157,43231.06,0
TXN-004116,27,Retiro,168198.81,9,Martes,0,448,129590.86,0
TXN-004132,124,Transferencia,12864.63,12,Viernes,0,1106,34312.04,0
TXN-002951,140,Depósito,72657.28,20,Domingo,0,386,60329.3,0
TXN-000525,77,Transferencia,133967.44,18,Viernes,1,910,97157.02,0
TXN-002456,94,Transferencia,39900.43,18,Martes,0,592,55048.98,0
TXN-001842,133,Transferencia,79323.95,19,Martes,0,733,116328.02,0
TXN-000538,133,Pago de servicio,96707.15,18,Martes,0,733,119253.76,0
TXN-002807,95,Depósito,77796.23,10,Lunes,0,1330,114151.76,0
TXN-004342,32,Pago de servicio,172286.07,18,Lunes,1,1781,199635.1,0
TXN-003176,76,Retiro,44955.33,10,Jueves,1,173,39139.16,0
TXN-000785,84,Pago de servicio,76739.35,11,Viernes,0,133,98191.54,0
TXN-004058,79,Pago de servicio,141862.9,15,Lunes,0,1286,107460.25,0
TXN-001410,31,Transferencia,45257.2,13,Jueves,0,436,40326.87,0
TXN-002538,23,Depósito,86799.19,16,Martes,1,367,105748.34,0
TXN-000155,84,Transferencia,185724.6,12,Miércoles,0,133,128543.3,0
TXN-003010,14,Transferencia,174030.86,11,Lunes,0,870,125795.88,0
TXN-001687,101,Depósito,88654.59,12,Viernes,0,1090,79446.14,0
TXN-002902,150,Retiro,76462.93,18,Domingo,0,1666,109951.89,0
TXN-004950,122,Retiro,82330.37,13,Viernes,0,867,95970.93,0
TXN-003864,48,Transferencia,58460.89,16,Martes,0,1401,126179.02,0
TXN-002734,89,Transferencia,131910.98,9,Jueves,0,1557,108725.88,0
TXN-001896,59,Transferencia,49996.04,11,Lunes,0,1134,70210.23,0
TXN-000570,69,Transferencia,35455.11,21,Miércoles,0,689,51087.26,0
TXN-001817,133,Transferencia,84838.65,18,Martes,0,733,114611.51,0
TXN-002066,131,Transferencia,108144.59,18,Miércoles,0,1171,64063.63,0
TXN-000128,131,Pago de servicio,41907.58,19,Viernes,0,1171,84801.17,0
TXN-003395,134,Transferencia,114785.25,13,Jueves,0,819,125918.46,0
TXN-003328,66,Pago de servicio,138537.12,10,Viernes,0,796,105059.77,0
TXN-004987,108,Transferencia,53170.05,5,Sábado,0,715,31802.64,0
TXN-002976,146,Transferencia,111984.32,13,Martes,0,287,127774.04,0
TXN-000981,6,Retiro,165001.45,7,Lunes,0,373,141140.74,0
TXN-002301,46,Pago de servicio,82258.41,9,Martes,0,825,189837.48,0
TXN-000191,70,Pago de servicio,56818.32,21,Lunes,1,984,75550.12,0
TXN-001140,116,Pago de servicio,158969.17,16,Jueves,0,932,113356.57,0
TXN-000700,52,Transferencia,99515.16,13,Martes,0,1464,103884.87,0
TXN-004781,149,Transferencia,409586.47,17,Jueves,1,720,48214.91,1
TXN-000607,11,Transferencia,80727.22,23,Viernes,0,592,73773.99,0
TXN-004277,36,Pago de servicio,35234.09,16,Lunes,0,532,62060.03,0
TXN-000302,115,Pago de servicio,100156.4,18,Domingo,0,857,132529.12,0
TXN-003421,53,Transferencia,40845.97,10,Lunes,0,1287,39452.85,0
TXN-004821,35,Transferencia,112710.74,7,Miércoles,0,1058,116263.8,0
TXN-001061,110,Depósito,63773.05,8,Viernes,0,1692,69188.64,0
TXN-002566,115,Transferencia,207105.22,19,Viernes,0,857,131811.14,0
TXN-004995,64,Transferencia,60567.67,10,Lunes,0,1469,86576.59,0
TXN-001070,137,Depósito,229094.38,20,Domingo,0,941,112272.55,0
TXN-002525,21,Transferencia,276578.3,12,Martes,0,1515,171448.51,0
TXN-002206,148,Pago de servicio,114691.14,13,Sábado,0,719,72666.36,0
TXN-001244,110,Transferencia,51861.62,5,Lunes,0,1692,56144.48,0
TXN-000017,64,Transferencia,54885.04,12,Jueves,0,1469,87483.68,0
TXN-003121,68,Retiro,190324.02,12,Jueves,0,1564,258447.82,0
TXN-004643,44,Depósito,225357.52,9,Miércoles,0,1139,134355.22,0
TXN-000816,111,Pago de servicio,135422.86,10,Martes,0,1157,187658.43,0
TXN-003068,7,Transferencia,1208426.71,17,Lunes,0,306,78453.34,1
TXN-004785,69,Transferencia,48640.94,21,Martes,0,689,59484.07,0
TXN-000960,97,Transferencia,60971.39,9,Viernes,0,1049,91937.63,0
TXN-000226,7,Transferencia,66603.43,20,Miércoles,0,306,64031.32,0
TXN-003355,86,Pago de servicio,62236.81,20,Jueves,0,367,57683.1,0
TXN-002486,44,Transferencia,217311.99,10,Jueves,0,1139,168603.15,0
TXN-000563,125,Transferencia,200458.32,9,Miércoles,0,1403,181609.92,0
TXN-003437,138,Transferencia,95038.42,14,Sábado,0,503,166049.85,0
TXN-001694,41,Pago de servicio,166797.48,11,Jueves,0,260,174199.07,0
TXN-001046,14,Depósito,60197.23,12,Miércoles,0,870,113701.23,0
TXN-003447,101,Transferencia,27144.59,19,Martes,1,1090,76031.45,0
TXN-004566,27,Transferencia,187713.58,7,Miércoles,0,448,160751.03,0
TXN-000955,85,Depósito,39104.09,20,Sábado,0,943,130061.71,0
TXN-004986,116,Retiro,68564.13,16,Miércoles,1,932,130963.93,0
TXN-002736,146,Pago de servicio,154215.44,15,Viernes,0,287,135404.93,0
TXN-004904,108,Transferencia,45856.98,10,Miércoles,1,715,36050.42,0
TXN-004736,69,Transferencia,43952.95,15,Lunes,0,689,57721.86,0
TXN-004824,120,Transferencia,90096.12,5,Viernes,0,1718,85986.34,0
TXN-001219,116,Retiro,130594.34,20,Jueves,0,932,101462.46,0
TXN-001528,30,Transferencia,77217.33,14,Jueves,0,230,70461.55,0
TXN-003988,104,Depósito,84942.58,3,Jueves,0,1169,85134.39,0
TXN-001301,139,Retiro,13143.75,4,Miércoles,1,1307,13321.43,0
TXN-004892,44,Transferencia,391759.99,1,Miércoles,0,1139,139809.85,1
TXN-000161,22,Pago de servicio,104200.1,15,Viernes,0,1305,119697.14,0
TXN-004068,148,Pago de servicio,79863.67,12,Sábado,0,719,72332.08,0
TXN-000957,56,Transferencia,87304.42,10,Jueves,0,1166,122623.78,0
TXN-003792,65,Pago de servicio,20414.83,14,Domingo,1,152,58823.56,0
TXN-003235,116,Pago de servicio,40394.13,14,Jueves,0,932,122244.18,0
TXN-002870,35,Transferencia,184649.95,5,Jueves,1,1058,108452.25,0
TXN-003778,146,Transferencia,91441.01,11,Viernes,0,287,138545.74,0
TXN-004434,63,Retiro,51801.75,19,Lunes,1,759,63290.87,0
TXN-002962,129,Depósito,208593.31,8,Sábado,0,1694,128335.01,0
TXN-002201,40,Pago de servicio,59004.48,8,Martes,0,1050,71199.95,0
TXN-000099,38,Depósito,181666.47,15,Sábado,0,1607,252614.77,0
TXN-002558,21,Transferencia,187083.28,16,Lunes,1,1515,145340.98,0
TXN-003184,80,Transferencia,122412.75,11,Viernes,0,1712,163628.17,0
TXN-000254,137,Retiro,48540.9,18,Martes,0,941,137506.4,0
TXN-003924,56,Pago de servicio,1342016.48,7,Martes,0,1166,110416.17,1
TXN-004200,98,Depósito,86689.81,19,Sábado,0,845,552251.56,0
TXN-001446,1,Pago de servicio,135529.1,18,Viernes,0,1125,119632.67,0
TXN-001649,19,Transferencia,38065.63,11,Lunes,1,595,50120.58,0
TXN-004683,105,Pago de servicio,68421.08,11,Viernes,0,1214,50536.39,0
TXN-004724,28,Transferencia,169760.84,6,Miércoles,0,408,153766.6,0
TXN-003992,26,Transferencia,1201565.57,17,Sábado,0,1210,66669.88,1
TXN-001697,53,Transferencia,39379.35,6,Lunes,0,1287,42597.37,0
TXN-003192,95,Pago de servicio,138084.3,6,Jueves,0,1330,111439.74,0
TXN-004500,47,Pago de servicio,91810.18,19,Sábado,0,1384,63503.3,0
TXN-001155,19,Pago de servicio,25669.93,12,Sábado,0,595,42334.72,0
TXN-002256,55,Transferencia,84944.17,16,Martes,0,1286,80337.62,0
TXN-001683,99,Transferencia,86640.5,19,Jueves,0,187,52247.19,0
TXN-003171,58,Transferencia,98067.32,8,Sábado,0,1439,110351.58,0
TXN-002057,105,Retiro,21103.7,13,Martes,0,1214,60341.77,0
TXN-004091,16,Pago de servicio,93044.82,19,Lunes,0,1508,83260.37,0
TXN-003109,51,Pago de servicio,153685.79,11,Martes,0,739,134600.3,0
TXN-004549,93,Transferencia,50345.96,11,Lunes,0,259,57004.9,0
TXN-003724,75,Retiro,110539.94,17,Miércoles,0,1664,115966.35,0
TXN-002050,6,Transferencia,239656.32,5,Domingo,0,373,170471.48,0
TXN-003644,76,Transferencia,55228.75,11,Lunes,0,173,44699.91,0
TXN-004928,57,Pago de servicio,47426.7,18,Miércoles,0,1563,92124.79,0
TXN-000624,32,Retiro,2900174.61,22,Martes,1,1781,162524.48,1
TXN-000263,22,Transferencia,82418.24,14,Lunes,0,1305,107550.3,0
TXN-003370,16,Transferencia,108953.23,18,Lunes,0,1508,76496.95,0
TXN-004062,1,Pago de servicio,100086.18,20,Lunes,0,1125,118539.05,0
TXN-001803,10,Retiro,55287.68,16,Sábado,0,1005,85698.2,0
TXN-004737,38,Pago de servicio,332341.63,18,Viernes,0,1607,245707.87,0
TXN-004993,50,Transferencia,49708.29,13,Miércoles,0,662,81079.33,0
TXN-002386,67,Pago de servicio,69201.59,13,Miércoles,0,227,88801.99,0
TXN-001960,57,Retiro,110164.04,18,Lunes,0,1563,99207.54,0
TXN-002977,104,Pago de servicio,73099.5,4,Miércoles,0,1169,97864.92,0
TXN-000489,112,Transferencia,116782.63,8,Lunes,1,1446,104053.72,0
TXN-001844,54,Pago de servicio,61140.77,17,Viernes,0,693,74350.67,0
TXN-001735,88,Pago de servicio,76364.85,7,Sábado,0,190,59178.97,0
TXN-002912,55,Depósito,94565.2,13,Martes,1,1286,81621.24,0
TXN-003220,12,Pago de servicio,107508.65,20,Jueves,0,1620,80857.92,0
TXN-000147,75,Transferencia,136443.19,15,Jueves,0,1664,115621.02,0
TXN-001987,119,Retiro,93131.57,11,Lunes,0,883,103822.72,0
TXN-001370,105,Pago de servicio,464768.3,15,Lunes,1,1214,57074.19,1
TXN-002812,55,Transferencia,94178.52,16,Lunes,0,1286,89522.3,0
TXN-000660,35,Transferencia,79537.18,4,Miércoles,0,1058,109443.98,0
TXN-001795,34,Transferencia,241927.83,8,Miércoles,1,1792,254563.12,0
TXN-002512,19,Pago de servicio,65804.33,11,Martes,0,595,42466.27,0
TXN-003398,75,Transferencia,88688.47,16,Miércoles,1,1664,120148.72,0
TXN-004283,79,Transferencia,141663.42,14,Miércoles,0,1286,126585.13,0
TXN-001148,98,Pago de servicio,926984.51,20,Lunes,0,845,530054.53,0
TXN-003273,37,Pago de servicio,121857.96,13,Miércoles,0,236,98589.5,0
TXN-000609,36,Transferencia,60966.76,12,Lunes,0,532,73357.71,0
TXN-003583,29,Pago de servicio,75820.02,18,Jueves,0,1081,74264.77,0
TXN-001931,94,Depósito,78529.07,18,Domingo,0,592,54844.77,0
TXN-000198,56,Pago de servicio,110945.72,8,Martes,0,1166,128817.12,0
TXN-002932,66,Transferencia,98516.94,3,Lunes,0,796,120940.63,0
TXN-002328,33,Transferencia,137751.12,11,Miércoles,0,1600,184101.67,0
TXN-004390,55,Transferencia,85115.77,13,Domingo,1,1286,76814.84,0
TXN-000767,19,Pago de servicio,34835.15,12,Jueves,0,595,50064.16,0
TXN-004497,12,Transferencia,116508.86,18,Miércoles,0,1620,82728.7,0
TXN-004219,96,Transferencia,272944.51,20,Miércoles,0,1662,153766.46,0
TXN-003256,123,Transferencia,108238.55,8,Jueves,0,1022,134730.83,0
TXN-000203,35,Pago de servicio,75027.45,6,Lunes,0,1058,136768.5,0
TXN-003511,30,Transferencia,97061.26,12,Jueves,0,230,76031.03,0
TXN-001734,53,Retiro,767119.09,7,Jueves,0,1287,39774.52,1
TXN-002778,8,Transferencia,147851.4,9,Viernes,0,489,146107.2,0
TXN-001708,71,Depósito,169731.25,8,Miércoles,0,1201,169569.55,0
TXN-003475,1,Transferencia,120069.17,19,Lunes,0,1125,151741.1,0
TXN-000855,41,Depósito,160231.96,14,Sábado,1,260,150895.51,0
TXN-004738,150,Pago de servicio,101883.32,17,Miércoles,0,1666,113333.23,0
TXN-004098,46,Transferencia,141183.66,7,Miércoles,0,825,173579.1,0
TXN-002161,94,Transferencia,81613.86,20,Martes,0,592,66955.78,0
TXN-000699,93,Transferencia,65141.52,14,Jueves,0,259,58159.31,0
TXN-004948,117,Transferencia,246611.3,6,Miércoles,0,541,249816.87,0
TXN-003000,40,Pago de servicio,86543.63,8,Martes,0,1050,90312.37,0
TXN-003697,76,Transferencia,49369.4,12,Jueves,0,173,46886.19,0
TXN-001637,99,Pago de servicio,68999.83,15,Lunes,0,187,44848.76,0
TXN-003458,33,Retiro,163520.19,11,Domingo,0,1600,176667.28,0
TXN-003582,96,Pago de servicio,156584.66,23,Lunes,0,1662,145958.59,0
TXN-001292,119,Transferencia,57934.21,13,Jueves,0,883,112232.21,0
TXN-004660,52,Depósito,68923.22,14,Martes,1,1464,132758.33,0
TXN-001854,15,Transferencia,46967.23,10,Viernes,0,121,70373.34,0
TXN-003764,5,Depósito,222570.21,10,Martes,0,1362,250104.09,0
TXN-003305,51,Transferencia,75990.72,13,Martes,0,739,119281.05,0
TXN-004913,129,Retiro,133611.33,10,Miércoles,0,1694,116546.83,0
TXN-003744,111,Transferencia,1524542.37,5,Domingo,1,1157,187752.61,1
TXN-003446,123,Pago de servicio,601197.98,10,Domingo,1,1022,108823.55,1
TXN-001999,7,Transferencia,127934.62,19,Viernes,1,306,70299.2,0
TXN-000664,24,Transferencia,115450.79,12,Lunes,0,821,84791.95,0
TXN-004780,21,Pago de servicio,213636.22,11,Miércoles,0,1515,151134.72,0
TXN-003749,18,Retiro,100758.7,7,Viernes,0,1615,121984.3,0
TXN-004414,68,Pago de servicio,215950.02,11,Martes,0,1564,203185.21,0
TXN-004745,135,Transferencia,47576.22,13,Martes,0,726,48865.61,0
TXN-000710,60,Pago de servicio,125103.97,16,Miércoles,1,142,126952.36,0
TXN-001283,85,Transferencia,149432.91,18,Lunes,0,943,120892.05,0
TXN-002676,66,Pago de servicio,148694.97,8,Domingo,1,796,125532.18,0
TXN-004030,39,Transferencia,62529.84,15,Jueves,0,1294,41030.35,0
TXN-001307,52,Depósito,154743.31,10,Miércoles,0,1464,128193.33,0
TXN-002238,110,Pago de servicio,55565.64,8,Domingo,0,1692,55781.48,0
TXN-003303,129,Pago de servicio,119999.69,10,Miércoles,0,1694,125378.71,0
TXN-002039,46,Pago de servicio,244084.36,10,Jueves,0,825,188271.3,0
TXN-001530,137,Pago de servicio,73361.41,16,Lunes,1,941,115334.53,0
TXN-001664,76,Transferencia,62004.99,11,Domingo,1,173,45930.17,0
TXN-004935,19,Transferencia,58160.14,12,Lunes,0,595,44785.42,0
TXN-004954,103,Retiro,117415.01,9,Lunes,0,729,114591.71,0
TXN-003628,21,Pago de servicio,163439.05,8,Viernes,1,1515,176237.72,0
TXN-002694,80,Pago de servicio,168038.83,9,Domingo,0,1712,163654.78,0
TXN-003061,27,Pago de servicio,14529.78,7,Jueves,1,448,153089.49,0
TXN-001598,73,Pago de servicio,43565.29,10,Lunes,0,901,56039.29,0
TXN-002730,19,Pago de servicio,53571.99,11,Sábado,0,595,52970.02,0
TXN-002626,58,Transferencia,2718.41,14,Domingo,1,1439,107523.33,0
TXN-003158,73,Pago de servicio,71155.66,8,Jueves,0,901,48623.28,0
TXN-003315,81,Depósito,87330.72,13,Jueves,1,83,130743.78,0
TXN-001723,43,Transferencia,64795.98,15,Sábado,0,1752,55177.75,0
TXN-001060,129,Retiro,208396.18,9,Sábado,0,1694,145374.28,0
TXN-004637,104,Transferencia,72606.12,7,Viernes,0,1169,85472.27,0
TXN-003243,71,Retiro,143315.79,8,Miércoles,0,1201,157243.94,0
TXN-001679,67,Pago de servicio,86545.48,9,Domingo,0,227,91161.43,0
TXN-001758,94,Retiro,58602.84,16,Domingo,0,592,60291.03,0
TXN-004192,44,Pago de servicio,174999.03,8,Martes,0,1139,139792.66,0
TXN-000564,105,Pago de servicio,53382.23,13,Miércoles,0,1214,52187.75,0
TXN-002791,108,Depósito,53531.29,7,Miércoles,0,715,34991.97,0
TXN-000864,63,Pago de servicio,56209.75,17,Lunes,0,759,71747.78,0
TXN-001485,122,Transferencia,549370.52,1,Martes,1,867,107805.08,1
TXN-000207,60,Transferencia,128834.82,17,Domingo,0,142,122813.39,0
TXN-004489,88,Pago de servicio,79607.82,10,Sábado,1,190,58684.23,0
TXN-000871,28,Pago de servicio,190830.52,7,Viernes,0,408,189897.9,0
TXN-004494,117,Pago de servicio,184237.53,8,Lunes,0,541,215641.27,0
TXN-000503,68,Pago de servicio,125585.04,11,Jueves,0,1564,227453.5,0
TXN-001029,98,Transferencia,525637.95,19,Miércoles,0,845,447760.84,0
TXN-003841,119,Retiro,79099.18,14,Viernes,0,883,98377.34,0
TXN-002691,129,Retiro,130886.03,10,Viernes,1,1694,127732.94,0
TXN-001571,30,Transferencia,78575.76,13,Miércoles,0,230,65785.74,0
TXN-002774,124,Transferencia,28345.71,14,Jueves,0,1106,32744.6,0
TXN-002732,57,Depósito,61728.51,19,Lunes,0,1563,100738.58,0
TXN-000805,117,Pago de servicio,177806.91,7,Lunes,0,541,223859.2,0
TXN-003646,88,Pago de servicio,8273.96,10,Domingo,0,190,62022.79,0
TXN-002455,73,Transferencia,63539.89,7,Miércoles,1,901,52901.27,0
TXN-004599,79,Transferencia,183256.65,12,Miércoles,0,1286,113393.59,0
TXN-003105,102,Retiro,141145.98,17,Martes,0,1402,136868.93,0
TXN-004876,76,Pago de servicio,54088.22,14,Viernes,0,173,44687.58,0
TXN-000201,142,Retiro,31083.66,7,Lunes,0,1233,42785.33,0
TXN-003100,4,Transferencia,90155.1,10,Miércoles,0,1426,90455.03,0
TXN-002279,90,Transferencia,97165.28,15,Viernes,1,1188,68861.73,0
TXN-003562,96,Transferencia,108842.04,21,Domingo,0,1662,155260.77,0
TXN-004475,144,Depósito,38715.69,8,Lunes,0,1045,45768.6,0
TXN-004515,2,Depósito,124421.39,18,Jueves,0,1074,90685.69,0
TXN-000392,64,Transferencia,79365.92,13,Viernes,0,1469,85394.43,0
TXN-001496,51,Transferencia,94312.5,10,Viernes,0,739,132419.13,0
TXN-002696,130,Retiro,113511.15,19,Miércoles,0,663,181597.52,0
TXN-002028,31,Transferencia,18015.38,13,Viernes,0,436,39620.16,0
TXN-002569,95,Transferencia,145566.55,9,Lunes,0,1330,99375.2,0
TXN-000065,34,Pago de servicio,295678.61,6,Jueves,0,1792,261980.08,0
TXN-003885,132,Depósito,48989.0,14,Martes,0,517,76202.38,0
TXN-002063,30,Transferencia,60633.59,11,Jueves,1,230,63626.46,0
TXN-000493,147,Depósito,115766.89,15,Viernes,0,881,91101.16,0
TXN-000380,86,Retiro,93721.49,17,Viernes,0,367,62624.33,0
TXN-004860,119,Depósito,159784.78,11,Martes,0,883,94862.67,0
TXN-003994,74,Pago de servicio,267241.95,9,Domingo,0,502,276318.41,0
TXN-004888,116,Transferencia,101260.81,16,Viernes,1,932,121500.32,0
TXN-001077,125,Pago de servicio,119693.46,12,Miércoles,0,1403,229694.53,0
TXN-000879,115,Pago de servicio,63005.93,17,Viernes,0,857,119688.91,0
TXN-000338,96,Retiro,202554.63,18,Domingo,0,1662,160890.64,0
TXN-001017,4,Depósito,19062.46,12,Viernes,1,1426,88454.47,0
TXN-001276,52,Transferencia,40208.65,15,Lunes,1,1464,117016.94,0
TXN-003799,113,Pago de servicio,56501.96,18,Martes,0,1735,62903.57,0
TXN-004552,31,Transferencia,32970.0,12,Lunes,0,436,37267.02,0
TXN-003343,140,Pago de servicio,83326.03,19,Martes,0,386,47842.44,0
TXN-004912,149,Transferencia,54111.74,20,Sábado,0,720,52859.71,0
TXN-000996,35,Transferencia,115108.5,8,Sábado,0,1058,114363.65,0
TXN-001982,37,Pago de servicio,82464.14,17,Martes,0,236,96921.49,0
TXN-004298,144,Pago de servicio,49875.88,7,Domingo,0,1045,42356.95,0
TXN-000162,148,Retiro,95665.94,12,Miércoles,0,719,83294.72,0
TXN-004799,66,Transferencia,93932.94,8,Lunes,0,796,99993.27,0
TXN-001501,110,Pago de servicio,74505.99,9,Martes,0,1692,64950.82,0
TXN-003844,122,Pago de servicio,61765.43,20,Lunes,0,867,106481.32,0
TXN-002614,106,Transferencia,37852.76,9,Jueves,0,157,43063.45,0
TXN-003462,61,Transferencia,46152.4,13,Lunes,0,1789,94900.66,0
TXN-001022,42,Retiro,1957.45,20,Viernes,0,1708,94110.69,0
TXN-003074,54,Transferencia,95288.13,21,Lunes,0,693,71236.82,0
TXN-003944,50,Depósito,95863.1,17,Domingo,0,662,82212.53,0
TXN-001586,114,Pago de servicio,192535.31,12,Miércoles,0,567,243093.5,0
TXN-001956,123,Transferencia,118711.71,13,Miércoles,0,1022,114303.33,0
TXN-003153,7,Pago de servicio,105226.47,19,Viernes,0,306,72298.53,0
TXN-000035,114,Transferencia,270509.27,11,Domingo,0,567,227311.33,0
TXN-004015,126,Retiro,52944.97,10,Viernes,0,852,83395.74,0
TXN-000776,57,Pago de servicio,108973.19,19,Martes,0,1563,95541.94,0
TXN-002557,137,Depósito,163201.89,16,Miércoles,0,941,123408.37,0
TXN-001479,115,Transferencia,173595.91,17,Jueves,0,857,101521.56,0
TXN-001364,137,Transferencia,117615.77,20,Lunes,0,941,114739.23,0
TXN-002613,115,Transferencia,131414.56,19,Miércoles,0,857,121988.84,0
TXN-002825,47,Depósito,47359.62,18,Sábado,0,1384,63016.99,0
TXN-002042,136,Transferencia,116387.04,17,Viernes,0,1273,121698.32,0
TXN-000242,133,Pago de servicio,113110.38,16,Jueves,0,733,103240.28,0
TXN-002062,43,Transferencia,63921.24,10,Domingo,0,1752,67011.64,0
TXN-002364,143,Transferencia,163259.39,14,Lunes,0,1661,245504.62,0
TXN-000601,54,Transferencia,124204.62,18,Miércoles,1,693,67118.12,0
TXN-002436,26,Transferencia,51254.67,13,Miércoles,0,1210,54386.08,0
TXN-002889,101,Pago de servicio,128466.14,14,Lunes,0,1090,92615.72,0
TXN-000647,6,Pago de servicio,24144.09,7,Martes,0,373,147134.97,0
TXN-003891,128,Transferencia,55289.29,13,Martes,0,1399,80413.27,0
TXN-003557,113,Transferencia,56132.46,17,Jueves,0,1735,55155.72,0
TXN-003203,36,Transferencia,71181.67,18,Martes,0,532,70762.18,0
TXN-001529,47,Depósito,115647.5,19,Viernes,0,1384,66514.91,0
TXN-001268,47,Pago de servicio,44168.14,19,Lunes,0,1384,74119.95,0
TXN-001900,104,Depósito,84494.98,9,Martes,1,1169,87028.95,0
TXN-004659,70,Pago de servicio,64329.43,16,Viernes,0,984,75762.75,0
TXN-003006,133,Depósito,95108.1,19,Martes,0,733,122049.26,0
TXN-002735,58,Pago de servicio,135320.07,15,Miércoles,1,1439,94343.95,0
TXN-000190,101,Transferencia,649741.33,16,Sábado,1,1090,91562.34,1
TXN-001807,112,Pago de servicio,102076.43,10,Lunes,0,1446,110790.4,0
TXN-000976,74,Transferencia,135942.11,5,Miércoles,0,502,246570.93,0
TXN-002748,36,Retiro,56953.04,18,Martes,0,532,66745.48,0
TXN-002048,52,Pago de servicio,139076.88,12,Miércoles,0,1464,110719.6,0
TXN-002559,46,Pago de servicio,237725.39,11,Martes,0,825,165615.46,0
TXN-001083,94,Pago de servicio,87270.6,20,Martes,0,592,57762.63,0
TXN-000475,147,Pago de servicio,160674.71,16,Lunes,0,881,113504.13,0
TXN-002905,103,Transferencia,170120.41,9,Martes,0,729,141484.03,0
TXN-004844,122,Depósito,84422.3,14,Miércoles,0,867,103109.59,0
TXN-004118,1,Transferencia,146697.73,18,Lunes,0,1125,117478.36,0
TXN-003386,23,Transferencia,135401.3,15,Sábado,1,367,105455.51,0
TXN-004556,121,Transferencia,83006.08,7,Lunes,0,1745,93577.03,0
TXN-001185,41,Transferencia,269073.22,12,Lunes,0,260,154427.53,0
TXN-002434,112,Depósito,100872.07,6,Sábado,0,1446,89160.68,0
TXN-002392,90,Transferencia,73426.08,10,Martes,0,1188,84810.1,0
TXN-000770,110,Pago de servicio,76539.53,8,Martes,0,1692,52913.44,0
TXN-001686,5,Retiro,219784.64,10,Miércoles,0,1362,285375.03,0
TXN-000131,42,Pago de servicio,148686.06,16,Domingo,0,1708,94359.7,0
TXN-002920,114,Transferencia,157175.35,13,Viernes,0,567,197987.9,0
TXN-003172,135,Pago de servicio,60284.73,13,Sábado,0,726,42355.11,0
TXN-003445,108,Pago de servicio,28412.45,6,Martes,0,715,41729.56,0
TXN-004427,116,Transferencia,70573.15,17,Miércoles,0,932,113213.88,0
TXN-000467,61,Retiro,56354.57,14,Miércoles,0,1789,95921.21,0
TXN-003093,134,Pago de servicio,143052.66,12,Domingo,0,819,153119.74,0
TXN-003773,50,Transferencia,85555.02,14,Viernes,0,662,75542.26,0
TXN-000861,96,Retiro,145521.39,20,Domingo,0,1662,141627.34,0
